-- phpMyAdmin SQL Dump
-- version 5.2.1
-- https://www.phpmyadmin.net/
--
-- Host: 127.0.0.1
-- Waktu pembuatan: 13 Bulan Mei 2026 pada 23.37
-- Versi server: 10.4.32-MariaDB
-- Versi PHP: 8.2.12

SET SQL_MODE = "NO_AUTO_VALUE_ON_ZERO";
START TRANSACTION;
SET time_zone = "+00:00";


/*!40101 SET @OLD_CHARACTER_SET_CLIENT=@@CHARACTER_SET_CLIENT */;
/*!40101 SET @OLD_CHARACTER_SET_RESULTS=@@CHARACTER_SET_RESULTS */;
/*!40101 SET @OLD_COLLATION_CONNECTION=@@COLLATION_CONNECTION */;
/*!40101 SET NAMES utf8mb4 */;

--
-- Database: `crembo_db_new`
--

-- --------------------------------------------------------

--
-- Struktur dari tabel `agendas`
--

CREATE TABLE `agendas` (
  `id` varchar(100) NOT NULL,
  `title` varchar(255) NOT NULL,
  `description` longtext DEFAULT NULL,
  `start_date` date NOT NULL,
  `start_time` time NOT NULL,
  `end_date` date DEFAULT NULL,
  `end_time` time DEFAULT NULL,
  `location` varchar(255) DEFAULT NULL,
  `registration_link` varchar(500) DEFAULT NULL,
  `image_url` text DEFAULT NULL,
  `image_name` varchar(255) DEFAULT NULL,
  `attachments` longtext DEFAULT NULL,
  `status` varchar(20) NOT NULL DEFAULT 'active',
  `order_index` int(11) NOT NULL DEFAULT 0,
  `created_at` datetime NOT NULL DEFAULT current_timestamp(),
  `updated_at` datetime NOT NULL DEFAULT current_timestamp() ON UPDATE current_timestamp()
) ENGINE=InnoDB DEFAULT CHARSET=utf8mb4 COLLATE=utf8mb4_general_ci;

--
-- Dumping data untuk tabel `agendas`
--

INSERT INTO `agendas` (`id`, `title`, `description`, `start_date`, `start_time`, `end_date`, `end_time`, `location`, `registration_link`, `image_url`, `image_name`, `attachments`, `status`, `order_index`, `created_at`, `updated_at`) VALUES
('agenda-1777714981319', 'Tes aGENDA dESKRIPSI', '<p style=\"border-width: 0px; border-style: solid; border-color: rgb(238, 238, 238); --tw-border-spacing-x: 0; --tw-border-spacing-y: 0; --tw-translate-x: 0; --tw-translate-y: 0; --tw-rotate: 0; --tw-skew-x: 0; --tw-skew-y: 0; --tw-scale-x: 1; --tw-scale-y: 1; --tw-pan-x: ; --tw-pan-y: ; --tw-pinch-zoom: ; --tw-scroll-snap-strictness: proximity; --tw-gradient-from-position: ; --tw-gradient-via-position: ; --tw-gradient-to-position: ; --tw-ordinal: ; --tw-slashed-zero: ; --tw-numeric-figure: ; --tw-numeric-spacing: ; --tw-numeric-fraction: ; --tw-ring-inset: ; --tw-ring-offset-width: 0px; --tw-ring-offset-color: #fff; --tw-ring-color: rgb(33 150 243 / .5); --tw-ring-offset-shadow: 0 0 #0000; --tw-ring-shadow: 0 0 #0000; --tw-shadow: 0 0 #0000; --tw-shadow-colored: 0 0 #0000; --tw-blur: ; --tw-brightness: ; --tw-contrast: ; --tw-grayscale: ; --tw-hue-rotate: ; --tw-invert: ; --tw-saturate: ; --tw-sepia: ; --tw-drop-shadow: ; --tw-backdrop-blur: ; --tw-backdrop-brightness: ; --tw-backdrop-contrast: ; --tw-backdrop-grayscale: ; --tw-backdrop-hue-rotate: ; --tw-backdrop-invert: ; --tw-backdrop-opacity: ; --tw-backdrop-saturate: ; --tw-backdrop-sepia: ; margin: 0px 0px 1rem; color: rgb(0, 0, 0); font-family: Poppins, Poppins; font-size: medium;\"><span style=\"border-width: 0px; border-style: solid; border-color: rgb(238, 238, 238); --tw-border-spacing-x: 0; --tw-border-spacing-y: 0; --tw-translate-x: 0; --tw-translate-y: 0; --tw-rotate: 0; --tw-skew-x: 0; --tw-skew-y: 0; --tw-scale-x: 1; --tw-scale-y: 1; --tw-pan-x: ; --tw-pan-y: ; --tw-pinch-zoom: ; --tw-scroll-snap-strictness: proximity; --tw-gradient-from-position: ; --tw-gradient-via-position: ; --tw-gradient-to-position: ; --tw-ordinal: ; --tw-slashed-zero: ; --tw-numeric-figure: ; --tw-numeric-spacing: ; --tw-numeric-fraction: ; --tw-ring-inset: ; --tw-ring-offset-width: 0px; --tw-ring-offset-color: #fff; --tw-ring-color: rgb(33 150 243 / .5); --tw-ring-offset-shadow: 0 0 #0000; --tw-ring-shadow: 0 0 #0000; --tw-shadow: 0 0 #0000; --tw-shadow-colored: 0 0 #0000; --tw-blur: ; --tw-brightness: ; --tw-contrast: ; --tw-grayscale: ; --tw-hue-rotate: ; --tw-invert: ; --tw-saturate: ; --tw-sepia: ; --tw-drop-shadow: ; --tw-backdrop-blur: ; --tw-backdrop-brightness: ; --tw-backdrop-contrast: ; --tw-backdrop-grayscale: ; --tw-backdrop-hue-rotate: ; --tw-backdrop-invert: ; --tw-backdrop-opacity: ; --tw-backdrop-saturate: ; --tw-backdrop-sepia: ;\">Departemen Informatika Fakultas Teknologi Industri (FTI) Universitas Atma Jaya Yogyakarta (UAJY) bekerja sama dengan BlockDevID menyelenggarakan Seminar dan Workshop Blockchain &amp; Web3 Development yang bertempat di Ruang Auditorium Kampus III Gedung St. Bonaventura, pada Senin (9/2/2026). Kegiatan ini bertujuan untuk memperkenalkan teknologi blockchain dan Web3 kepada sivitas akademika serta masyarakat umum melalui pemaparan materi dan bimbingan teknis secara langsung oleh praktisi industri. Seminar dan workshop ini diikuti oleh peserta yang berasal dari lingkungan UAJY maupun luar UAJY. Selain itu, kegiatan ini juga dihadiri oleh peserta dari komunitas tuli dan dengar Daerah Istimewa Yogyakarta sebagai wujud komitmen terhadap inklusivitas dalam pengembangan teknologi. Seminar dan workshop ini mengusung tema “From Zero to Builder - Empowering Local Talents in a Decentralized Future” dan terdiri atas tiga sesi utama. Sesi pertama disampaikan oleh Dennis selaku Head of Community BlockDevID dengan materi Blockchain 101 &amp; Career Opportunity yang membahas pengenalan dasar teknologi blockchain serta peluang karir di bidang Web3. Sesi kedua dibawakan oleh Yanzero, Founder DevWeb3 Jogja, dengan topik How Web3 Products Are Actually Built yang mengulas proses pengembangan produk Web3 secara nyata. Sesi ketiga berupa coding workshop yang dipandu oleh Alex dari DevRel Base Indonesia, yang memberikan pendampingan teknis kepada peserta melalui praktik langsung pengembangan aplikasi berbasis Web3.</span></p><figure style=\"border-width: 0px; border-style: solid; border-color: rgb(238, 238, 238); --tw-border-spacing-x: 0; --tw-border-spacing-y: 0; --tw-translate-x: 0; --tw-translate-y: 0; --tw-rotate: 0; --tw-skew-x: 0; --tw-skew-y: 0; --tw-scale-x: 1; --tw-scale-y: 1; --tw-pan-x: ; --tw-pan-y: ; --tw-pinch-zoom: ; --tw-scroll-snap-strictness: proximity; --tw-gradient-from-position: ; --tw-gradient-via-position: ; --tw-gradient-to-position: ; --tw-ordinal: ; --tw-slashed-zero: ; --tw-numeric-figure: ; --tw-numeric-spacing: ; --tw-numeric-fraction: ; --tw-ring-inset: ; --tw-ring-offset-width: 0px; --tw-ring-offset-color: #fff; --tw-ring-color: rgb(33 150 243 / .5); --tw-ring-offset-shadow: 0 0 #0000; --tw-ring-shadow: 0 0 #0000; --tw-shadow: 0 0 #0000; --tw-shadow-colored: 0 0 #0000; --tw-blur: ; --tw-brightness: ; --tw-contrast: ; --tw-grayscale: ; --tw-hue-rotate: ; --tw-invert: ; --tw-saturate: ; --tw-sepia: ; --tw-drop-shadow: ; --tw-backdrop-blur: ; --tw-backdrop-brightness: ; --tw-backdrop-contrast: ; --tw-backdrop-grayscale: ; --tw-backdrop-hue-rotate: ; --tw-backdrop-invert: ; --tw-backdrop-opacity: ; --tw-backdrop-saturate: ; --tw-backdrop-sepia: ; margin: 1rem auto; text-align: center; width: 1152px; color: rgb(0, 0, 0); font-family: Poppins, Poppins; font-size: medium;\"><img src=\"https://inf.uajy.ac.id/be/uploads/716c2bc4-9559-44c6-9418-2c7c45ec7c9e?r=1774503605000\" alt=\"\" width=\"512\" style=\"border-width: 0px; border-style: solid; border-color: rgb(238, 238, 238); --tw-border-spacing-x: 0; --tw-border-spacing-y: 0; --tw-translate-x: 0; --tw-translate-y: 0; --tw-rotate: 0; --tw-skew-x: 0; --tw-skew-y: 0; --tw-scale-x: 1; --tw-scale-y: 1; --tw-pan-x: ; --tw-pan-y: ; --tw-pinch-zoom: ; --tw-scroll-snap-strictness: proximity; --tw-gradient-from-position: ; --tw-gradient-via-position: ; --tw-gradient-to-position: ; --tw-ordinal: ; --tw-slashed-zero: ; --tw-numeric-figure: ; --tw-numeric-spacing: ; --tw-numeric-fraction: ; --tw-ring-inset: ; --tw-ring-offset-width: 0px; --tw-ring-offset-color: #fff; --tw-ring-color: rgb(33 150 243 / .5); --tw-ring-offset-shadow: 0 0 #0000; --tw-ring-shadow: 0 0 #0000; --tw-shadow: 0 0 #0000; --tw-shadow-colored: 0 0 #0000; --tw-blur: ; --tw-brightness: ; --tw-contrast: ; --tw-grayscale: ; --tw-hue-rotate: ; --tw-invert: ; --tw-saturate: ; --tw-sepia: ; --tw-drop-shadow: ; --tw-backdrop-blur: ; --tw-backdrop-brightness: ; --tw-backdrop-contrast: ; --tw-backdrop-grayscale: ; --tw-backdrop-hue-rotate: ; --tw-backdrop-invert: ; --tw-backdrop-opacity: ; --tw-backdrop-saturate: ; --tw-backdrop-sepia: ; display: block; vertical-align: middle; max-width: 100%; height: auto; max-height: 70vh; width: 1152px; object-fit: contain; margin: auto;\"></figure><p style=\"border-width: 0px; border-style: solid; border-color: rgb(238, 238, 238); --tw-border-spacing-x: 0; --tw-border-spacing-y: 0; --tw-translate-x: 0; --tw-translate-y: 0; --tw-rotate: 0; --tw-skew-x: 0; --tw-skew-y: 0; --tw-scale-x: 1; --tw-scale-y: 1; --tw-pan-x: ; --tw-pan-y: ; --tw-pinch-zoom: ; --tw-scroll-snap-strictness: proximity; --tw-gradient-from-position: ; --tw-gradient-via-position: ; --tw-gradient-to-position: ; --tw-ordinal: ; --tw-slashed-zero: ; --tw-numeric-figure: ; --tw-numeric-spacing: ; --tw-numeric-fraction: ; --tw-ring-inset: ; --tw-ring-offset-width: 0px; --tw-ring-offset-color: #fff; --tw-ring-color: rgb(33 150 243 / .5); --tw-ring-offset-shadow: 0 0 #0000; --tw-ring-shadow: 0 0 #0000; --tw-shadow: 0 0 #0000; --tw-shadow-colored: 0 0 #0000; --tw-blur: ; --tw-brightness: ; --tw-contrast: ; --tw-grayscale: ; --tw-hue-rotate: ; --tw-invert: ; --tw-saturate: ; --tw-sepia: ; --tw-drop-shadow: ; --tw-backdrop-blur: ; --tw-backdrop-brightness: ; --tw-backdrop-contrast: ; --tw-backdrop-grayscale: ; --tw-backdrop-hue-rotate: ; --tw-backdrop-invert: ; --tw-backdrop-opacity: ; --tw-backdrop-saturate: ; --tw-backdrop-sepia: ; margin: 0px 0px 1rem; color: rgb(0, 0, 0); font-family: Poppins, Poppins; font-size: medium;\"><span style=\"border-width: 0px; border-style: solid; border-color: rgb(238, 238, 238); --tw-border-spacing-x: 0; --tw-border-spacing-y: 0; --tw-translate-x: 0; --tw-translate-y: 0; --tw-rotate: 0; --tw-skew-x: 0; --tw-skew-y: 0; --tw-scale-x: 1; --tw-scale-y: 1; --tw-pan-x: ; --tw-pan-y: ; --tw-pinch-zoom: ; --tw-scroll-snap-strictness: proximity; --tw-gradient-from-position: ; --tw-gradient-via-position: ; --tw-gradient-to-position: ; --tw-ordinal: ; --tw-slashed-zero: ; --tw-numeric-figure: ; --tw-numeric-spacing: ; --tw-numeric-fraction: ; --tw-ring-inset: ; --tw-ring-offset-width: 0px; --tw-ring-offset-color: #fff; --tw-ring-color: rgb(33 150 243 / .5); --tw-ring-offset-shadow: 0 0 #0000; --tw-ring-shadow: 0 0 #0000; --tw-shadow: 0 0 #0000; --tw-shadow-colored: 0 0 #0000; --tw-blur: ; --tw-brightness: ; --tw-contrast: ; --tw-grayscale: ; --tw-hue-rotate: ; --tw-invert: ; --tw-saturate: ; --tw-sepia: ; --tw-drop-shadow: ; --tw-backdrop-blur: ; --tw-backdrop-brightness: ; --tw-backdrop-contrast: ; --tw-backdrop-grayscale: ; --tw-backdrop-hue-rotate: ; --tw-backdrop-invert: ; --tw-backdrop-opacity: ; --tw-backdrop-saturate: ; --tw-backdrop-sepia: ;\">Dekan Fakultas Teknologi Industri (FTI) UAJY, Prof. Dr. Ir. Parama Kartika Dewa, S.P., S.T., M.T., IPU., dalam sambutannya menyampaikan apresiasi atas terselenggaranya kegiatan ini. Ia menekankan pentingnya kolaborasi antara perguruan tinggi dan industri dalam mempersiapkan sumber daya manusia yang adaptif terhadap perkembangan teknologi digital. Sementara itu, Ketua Departemen Informatika UAJY, Paulus Mudjihartono, S.T., M.T., Ph.D., menyampaikan bahwa pengenalan teknologi blockchain dan Web3 menjadi langkah strategis dalam memperluas wawasan mahasiswa terhadap teknologi informasi terkini yang memiliki potensi besar di masa depan.</span></p><p style=\"border-width: 0px; border-style: solid; border-color: rgb(238, 238, 238); --tw-border-spacing-x: 0; --tw-border-spacing-y: 0; --tw-translate-x: 0; --tw-translate-y: 0; --tw-rotate: 0; --tw-skew-x: 0; --tw-skew-y: 0; --tw-scale-x: 1; --tw-scale-y: 1; --tw-pan-x: ; --tw-pan-y: ; --tw-pinch-zoom: ; --tw-scroll-snap-strictness: proximity; --tw-gradient-from-position: ; --tw-gradient-via-position: ; --tw-gradient-to-position: ; --tw-ordinal: ; --tw-slashed-zero: ; --tw-numeric-figure: ; --tw-numeric-spacing: ; --tw-numeric-fraction: ; --tw-ring-inset: ; --tw-ring-offset-width: 0px; --tw-ring-offset-color: #fff; --tw-ring-color: rgb(33 150 243 / .5); --tw-ring-offset-shadow: 0 0 #0000; --tw-ring-shadow: 0 0 #0000; --tw-shadow: 0 0 #0000; --tw-shadow-colored: 0 0 #0000; --tw-blur: ; --tw-brightness: ; --tw-contrast: ; --tw-grayscale: ; --tw-hue-rotate: ; --tw-invert: ; --tw-saturate: ; --tw-sepia: ; --tw-drop-shadow: ; --tw-backdrop-blur: ; --tw-backdrop-brightness: ; --tw-backdrop-contrast: ; --tw-backdrop-grayscale: ; --tw-backdrop-hue-rotate: ; --tw-backdrop-invert: ; --tw-backdrop-opacity: ; --tw-backdrop-saturate: ; --tw-backdrop-sepia: ; margin: 0px 0px 1rem; color: rgb(0, 0, 0); font-family: Poppins, Poppins; font-size: medium;\"><span style=\"border-width: 0px; border-style: solid; border-color: rgb(238, 238, 238); --tw-border-spacing-x: 0; --tw-border-spacing-y: 0; --tw-translate-x: 0; --tw-translate-y: 0; --tw-rotate: 0; --tw-skew-x: 0; --tw-skew-y: 0; --tw-scale-x: 1; --tw-scale-y: 1; --tw-pan-x: ; --tw-pan-y: ; --tw-pinch-zoom: ; --tw-scroll-snap-strictness: proximity; --tw-gradient-from-position: ; --tw-gradient-via-position: ; --tw-gradient-to-position: ; --tw-ordinal: ; --tw-slashed-zero: ; --tw-numeric-figure: ; --tw-numeric-spacing: ; --tw-numeric-fraction: ; --tw-ring-inset: ; --tw-ring-offset-width: 0px; --tw-ring-offset-color: #fff; --tw-ring-color: rgb(33 150 243 / .5); --tw-ring-offset-shadow: 0 0 #0000; --tw-ring-shadow: 0 0 #0000; --tw-shadow: 0 0 #0000; --tw-shadow-colored: 0 0 #0000; --tw-blur: ; --tw-brightness: ; --tw-contrast: ; --tw-grayscale: ; --tw-hue-rotate: ; --tw-invert: ; --tw-saturate: ; --tw-sepia: ; --tw-drop-shadow: ; --tw-backdrop-blur: ; --tw-backdrop-brightness: ; --tw-backdrop-contrast: ; --tw-backdrop-grayscale: ; --tw-backdrop-hue-rotate: ; --tw-backdrop-invert: ; --tw-backdrop-opacity: ; --tw-backdrop-saturate: ; --tw-backdrop-sepia: ;\">Salah satu peserta kegiatan, Marcella Averina, menyampaikan bahwa kegiatan ini memberikan pengalaman yang bermanfaat. “Acara ini menarik dan menambah wawasan karena blockchain masih jarang dibahas, terutama di bangku kuliah. Saya berharap kedepannya semakin banyak kegiatan serupa yang tidak hanya berfokus pada teori, tetapi juga memberikan pengalaman praktik secara langsung,” ungkapnya. Melalui penyelenggaraan seminar dan workshop ini, Departemen Informatika FTI UAJY berharap dapat memberikan kontribusi nyata dalam meningkatkan literasi teknologi blockchain dan Web3 serta mendorong pengembangan talenta digital.</span></p><figure style=\"border-width: 0px; border-style: solid; border-color: rgb(238, 238, 238); --tw-border-spacing-x: 0; --tw-border-spacing-y: 0; --tw-translate-x: 0; --tw-translate-y: 0; --tw-rotate: 0; --tw-skew-x: 0; --tw-skew-y: 0; --tw-scale-x: 1; --tw-scale-y: 1; --tw-pan-x: ; --tw-pan-y: ; --tw-pinch-zoom: ; --tw-scroll-snap-strictness: proximity; --tw-gradient-from-position: ; --tw-gradient-via-position: ; --tw-gradient-to-position: ; --tw-ordinal: ; --tw-slashed-zero: ; --tw-numeric-figure: ; --tw-numeric-spacing: ; --tw-numeric-fraction: ; --tw-ring-inset: ; --tw-ring-offset-width: 0px; --tw-ring-offset-color: #fff; --tw-ring-color: rgb(33 150 243 / .5); --tw-ring-offset-shadow: 0 0 #0000; --tw-ring-shadow: 0 0 #0000; --tw-shadow: 0 0 #0000; --tw-shadow-colored: 0 0 #0000; --tw-blur: ; --tw-brightness: ; --tw-contrast: ; --tw-grayscale: ; --tw-hue-rotate: ; --tw-invert: ; --tw-saturate: ; --tw-sepia: ; --tw-drop-shadow: ; --tw-backdrop-blur: ; --tw-backdrop-brightness: ; --tw-backdrop-contrast: ; --tw-backdrop-grayscale: ; --tw-backdrop-hue-rotate: ; --tw-backdrop-invert: ; --tw-backdrop-opacity: ; --tw-backdrop-saturate: ; --tw-backdrop-sepia: ; margin: 1rem auto; text-align: center; width: 1152px; color: rgb(0, 0, 0); font-family: Poppins, Poppins; font-size: medium;\"><img src=\"https://inf.uajy.ac.id/be/uploads/0688c46a-e6c9-4596-8255-e0f06cfeb0ff?r=1774503665000\" alt=\"\" width=\"512\" style=\"border-width: 0px; border-style: solid; border-color: rgb(238, 238, 238); --tw-border-spacing-x: 0; --tw-border-spacing-y: 0; --tw-translate-x: 0; --tw-translate-y: 0; --tw-rotate: 0; --tw-skew-x: 0; --tw-skew-y: 0; --tw-scale-x: 1; --tw-scale-y: 1; --tw-pan-x: ; --tw-pan-y: ; --tw-pinch-zoom: ; --tw-scroll-snap-strictness: proximity; --tw-gradient-from-position: ; --tw-gradient-via-position: ; --tw-gradient-to-position: ; --tw-ordinal: ; --tw-slashed-zero: ; --tw-numeric-figure: ; --tw-numeric-spacing: ; --tw-numeric-fraction: ; --tw-ring-inset: ; --tw-ring-offset-width: 0px; --tw-ring-offset-color: #fff; --tw-ring-color: rgb(33 150 243 / .5); --tw-ring-offset-shadow: 0 0 #0000; --tw-ring-shadow: 0 0 #0000; --tw-shadow: 0 0 #0000; --tw-shadow-colored: 0 0 #0000; --tw-blur: ; --tw-brightness: ; --tw-contrast: ; --tw-grayscale: ; --tw-hue-rotate: ; --tw-invert: ; --tw-saturate: ; --tw-sepia: ; --tw-drop-shadow: ; --tw-backdrop-blur: ; --tw-backdrop-brightness: ; --tw-backdrop-contrast: ; --tw-backdrop-grayscale: ; --tw-backdrop-hue-rotate: ; --tw-backdrop-invert: ; --tw-backdrop-opacity: ; --tw-backdrop-saturate: ; --tw-backdrop-sepia: ; display: block; vertical-align: middle; max-width: 100%; height: auto; max-height: 70vh; width: 1152px; object-fit: contain; margin: auto;\"></figure><p style=\"border-width: 0px; border-style: solid; border-color: rgb(238, 238, 238); --tw-border-spacing-x: 0; --tw-border-spacing-y: 0; --tw-translate-x: 0; --tw-translate-y: 0; --tw-rotate: 0; --tw-skew-x: 0; --tw-skew-y: 0; --tw-scale-x: 1; --tw-scale-y: 1; --tw-pan-x: ; --tw-pan-y: ; --tw-pinch-zoom: ; --tw-scroll-snap-strictness: proximity; --tw-gradient-from-position: ; --tw-gradient-via-position: ; --tw-gradient-to-position: ; --tw-ordinal: ; --tw-slashed-zero: ; --tw-numeric-figure: ; --tw-numeric-spacing: ; --tw-numeric-fraction: ; --tw-ring-inset: ; --tw-ring-offset-width: 0px; --tw-ring-offset-color: #fff; --tw-ring-color: rgb(33 150 243 / .5); --tw-ring-offset-shadow: 0 0 #0000; --tw-ring-shadow: 0 0 #0000; --tw-shadow: 0 0 #0000; --tw-shadow-colored: 0 0 #0000; --tw-blur: ; --tw-brightness: ; --tw-contrast: ; --tw-grayscale: ; --tw-hue-rotate: ; --tw-invert: ; --tw-saturate: ; --tw-sepia: ; --tw-drop-shadow: ; --tw-backdrop-blur: ; --tw-backdrop-brightness: ; --tw-backdrop-contrast: ; --tw-backdrop-grayscale: ; --tw-backdrop-hue-rotate: ; --tw-backdrop-invert: ; --tw-backdrop-opacity: ; --tw-backdrop-saturate: ; --tw-backdrop-sepia: ; margin: 0px 0px 1rem; color: rgb(0, 0, 0); font-family: Poppins, Poppins; font-size: medium;\"><span style=\"border-width: 0px; border-style: solid; border-color: rgb(238, 238, 238); --tw-border-spacing-x: 0; --tw-border-spacing-y: 0; --tw-translate-x: 0; --tw-translate-y: 0; --tw-rotate: 0; --tw-skew-x: 0; --tw-skew-y: 0; --tw-scale-x: 1; --tw-scale-y: 1; --tw-pan-x: ; --tw-pan-y: ; --tw-pinch-zoom: ; --tw-scroll-snap-strictness: proximity; --tw-gradient-from-position: ; --tw-gradient-via-position: ; --tw-gradient-to-position: ; --tw-ordinal: ; --tw-slashed-zero: ; --tw-numeric-figure: ; --tw-numeric-spacing: ; --tw-numeric-fraction: ; --tw-ring-inset: ; --tw-ring-offset-width: 0px; --tw-ring-offset-color: #fff; --tw-ring-color: rgb(33 150 243 / .5); --tw-ring-offset-shadow: 0 0 #0000; --tw-ring-shadow: 0 0 #0000; --tw-shadow: 0 0 #0000; --tw-shadow-colored: 0 0 #0000; --tw-blur: ; --tw-brightness: ; --tw-contrast: ; --tw-grayscale: ; --tw-hue-rotate: ; --tw-invert: ; --tw-saturate: ; --tw-sepia: ; --tw-drop-shadow: ; --tw-backdrop-blur: ; --tw-backdrop-brightness: ; --tw-backdrop-contrast: ; --tw-backdrop-grayscale: ; --tw-backdrop-hue-rotate: ; --tw-backdrop-invert: ; --tw-backdrop-opacity: ; --tw-backdrop-saturate: ; --tw-backdrop-sepia: ;\">Sumber:&nbsp;</span><a href=\"https://www.uajy.ac.id/berita/departemen-informatika-uajy-berkolaborasi-dengan-blockdevid-gelar-seminar-dan-workshop-blockchain-web3-development\" style=\"border-width: 0px; border-style: solid; border-color: rgb(238, 238, 238); --tw-border-spacing-x: 0; --tw-border-spacing-y: 0; --tw-translate-x: 0; --tw-translate-y: 0; --tw-rotate: 0; --tw-skew-x: 0; --tw-skew-y: 0; --tw-scale-x: 1; --tw-scale-y: 1; --tw-pan-x: ; --tw-pan-y: ; --tw-pinch-zoom: ; --tw-scroll-snap-strictness: proximity; --tw-gradient-from-position: ; --tw-gradient-via-position: ; --tw-gradient-to-position: ; --tw-ordinal: ; --tw-slashed-zero: ; --tw-numeric-figure: ; --tw-numeric-spacing: ; --tw-numeric-fraction: ; --tw-ring-inset: ; --tw-ring-offset-width: 0px; --tw-ring-offset-color: #fff; --tw-ring-color: rgb(33 150 243 / .5); --tw-ring-offset-shadow: 0 0 #0000; --tw-ring-shadow: 0 0 #0000; --tw-shadow: 0 0 #0000; --tw-shadow-colored: 0 0 #0000; --tw-blur: ; --tw-brightness: ; --tw-contrast: ; --tw-grayscale: ; --tw-hue-rotate: ; --tw-invert: ; --tw-saturate: ; --tw-sepia: ; --tw-drop-shadow: ; --tw-backdrop-blur: ; --tw-backdrop-brightness: ; --tw-backdrop-contrast: ; --tw-backdrop-grayscale: ; --tw-backdrop-hue-rotate: ; --tw-backdrop-invert: ; --tw-backdrop-opacity: ; --tw-backdrop-saturate: ; --tw-backdrop-sepia: ; color: rgb(21, 101, 192); text-decoration: underline; text-underline-offset: 4px; cursor: pointer;\"><span style=\"border-width: 0px; border-style: solid; border-color: rgb(238, 238, 238); --tw-border-spacing-x: 0; --tw-border-spacing-y: 0; --tw-translate-x: 0; --tw-translate-y: 0; --tw-rotate: 0; --tw-skew-x: 0; --tw-skew-y: 0; --tw-scale-x: 1; --tw-scale-y: 1; --tw-pan-x: ; --tw-pan-y: ; --tw-pinch-zoom: ; --tw-scroll-snap-strictness: proximity; --tw-gradient-from-position: ; --tw-gradient-via-position: ; --tw-gradient-to-position: ; --tw-ordinal: ; --tw-slashed-zero: ; --tw-numeric-figure: ; --tw-numeric-spacing: ; --tw-numeric-fraction: ; --tw-ring-inset: ; --tw-ring-offset-width: 0px; --tw-ring-offset-color: #fff; --tw-ring-color: rgb(33 150 243 / .5); --tw-ring-offset-shadow: 0 0 #0000; --tw-ring-shadow: 0 0 #0000; --tw-shadow: 0 0 #0000; --tw-shadow-colored: 0 0 #0000; --tw-blur: ; --tw-brightness: ; --tw-contrast: ; --tw-grayscale: ; --tw-hue-rotate: ; --tw-invert: ; --tw-saturate: ; --tw-sepia: ; --tw-drop-shadow: ; --tw-backdrop-blur: ; --tw-backdrop-brightness: ; --tw-backdrop-contrast: ; --tw-backdrop-grayscale: ; --tw-backdrop-hue-rotate: ; --tw-backdrop-invert: ; --tw-backdrop-opacity: ; --tw-backdrop-saturate: ; --tw-backdrop-sepia: ;\">DEPARTEMEN INFORMATIKA UAJY BERKOLABORASI DENGAN BLOCKDEVID GELAR SEMINAR DAN WORKSHOP BLOCKCHAIN &amp; WEB3 DEVELOPMENT - Universitas Atma Jaya Yogyakarta</span></a></p>', '2026-05-02', '16:44:00', '2026-05-02', '16:46:00', '', 'https://bimbingan.uajy.ac.id/', '/uploads/foto_baju_koki_8d1f46322c13481b86b96b846237b8f7.jpg', 'foto_baju_koki.jpg', '[{\"url\": \"/uploads/pendaftar-test-1-oprec_211b7a4e347d4e5ab87e094d400ef7d8.pdf\", \"name\": \"pendaftar-test-1-oprec.pdf\", \"mimeType\": \"application/pdf\", \"size\": 0, \"previewable\": true, \"kind\": \"pdf\"}, {\"url\": \"/uploads/laporan-data-anggota-20260429_b4294090ff274f319fed15aec7ab2645.xls\", \"name\": \"laporan-data-anggota-20260429.xls\", \"mimeType\": \"application/vnd.ms-excel\", \"size\": 0, \"previewable\": false, \"kind\": \"file\"}]', 'active', 0, '2026-05-02 16:43:01', '2026-05-02 16:43:01'),
('agenda-1777729015936', 'test agenda 2', 'asdasda', '2026-05-02', '20:40:00', '2026-08-01', '20:42:00', 'asdasd', 'https://www.google.com/maps', '/uploads/foto_baju_koki_cc4c462d9ad041fb9816593b363ceacd.jpg', 'foto_baju_koki.jpg', '[{\"url\": \"/uploads/template-import-anggota_fc989319d8bd44e09d071a6353aba1cd.xls\", \"name\": \"template-import-anggota.xls\", \"mimeType\": \"application/vnd.ms-excel\", \"size\": 0, \"previewable\": false, \"kind\": \"file\"}]', 'active', 0, '2026-05-02 20:36:55', '2026-05-02 20:36:55'),
('agenda-1777729053862', 'test agenda 3', 'asdasdasdasd', '2026-05-02', '20:41:00', '2026-06-18', '20:41:00', 'aaaa', 'https://www.google.com/maps', '/uploads/screencapture-10-10-10-85-admin-dashboard-2026-04-07-11_11_45_5b2d0cea24234707b135a449455ecad8.png', 'screencapture-10-10-10-85-admin-dashboard-2026-04-07-11_11_45.png', '[{\"url\": \"/uploads/Hasil_Pengujian_User_Flow_4fc47d80e2364139853dfadc179fc404.pdf\", \"name\": \"Hasil_Pengujian_User_Flow.pdf\", \"mimeType\": \"application/pdf\", \"size\": 0, \"previewable\": true, \"kind\": \"pdf\"}]', 'active', 0, '2026-05-02 20:37:33', '2026-05-02 20:37:33'),
('agenda-1777749531632', 'tes notif agenda sudah mulai', 'asad', '2026-05-02', '02:19:00', '2026-06-19', '02:23:00', 'aaaa', 'https://www.google.com/maps', '/uploads/foto_baju_koki_b8e5abf6d7d84e998d5d8c21e96ec466.jpg', 'foto_baju_koki.jpg', '[{\"url\": \"/uploads/Hasil_Pengujian_User_Flow_6a15ff67899a4014b92a8e943776995a.pdf\", \"name\": \"Hasil_Pengujian_User_Flow.pdf\", \"mimeType\": \"application/pdf\", \"size\": 0, \"previewable\": true, \"kind\": \"pdf\"}]', 'active', 0, '2026-05-03 02:18:51', '2026-05-03 02:18:51'),
('agenda-1777827571133', 'Tes Notif Agenda Role Belum mulai', '<span style=\"font-size: 14.08px;\">Tes Notif Agenda Role Belum mulai</span>', '2026-06-13', '23:59:00', '2026-08-15', '23:02:00', 'Kampus', 'https://www.youtube.com/watch?v=B6PVXmj_QLM', '/uploads/sertifikat-anggota-zxczxczxc_9cc4d3dad38d4608856c33bcc2dd20c4.jpg', 'sertifikat-anggota-zxczxczxc.jpg', '[{\"url\": \"/uploads/pendaftar-test-menu-upload_1b8222c44b2f4e42820f9b7f65f1b558.xlsx\", \"name\": \"pendaftar-test-menu-upload.xlsx\", \"mimeType\": \"application/vnd.openxmlformats-officedocument.spreadsheetml.sheet\", \"size\": 0, \"previewable\": false, \"kind\": \"file\"}, {\"url\": \"/uploads/laporan-data-inventaris-barang_47cdb3f1d32a4d35a16e2fb27315be1e.pdf\", \"name\": \"laporan-data-inventaris-barang.pdf\", \"mimeType\": \"application/pdf\", \"size\": 0, \"previewable\": true, \"kind\": \"pdf\"}]', 'active', 0, '2026-05-03 23:59:31', '2026-05-03 23:59:31');

-- --------------------------------------------------------

--
-- Struktur dari tabel `anggota`
--

CREATE TABLE `anggota` (
  `id` int(11) NOT NULL,
  `nama` varchar(255) DEFAULT NULL,
  `username` varchar(150) DEFAULT NULL,
  `telp` varchar(50) DEFAULT NULL,
  `password` varchar(255) DEFAULT NULL,
  `role` varchar(50) DEFAULT NULL,
  `tgl_lahir` varchar(50) DEFAULT NULL,
  `email` varchar(255) DEFAULT NULL,
  `alamat` text DEFAULT NULL,
  `status_akun` varchar(20) NOT NULL DEFAULT 'aktif',
  `created_at` datetime NOT NULL DEFAULT current_timestamp(),
  `updated_at` datetime NOT NULL DEFAULT current_timestamp() ON UPDATE current_timestamp(),
  `inactive_until` date DEFAULT NULL
) ENGINE=InnoDB DEFAULT CHARSET=utf8mb4 COLLATE=utf8mb4_general_ci;

--
-- Dumping data untuk tabel `anggota`
--

INSERT INTO `anggota` (`id`, `nama`, `username`, `telp`, `password`, `role`, `tgl_lahir`, `email`, `alamat`, `status_akun`, `created_at`, `updated_at`, `inactive_until`) VALUES
(1, 'FX Harso Susanto', 'Babe', '085772732906', 'scrypt:32768:8:1$JyBWrrkOGuhe7jTd$54a802bcc99d80b72fd817a2e48f375e5ca0b60c4b17b9122e94bf8dbfeae146e509440f31c3a14e9ad60ba48f92b985f6ecc43b2f47a4b62af5cb3cf23fca08', 'super_admin', '1970-08-20', 'suksisnarf@gmail.com', 'Alamat belum diisi', 'aktif', '2026-05-08 14:16:48', '2026-05-08 14:16:48', NULL),
(2, 'Nico Gandawijaya', 'Niko', '082134997990', 'scrypt:32768:8:1$ko6WHg49UtiRs2dG$f5679cc0164f379e1eb6fd61be4e43dc6303bc9b4019893422296fd3c0737e82eab49f24542a03c982804f00299f9b9378e524cece687f91c3e93fe0948dce6b', 'super_admin', '2026-05-01', 'niko@example.com', 'Alamat belum diisi', 'aktif', '2026-05-08 14:16:48', '2026-05-13 10:09:51', NULL),
(3, 'Christoforus Tadeus', 'Christoforus Tadeus', '085894525162', 'scrypt:32768:8:1$fSixa3Z12Exd4P0g$77ceac2f30d86b53d3149988a50272238460b0d29b5648b567fb8571ca8fe811d55ffadb3739dc2ffdc1379439f43f0ab34181ababb6698f465fd9a12332f4ec', 'admin', '', 'anggota@example.com', 'Alamat belum diisi', 'aktif', '2026-05-08 14:16:48', '2026-05-08 14:16:48', NULL),
(4, 'Riean Aditya', 'rieanaditya', '0895336757747', 'scrypt:32768:8:1$8FnTsAy3hjS6C622$32131dc844eb221136fa21134940d2b2452cf1e1e65af209404300ad95c71bb339b4fadb5e902e9b99fbf0304e652c9c50cc64b98d4e461ff28399f4d6ebdb40', 'admin', '', 'anggota@example.com', 'Alamat belum diisi', 'aktif', '2026-05-08 14:16:48', '2026-05-08 14:16:48', NULL),
(5, 'Katherine Ivana Hadi', 'Ketrin', '081386618220', 'scrypt:32768:8:1$kocjdDopnrgca8lt$83958b6ec208ca1facc17f762955dcd7f8285181930e43c16ceb506e11e9f1c0c957e7b0f7c3960a4f88b04ac5916e3cc16d9473455ffba02b9bf927cf9f89a4', 'admin', '', 'anggota@example.com', 'Alamat belum diisi', 'aktif', '2026-05-08 14:16:48', '2026-05-08 14:16:48', NULL),
(6, 'Pria', 'Pria', '081228330226', 'scrypt:32768:8:1$4nCgWeSwWR7cEYj3$d40e423b6ec59c153bfc0843476c48bcbffdcfe69844e4a9e942320107b0c624c3a68c1cb0a597bdbba85a117cbfbd0b3be743cb18abb77365a621a6f63c7eee', 'super_admin', '2026-04-29', 'pria@gmail.com', 'Jl Baciro', 'aktif', '2026-05-08 14:16:48', '2026-05-08 14:16:48', NULL),
(7, 'Aurel', 'Aurel', '085878495255', 'scrypt:32768:8:1$WsEELS5C525TKDKr$d70c89e1f0e8c98944a9b9a56e4927f19805d4ed92a319da6f7e6743884392281825a9298587241f07fc4af871e6013771f9a07471d79bff4df7ede78c44b0bd', 'user', '', 'anggota@example.com', 'Alamat belum diisi', 'aktif', '2026-05-08 14:16:48', '2026-05-08 14:16:48', NULL),
(8, 'Dewi', 'Dewi', '087700652865', 'scrypt:32768:8:1$z8mtUa3kB43bDHfP$5f8d2ff4647348ed2fc60b4eeaa8e027c892a1e2500cf4015554a2940367dbfa0d48a9d3c5b121e2ea6472abbdd2ea5e073e0bd7bcfe58b9e1ec62032813e80d', 'admin', '', 'anggota@example.com', 'Alamat belum diisi', 'aktif', '2026-05-08 14:16:48', '2026-05-08 14:16:48', NULL),
(9, 'Febrian', 'Febrian', '081220239158', 'scrypt:32768:8:1$v7BBX2N2uKgzq8gu$245b6a3723e1ddd0d0b3178c685448a8d792bd42d7ebd52d4ba423cfb89a5c9a85612c260f5f396a4e1a0b3cd4901605c6e06537a4f5622d83fb3fccd24f6e4a', 'user', '2026-05-01', 'febrian@example.com', 'Alamat belum diisi', 'nonaktif', '2026-05-08 14:16:48', '2026-05-13 10:10:35', NULL),
(10, 'Lisa', 'Lisa', '081327428922', 'scrypt:32768:8:1$zugzoG5d10AkzMMw$e01ff24899ee0f31c5aed313b7dce55a82d8888eee6144a6c42087df37cf413053eadd69a80cf63af2a6cce7fd4a154450c13c95eb7785029519285b3f467b93', 'user', '', 'anggota@example.com', 'Alamat belum diisi', 'aktif', '2026-05-08 14:16:48', '2026-05-08 14:16:48', NULL),
(11, 'Rosel', 'Rosel', '081919811671', 'scrypt:32768:8:1$O1LLlNyMX3bRjTBo$0029c8759982f8bcbb82dcfa08f7011c6683bc2dc6bae201959d90d8eb480131023d34cd9c022ecfb497b20a0b8ca63ba44e47641d08633bfcc66f10a18f4221', 'user', '', 'anggota@example.com', 'Alamat belum diisi', 'aktif', '2026-05-08 14:16:48', '2026-05-08 14:16:48', NULL),
(12, 'Vio', 'Vio', '085866168513', 'scrypt:32768:8:1$MQB3DJzR55lAxfRz$4e1c6da0f56406b6ff7fd39004e2a0e72a61d12e990ad4bb03aa6b47e74d3ec16e71eaf69541ee638d8d53079db24544ae5da0762b8545b0a92bdfc95ee84aef', 'user', '', 'anggota@example.com', 'Alamat belum diisi', 'aktif', '2026-05-08 14:16:48', '2026-05-08 14:16:48', NULL),
(13, 'Vista', 'Vista', '085876328357', 'scrypt:32768:8:1$VhoXIsf5sBBRQnej$91cab4e2d24456956e6c5dd96d0856b91c364c019fae6538f81f6477292350f7c63c9f7f393f40fe639bf379f0ca8624837b8ebf5add04050c4f2d07dd2495b4', 'user', '', 'anggota@example.com', 'Alamat belum diisi', 'aktif', '2026-05-08 14:16:48', '2026-05-08 14:16:48', NULL),
(14, 'Weka', 'Weka', '081327129511', 'scrypt:32768:8:1$X9L6HCXHYkOsnz7A$e10cad76e595424543b19ef0129860197d76c593ea713839805b46e03027e25e7f80bf50d3cb2c5245209f9ebbd0d3eea8a9c141e82161f50557413c8e3bf0ac', 'user', '2009-09-09', 'wekawijaya044@gmail.com', 'Alamat belum diisi', 'aktif', '2026-05-08 14:16:48', '2026-05-13 09:59:11', NULL),
(15, 'Wima', 'Wima', '089508852626', 'scrypt:32768:8:1$DkrEKgzzK58KDWRJ$22c21297aadeaf6c23a71851f6f0b1fdceafc3cab46c3f64efc135d3f057835eb22c33aaf01793e649cc71d444436edd32676cc1c8da5699894fd03e6c3a2bd4', 'user', '', 'anggota@example.com', 'Alamat belum diisi', 'aktif', '2026-05-08 14:16:48', '2026-05-08 14:16:48', NULL),
(16, 'Nawung', 'Nawung', '081228680603', 'scrypt:32768:8:1$8eC2MkZma35ywHMU$883da4c68fb22452c790379a3d27d3213c8d08bd0984dbe900ecc0d843f7a8c50ec342c0bb29e56d82ae537c267b82c071cd4bd7f702798845d88133d7644cf9', 'user', '', 'anggota@example.com', 'Alamat belum diisi', 'aktif', '2026-05-08 14:16:48', '2026-05-08 14:16:48', NULL),
(17, 'Panji', 'Panji', '089677330106', 'scrypt:32768:8:1$E62Rv9BJW0qyjSdV$a15df746db84de526237ed4597d310d6aecec556024877a2ef0bfcf847a45ec4e9942ae4abda89e3c56aa0469721393cfabfb4a37dce0d98b403dc1020869934', 'admin', '2026-05-01', 'panji@example.com', 'Alamat belum diisi', 'aktif', '2026-05-08 14:16:48', '2026-05-13 10:11:35', NULL),
(18, 'Yuta', 'Yuta', '085602917625', 'scrypt:32768:8:1$aRKL0gXhh4swWOYH$17feeca47d7286fb51d169dda8f755eb6e42145bb184deaeae0ed314cb14fd83edaeb675c71ec7ba506f7b68954ed85aa5eebbad32fefabdb6bcde3a32b278b6', 'user', '2026-05-08', 'yuta@example.com', 'Alamat belum diisi', 'aktif', '2026-05-08 14:16:48', '2026-05-13 10:14:20', NULL),
(19, 'Shehan', 'Shehan', '087878836187', 'scrypt:32768:8:1$oyUllzXRah1PHjZ8$266f06fb807d46674aba4a1d54733bdd385971eac547a54bb518f206dc98bcd32b59670a59019467fdf912cab1ccf4f85c05177d84ee3ed83dbf197e4d2838a9', 'super_admin', '2026-05-08', 'shehan@example.com', 'Alamat belum diisi', 'aktif', '2026-05-08 14:16:48', '2026-05-13 10:12:21', NULL),
(20, 'Asha', 'Asha', '081226402137', 'scrypt:32768:8:1$fEMSfKPrYGs77Bf5$6c4bf03bafdf6a39cdf6ec3a58f0715ea71714fcfb97bc464d5beb45a078e40d5a5a7eed6294a760af4b1a63de52d67319501ba3ecca44a4e5ca24827f0c9d51', 'user', '', 'anggota@example.com', 'Alamat belum diisi', 'aktif', '2026-05-08 14:16:48', '2026-05-08 14:16:48', NULL),
(21, 'Aura', 'Aura', '088215905899', 'scrypt:32768:8:1$0wfeFdbs8755MhCw$8a3c3367875d3c29582882483df06b0afab7d0694cb5efc23762ae636897167fe5e2eb4143d8836255e60f1609bd1df2baca79da1997b76e32581381fe21fc51', 'user', '2026-05-20', 'aura@example.com', 'Alamat belum diisi', 'aktif', '2026-05-08 14:16:48', '2026-05-09 13:43:18', NULL),
(22, 'Belinda', 'Belinda', '083146801642', 'scrypt:32768:8:1$9qd2Zy3VegtCGFHn$d14fafb239f6f3e8bf0dd862471ad6b2e3070af2abbd67c2439498bbff64ad003e894fc1e7cf5f475273c379aa8f8fd2d5dfb0ff13b2ae7c1f8d695ef4babe9f', 'user', '', 'anggota@example.com', 'Alamat belum diisi', 'aktif', '2026-05-08 14:16:48', '2026-05-08 14:16:48', NULL),
(23, 'Bian', 'Bian', '089694800055', 'scrypt:32768:8:1$spGXHMjT3MUWjBH7$4ff3d50e25265020283510214ef615c8eb56d557c37f372eb2d52e01adf26b900f3d8b9c4c050139945f812e3bff6dc6dd6a5953ae6924031fccf390e1c460c0', 'user', '', 'anggota@example.com', 'Alamat belum diisi', 'aktif', '2026-05-08 14:16:48', '2026-05-08 14:16:48', NULL),
(24, 'Bima', 'Bima', '0818112847', 'scrypt:32768:8:1$ixgFvPKkDANWB4SG$718405ff79ae853f5c6ed7b42084621ce7b292b40c095b44a78e6ece1a4e83abed472fb9c046b9328f3dd3fe7c0b3b1f7c452b8f9514ddf03b598f0186019aef', 'user', '', 'anggota@example.com', 'Alamat belum diisi', 'aktif', '2026-05-08 14:16:48', '2026-05-08 14:16:48', NULL),
(25, 'Botun', 'Botun', '081378591744', 'scrypt:32768:8:1$y8nOtt5q4HXUWnrP$f2a763bb9640d9a69405a0cf52c9b1814520f404cd62acb7568e4d0a60c6bd7d153f803278d2326e95e1d0e14df82152ecd2a270ab984e07976784ad29c28f4c', 'user', '', 'anggota@example.com', 'Alamat belum diisi', 'aktif', '2026-05-08 14:16:48', '2026-05-08 14:16:48', NULL),
(26, 'Claire', 'Claire', '082224063848', 'scrypt:32768:8:1$WJhJwJZ8lwOVke4o$e47392ac968708a21ab949c555cd2bb6ebede6468e27bc1e17313a2c5ae1488a7072a0882c06a0436e1ee162d82d77c1059d4879444fde6863f536815ee18ebd', 'user', '', 'anggota@example.com', 'Alamat belum diisi', 'aktif', '2026-05-08 14:16:48', '2026-05-08 14:16:48', NULL),
(27, 'Florencia', 'Florencia', '081329017910', 'scrypt:32768:8:1$qksHCQRkvMPAO9h1$0437f83eb6de474ffc8ca4d6056137ee20a281c4774424b71da9c9e824ba93041792c010e3473152b7881823f9e06788aa3a7f0c5763032e092416d5d6054b8e', 'user', '2010-07-07', 'vlflorencialidya@gmail.com', 'Alamat belum diisi', 'aktif', '2026-05-08 14:16:48', '2026-05-08 14:16:48', NULL),
(28, 'Ifa', 'Ifa', '0882007217238', 'scrypt:32768:8:1$LnEWLueSEc2uz3Bt$15cb6dff047fa026f131bf92b79539aacf01707f07c401b2ff355053ccd2f7705faa32d6dd80eb9f8775a51743af126bc2dd11100250d143117800eedc579e46', 'user', '', 'anggota@example.com', 'Alamat belum diisi', 'aktif', '2026-05-08 14:16:48', '2026-05-08 14:16:48', NULL),
(29, 'Jeni', 'Jeni', '085248994747', 'scrypt:32768:8:1$dies2yefonWdDRJm$055401c9134ca88d2d1191c02f0e91a6dafdd9b2564957ad1c6842b954e3e018791b04826a8794aae0155e6b4b9f46cf2a73d4332a534bfeecb4d28d2da8d2b5', 'user', '', 'anggota@example.com', 'Alamat belum diisi', 'aktif', '2026-05-08 14:16:48', '2026-05-08 14:16:48', NULL),
(30, 'Jossefina', 'Jose', '0895321245610', 'scrypt:32768:8:1$TnitTZEy6j78SsFn$cea859177bafa0ec3e2499c60729dc5ad9fe6b18ef0155c8eadc13cf75822c2b09fbcc0d57b79c5c028ad0a97029440398d1feab7b5182fdb7ba66ea3cbf7f60', 'user', '', 'anggota@example.com', 'Alamat belum diisi', 'aktif', '2026-05-08 14:16:48', '2026-05-08 14:16:48', NULL),
(31, 'Kanes', 'Kanes', '089675333345', 'scrypt:32768:8:1$jzhfgo7Sr1Lueftt$675a2469c4a4636c037565cb8b18b4586f88a98a81fefe979ff2e2ac27a57f3fb80af2b5a3b1024b5b8db0447f4961214fcf3604d3c39322a95283ef2ce826ab', 'user', '', 'anggota@example.com', 'Alamat belum diisi', 'aktif', '2026-05-08 14:16:48', '2026-05-08 14:16:48', NULL),
(32, 'Kinan', 'Kinan', '081239902121', 'scrypt:32768:8:1$MiUAKrxwhsdO5gES$4736c7dbc71b0ed9acfb6cc1a45403afd6a3b31cd6e6e64909f4e525708be15b2c0edc3bf98197aae393b4c6f28c1b2eb1a3423a43e24b4d86f4341078acd9e8', 'user', '', 'anggota@example.com', 'Alamat belum diisi', 'aktif', '2026-05-08 14:16:48', '2026-05-08 14:16:48', NULL),
(33, 'Veny', 'Veny', '082271499065', 'scrypt:32768:8:1$HTAwll6LRFjM3Jlo$a2f7cfde57033414d36b38fcbce69516dcad40ae02bc4e84d1367e877d9856c145210dcbf1af83733c77f2ad827f2327ac5cf045f65adb20bbd0adf1007c17a0', 'user', '2026-05-08', 'veny@example.com', 'Alamat belum diisi', 'nonaktif', '2026-05-08 14:16:48', '2026-05-08 14:16:48', NULL),
(34, 'Juven', 'Juven', '082247972976', 'scrypt:32768:8:1$hQ1x54n6LWot5VYV$a2ba1bf9b1c6babdf603fb99addb241900fd5604b314ee7c1c9751446da06b715d8cdf6d44671db9c8740dae9a52ba7ac3e47ab9a2cf14057cd0dd3d5ec77d0e', 'user', '', 'anggota@example.com', 'Alamat belum diisi', 'aktif', '2026-05-08 14:16:48', '2026-05-08 14:16:48', NULL),
(35, 'Chris', 'Chris', '081213430315', 'scrypt:32768:8:1$R1dD1KBC9u9PKfNy$701279e4f400341c73b34290165e86e8879fbfb4a4daa9d59ccd734a84c7bbd80e5fed1f02ed18d0a4334ad46ab2b32dd56f7a3826d42087eff4a7828801e788', 'user', '2026-04-29', 'chris@gmail.com', 'Alamat belum diisi', 'aktif', '2026-05-08 14:16:48', '2026-05-08 14:16:48', NULL),
(36, 'Alta', 'Alta', '081229910550', 'scrypt:32768:8:1$z99rBAe6O6BmRrCg$ba572b8ef08c050dbcb7032417b2740f8ebb29efa76c91cada77c5cc225dfc65641d9cd4b57982a5fe0742d9daff02dd31875d51f7e336afdb1509dc4a65aab2', 'user', '2026-04-29', 'alta@gmail.com', 'Alamat belum diisi', 'aktif', '2026-05-08 14:16:48', '2026-05-08 14:16:48', NULL),
(37, 'Rikha', 'Rikha', '081254106511', 'scrypt:32768:8:1$qQh5HoIuf3oqRplz$5c332edd766cbed1b458d0d71f611c850d0a809d3ee5722af4183226a26141dc755eca74ca87b5e88d54fd27b9f14abc04d67d92e5d63ae6e2cd515e584d55cf', 'user', '2026-04-29', 'rikha@gmail.com', 'Alamat belum diisi', 'aktif', '2026-05-08 14:16:48', '2026-05-08 14:16:48', NULL),
(38, 'Michell', 'Michel', '081772854812', 'scrypt:32768:8:1$ZYiCgWAD2KeMwFGq$ec99d80b98d65745df18255daedc79b4a4402e4285ff850549c8eba0cddf5f5096835bc882c127f55b9c91788c4c9b6d92875b050b07c17e21ea8819b2cfc632', 'user', '2026-04-29', 'michel@gmail.com', 'Alamat belum diisi', 'aktif', '2026-05-08 14:16:48', '2026-05-08 14:16:48', NULL),
(39, 'Michelle', 'Michelle', '083838025077', 'scrypt:32768:8:1$S7szxLHJBy7K7bLi$bd8bc8dbc11217c65eea78ded7c9912fb2f22801963bb5c20dc3a01a606f9c5c0c7c2c542dc06fa6873550af41fc882815e74dba5904a1f77d8ade5d80ac1fb0', 'user', '2026-04-29', 'michelee@gmail.com', 'Alamat belum diisi', 'aktif', '2026-05-08 14:16:48', '2026-05-08 14:16:48', NULL),
(40, 'Naresh', 'Naresh', '085879271256', 'scrypt:32768:8:1$DQMapYNxMGqcRtHa$8143d5aca1985488b61a218bf23fdef3c267f10a714f012d6457f42d375aeef02fbd89f351c1925cf791cf0b00b47332d43dbd61837d2b1aabe6509943b7a237', 'user', '2026-04-29', 'naresh@gmail.com', 'Alamat belum diisi', 'aktif', '2026-05-08 14:16:48', '2026-05-08 14:16:48', NULL),
(41, 'Nesto', 'Nesto', '082122760357', 'scrypt:32768:8:1$HvsT0YViHYwCn8Tn$00674242159227cf6dce2295513d9b74597154cd84f49498472029693112499dc2de14f2483761a05215d1ada40bbf8f8fb2303d0f92aa6483bd1854403c685b', 'user', '2026-04-29', 'nesto@gmail.com', 'Alamat belum diisi', 'aktif', '2026-05-08 14:16:48', '2026-05-08 14:16:48', NULL),
(42, 'Noel', 'Noel', '081568261411', 'scrypt:32768:8:1$EIx5tRRMYa5ng11G$f8ba9a40a7fd536d48b95eeece57b5d47c7b2c23a9e0cf1b1b3336a1cbaf85640b140ff5c2e6e13732bf23c51efde894c881325ab25f95836bfdb74070becde7', 'user', '2026-04-29', 'noel@gmail.com', 'Alamat belum diisi', 'aktif', '2026-05-08 14:16:48', '2026-05-08 14:16:48', NULL),
(43, 'Paul', 'Paul', '088802686783', 'scrypt:32768:8:1$Yt2s6jWtsIww9QPC$74ed569487811366d290d02dedca99637f9dfec228d1170febc9a7ffe5144e1e4277a87025a784cc4b7d568428577b5dd3dad683df7246c8539b7f9f546e9a92', 'user', '2026-04-29', 'paul@gmail.com', 'Alamat belum diisi', 'aktif', '2026-05-08 14:16:48', '2026-05-08 14:16:48', NULL),
(44, 'Putra', 'Putra', '082243122313', 'scrypt:32768:8:1$RZFbloXwMMISgV5n$ffa25bee6f54a2f21d878e1a130af64a1a2595e65cb6e332af293498bc805bb40aa637f96b479b1448d8d101a97d6bba8e42e4d4095d4b44f53f6730cf63d354', 'user', '2026-04-29', 'putra@gmail.com', 'Alamat belum diisi', 'aktif', '2026-05-08 14:16:48', '2026-05-08 14:16:48', NULL),
(45, 'Rossa', 'Rossa', '08895799655', 'scrypt:32768:8:1$eE7CHjhWnzrPs9Ww$27447c8f095aa919adb7a362197c2af08fcb253a425625c83864ea393d4e6a5250b071e98f69b1c008742f0a2e30038e797b5b8e62c8b3c24999f9a7c5750541', 'user', '2026-04-29', 'rossa@gmail.com', 'Alamat belum diisi', 'aktif', '2026-05-08 14:16:48', '2026-05-08 14:16:48', NULL),
(46, 'Satrio', 'Satrio', '088806790315', 'scrypt:32768:8:1$XUE0q9zEL1gk1ytu$a0507f02d9c35223190dc17f018128fafd8ac6b94efb03cdb5377ed0e65d5f9608cd42f60de86855b01908476f1a0be82d68b2129cd33ec0f1a67b3609482b54', 'user', '2026-04-29', 'satrio@gmail.com', 'Alamat belum diisi', 'aktif', '2026-05-08 14:16:48', '2026-05-08 14:16:48', NULL),
(47, 'There', 'There', '087898555370', 'scrypt:32768:8:1$IURMpb4BKozcqzQv$723f337692d6b0d53fb92fe0fe09155c782e20fd28efdde82b965db14ec9bc78672524ea4a751f681dd839f960a1e26a671051c4f37c31eea9338d5261bc7ef8', 'user', '2011-01-30', 'yoshefasabatini@gmail.com', 'Alamat belum diisi', 'aktif', '2026-05-08 14:16:48', '2026-05-08 14:16:48', NULL),
(48, 'Toto', 'Toto', '085820134705', 'scrypt:32768:8:1$YJlFgQbsb2jXCukn$9d06995e524e5bd8a46383d786634a3a95974229cdaece7ac41411f3489dbec4185e71040493b5c072a7262d2bc724bfa781a8f5861f358ea29ba525b1b9b67d', 'user', '2026-04-29', 'toto@gmail.com', 'Alamat belum diisi', 'aktif', '2026-05-08 14:16:48', '2026-05-08 14:16:48', NULL),
(49, 'Tyas', 'Tyas', '088985826095', 'scrypt:32768:8:1$rbhGaMjTfmgzPkVY$6fa412ca61b11f8cb4530b5b25a32cf75e5770e99f0b741405a33ae139fbaa3414d9c9155f987bde4461cd3568f886fecdee0f02c4436e4b8ebaea7958304183', 'user', '2026-04-29', 'tyas@gmail.com', 'Alamat belum diisi', 'aktif', '2026-05-08 14:16:48', '2026-05-08 14:16:48', NULL),
(50, 'Atanasius Surya', 'Ata Surya', '081350751753', 'scrypt:32768:8:1$kFm1YQAwwqqqQfaj$f8572ecea4f1f036820af1875cde3e5984bf830f363914c892844527c04502a3f17b4889d9ef2e121228a35bba1a674cc20e5a6d81c497e27092bd310ab9ae65', 'super_admin', '2004-05-13', 'atanasiussurya@gmail.com', 'Alamat belum diisi', 'aktif', '2026-05-08 14:16:48', '2026-05-09 18:43:41', NULL),
(51, 'Rafael', 'Rafael', '081390333758', 'scrypt:32768:8:1$XTjB22QBETTUwjPH$2a4f5f9da5660c3b8f94f928ea8e76ddebf18f576c1f36a5c526c01dd032081466edf3f2cb14ad766d1dc3820f5f763d18ae13d63bdae711d422759b31339168', 'user', '2026-04-29', 'rafael@gmail.com', 'Alamat belum diisi', 'aktif', '2026-05-08 14:16:48', '2026-05-08 14:16:48', NULL),
(52, 'Frugal123', 'Frugal123', '081398307591', 'scrypt:32768:8:1$D03o2WrlrPCX74Bo$72cdb406fc98e86d38df12ce1c8a48663dc428ef7bb713c088fd8bf266b87db957219d003b0f939d6c82dfe5f7d6d3bf652a0a591caf0352b323a636e5505c7b', 'user', '2026-04-15', 'frugal@gmail.com', 'Alamat belum diisi', 'nonaktif', '2026-05-08 14:16:48', '2026-05-09 13:42:05', NULL),
(53, 'Daflo', 'Daflo', '082157663661', 'scrypt:32768:8:1$Zc9dxqOoPHloMykh$13e8ea993a03223c84fad9e790ae501da432fc9d2004a4ad3c72d1dacf53ac733920e844e26ec2fb63796f4b01e8d2e6f7dea93aaf83c30bda1e32b533dc0a59', 'user', '2026-04-22', 'daflo@gmail.com', 'Alamat belum diisi', 'aktif', '2026-05-08 14:16:48', '2026-05-08 14:31:45', NULL),
(54, 'Orel', 'Orel', '083865646354', 'scrypt:32768:8:1$qs2s3KqRqZw1eETw$c9fcfd8727fe0cbfe0424bad9a58c4d5fc9e881d9152e37a39ba68d554468d566760eeb272b6c561419881f8e10fdf97b3370138fd5bb0fb06924a0389e13aaa', 'user', '2026-04-29', 'orel@gmail.com', 'Alamat belum diisi', 'aktif', '2026-05-08 14:16:48', '2026-05-08 14:16:48', NULL),
(55, 'Jeje', 'Jeje', '085171503299', 'scrypt:32768:8:1$vdKYr7PknsBZp06Q$c4f882227a43d10bb74b4e0b8add4d85cdc28b5f0272c701ac55ff48accb0f56c9fbb1a826c9e4cd3788585e2e896485617861a1dcf920749389ef54f8edb2cc', 'user', '2026-04-29', 'jeje@gmail.com', 'Alamat belum diisi', 'aktif', '2026-05-08 14:16:48', '2026-05-08 14:16:48', NULL),
(56, 'Regio', 'Regio', '087877555879', 'scrypt:32768:8:1$nRWs4w7Hr0NeJanf$45cde6f342a36b065dbf5034882dd19e2d126fcec974ee093619ce7b02b67305fa341c390dc71deadc933744e239a75931956cd60be37d7c63923f73cbec511f', 'user', '2002-11-29', 'regionanda2@gmail.com', 'Alamat belum diisi', 'aktif', '2026-05-08 14:16:48', '2026-05-08 14:16:48', NULL),
(57, 'Nadia', 'Nadia', '085797307843', 'scrypt:32768:8:1$5Y1pVLD71ql68qoU$2b7cb6ac920cb2ad2f5c82cbe7ed1ba32a23aedac03b273571ce4eca8930fd0643860920da68edc27ad7cc8b8b33044e6e7c111aae1f9d345af8876a9e9ba40d', 'user', '2026-04-29', 'nadia@gmail.com', 'Alamat belum diisi', 'aktif', '2026-05-08 14:16:48', '2026-05-08 14:16:48', NULL),
(58, 'Tita', 'Tita', '085624236122', 'scrypt:32768:8:1$ThJvle16qAEZEXe9$4fcd81d7ab981e7c040c1df112ec5c51418f8c75ae13d3f3cee9c9b276f1d790eb993aad5dd70177f55f20e1ea9eb0f27cbea5feec48993c1e9f96278de0b612', 'user', '2026-04-29', 'tita@gmail.com', 'Alamat belum diisi', 'aktif', '2026-05-08 14:16:48', '2026-05-08 14:16:48', NULL),
(59, 'Floren', 'Floren', '082146937640', 'scrypt:32768:8:1$b03ee1H4ci0zSrVO$0c988d0ab6e82d2d8c1e60ba3c3cfa2919d44f6de8c135af5539ba6c92cd1366ae0b27a945a2f02d1a6a9881b2292bda319f5e4f902ff1ddcb324e9a2e3b5953', 'user', '2005-06-20', 'flojuni236@gmail.com', 'Alamat belum diisi', 'aktif', '2026-05-08 14:16:48', '2026-05-08 14:16:48', NULL),
(60, 'Baladeva', 'Deva', '082286767108', 'scrypt:32768:8:1$96QCeigF8xsu8IZF$8d248c68043ea3b902c3c3b4821e0e6273328d60e94ede7c21bf45aeccf53f0e432dbb5c73eb6d09cc420048f329ea35ba83b031760eab09fe451c71afc68f6b', 'user', '', 'anggota@example.com', 'Alamat belum diisi', 'aktif', '2026-05-08 14:16:48', '2026-05-08 14:16:48', NULL),
(61, 'Chessa', 'Chessa', '087883075397', 'scrypt:32768:8:1$ufUyCIhP6VEoLqtH$228d0ba6caa4e5cc15f633c1d697935a930bfb035a55f303522f0711ed980d06e052ecd64715d21ed171fd8f92b90975dca4a91ec9bb4f741aa36793634fed0e', 'user', '2026-04-29', 'krin3112@gmail.com', 'Alamat belum diisi', 'aktif', '2026-05-08 14:16:48', '2026-05-08 14:16:48', NULL),
(65, 'Dhani', 'Dhani', '085868202008', 'scrypt:32768:8:1$c80fb04psPvyRhwK$ba5f9452efd6714223668efe346b886234747efbdadda641f89c6043ef7787693536bb397aed2d9ded0eeb7e85b79c59aec23c9c47291f60ff4924a7cab956cb', 'user', '', 'ardhani.ign@gmail.com', 'Alamat belum diisi', 'aktif', '2026-05-08 14:16:48', '2026-05-08 14:16:48', NULL),
(66, 'Evan', 'Evan', '088239466566', 'scrypt:32768:8:1$rA0YHXLWixjOuBWo$e56e9267f006c0507aa23eafa0c29cabfcfbe53496316b2708b8aaa0d4b546ce3feb3f03fa3c9db6270a541ef9f8eae8d6096e2f1771c8333cb92423add6e127', 'user', '', 'evanpaskalis464@gmail.com', 'Alamat belum diisi', 'aktif', '2026-05-08 14:16:48', '2026-05-08 14:16:48', NULL),
(67, 'Aruna', 'Aruna', '081973372901', 'scrypt:32768:8:1$vW6eHF8B4YJ6MbFs$c38dbfd05be7673a5064fe2c6799e2363b2b62ae6cf3c515b853ff2214f61854dfd4d6f0b7bfde77b7ba4a1c5b96e70cdb110562933a2f178378e70e5d67878d', 'user', '', 'arunayudyaw@gmail.com', 'Alamat belum diisi', 'aktif', '2026-05-08 14:16:48', '2026-05-08 14:16:48', NULL),
(68, 'Egi', 'Egi', '087715815710', 'scrypt:32768:8:1$gMectZBAUXWHfN8J$37faf85dc311c2403705d21c74e4870a1b326596644421d61c2b76513e05e8516bc59841b4afb99b6fa20de33d808419f95449c932f965e1b519dca67a66a31d', 'user', '', 'regina.caelia18@gmail.com', 'Alamat belum diisi', 'aktif', '2026-05-08 14:16:48', '2026-05-08 14:16:48', NULL),
(69, 'Reva', 'Reva', '082325249481', 'scrypt:32768:8:1$Nyn6g6Orn3h2grlg$f2de22fcf0501ffe227e9e14b8c5496d2a94625e0674f000207c05468db3c17a8e43f9a9894e744c87b63c58280b096b9040b7f0afb05115fa1d8710bd512a3b', 'user', '', 'lrevadewi@gmail.com', 'Alamat belum diisi', 'aktif', '2026-05-08 14:16:48', '2026-05-08 14:16:48', NULL),
(70, 'Kane', 'Kane', '081919090631', 'scrypt:32768:8:1$dz0dJJxmAWSdkSia$fc492396568f1962d6455f0d19e92b53b224045af923a4fecb892447516425f8551343c92ce4f991f65fac0a34a331b31d56135dea9f1f7eae471bea3c135608', 'user', '', 'regina.kns17@gmail.com', 'Alamat belum diisi', 'aktif', '2026-05-08 14:16:48', '2026-05-08 14:16:48', NULL),
(71, 'Stella', 'Stella', '089613983033', 'scrypt:32768:8:1$bXDQCOaFeT7rh4iN$771d95d2caf7280673b7e3e6fdeada15d35bc16986ab59ad5fad3a9a2c5b53f9ef9f0f9a6e7844f2bfda029d87f40bdeafc5174a8a45e4a4514415b14bedcb69', 'user', '', 'stellamaria758@gmail.com', 'Alamat belum diisi', 'aktif', '2026-05-08 14:16:48', '2026-05-08 14:16:48', NULL),
(72, 'Arya', 'Arya', '081324859094', 'scrypt:32768:8:1$i611QYvOcmtTNXBt$8f443083de045a9d389a51e27a4ca5713296679e91c2203e870245b56d60ab016d1063f8587a14004cfc1cd9ce7e7cc323827bcb7c1300c9ea86a1e05d74a309', 'user', '', 'aryadwika2010@gmail.com', 'Alamat belum diisi', 'aktif', '2026-05-08 14:16:48', '2026-05-08 14:16:48', NULL),
(73, 'Aoki', 'Aoki', '085743665416', 'scrypt:32768:8:1$uVLwUhPRoRMREi5O$401e7e9b5f793f89952b3845f87ebec60e64faff8655f816ef82541465a7a0e2b82b02aa00602ec61f6a75c939d2e528d671547a507b46c4f4b0629c752103b5', 'user', '2026-05-01', 'gizelleraina2401@gmail.com', 'Alamat belum diisi', 'aktif', '2026-05-08 14:16:48', '2026-05-09 13:44:04', NULL),
(74, 'Luciana Tyas', 'Luciana Tyas', '0895630325989', 'scrypt:32768:8:1$G8tPh3OwDuLnwYYe$b75e000738a948ec413c8d092d2761b6cf1ba990c2f38b3686ecfb16b875dd5ba510348cab7f763fddbce1fdae2863829ad267dffc94d42c6aab89d15625f174', 'user', '', 'lucianaxaverinetyas@gmail.com', 'Alamat belum diisi', 'aktif', '2026-05-08 14:16:48', '2026-05-08 14:16:48', NULL),
(75, 'Callista', 'Callista', '087836461101', 'scrypt:32768:8:1$Tx9b068Kbha1DNhD$7ed5c89ddd38db5955dc7d40ac96539c974f0197189167725b0f96828fb3d97437c1cd41981f42bc04b1636419e567f6f7f634695e7b2de25afc032ff6b98a96', 'user', '', 'lumodocalista@gmail.com', 'Alamat belum diisi', 'aktif', '2026-05-08 14:16:48', '2026-05-08 14:16:48', NULL),
(77, 'Ista', 'Ista', '08123431231', 'scrypt:32768:8:1$8HoPuTRVbkm5JiKN$f274e7b3357c9c3025e3cbe0235ac948fb06ab3af4f92367d0125b7bc0a69a46e8d5ab653962b908ef129c14fbc31c2e32446de0b84411001943b985d2b7c238', 'user', '2026-05-01', 'ista@gmail.com', '-', 'aktif', '2026-05-13 09:52:08', '2026-05-13 09:52:52', NULL);

-- --------------------------------------------------------

--
-- Struktur dari tabel `carousel_slides`
--

CREATE TABLE `carousel_slides` (
  `id` varchar(100) NOT NULL,
  `title` varchar(255) DEFAULT NULL,
  `slug` varchar(255) DEFAULT NULL,
  `description` text DEFAULT NULL,
  `button_text` varchar(100) DEFAULT NULL,
  `button_link` varchar(255) DEFAULT NULL,
  `background_image` text DEFAULT NULL,
  `order_index` int(11) DEFAULT 0,
  `is_visible` tinyint(1) DEFAULT 1
) ENGINE=InnoDB DEFAULT CHARSET=utf8mb4 COLLATE=utf8mb4_general_ci;

--
-- Dumping data untuk tabel `carousel_slides`
--

INSERT INTO `carousel_slides` (`id`, `title`, `slug`, `description`, `button_text`, `button_link`, `background_image`, `order_index`, `is_visible`) VALUES
('slide-1777501533719', 'Tes Slide 1', 'tes-slide-1', 'Tes Slide 1', 'Lihat Detail', 'https://www.ampta.ac.id/', 'uploads/foto_baju_koki_1777501490.jpg', 1, 1),
('slide-1777501608227', 'Tes Slide 2', 'tes-slide-2', 'Tes Slide 2', 'Lihat Detail', 'https://jurnal.ampta.ac.id/', 'uploads/screencapture-regresiipkapp-hri4gibhumniyaspcxyehz-streamlit-app-2026-04-16-21_14_39_1777501565.png', 2, 1),
('slide-1777501680625', 'Tes Slide 3', 'tes-slide-3', 'tes slide 3', 'Lihat Detail', 'https://pascasarjana.ampta.ac.id/', 'uploads/User_Journey_Map_User_Biasa_1777504646.png', 3, 1);

-- --------------------------------------------------------

--
-- Struktur dari tabel `form_kerusakan_barang`
--

CREATE TABLE `form_kerusakan_barang` (
  `id` varchar(100) NOT NULL,
  `member_id` varchar(100) DEFAULT NULL,
  `barang_id` varchar(100) DEFAULT NULL,
  `barang_name` varchar(255) NOT NULL,
  `barang_code` varchar(100) DEFAULT NULL,
  `tingkat_kerusakan` varchar(50) NOT NULL DEFAULT 'Sedang',
  `status` varchar(50) NOT NULL DEFAULT 'Pending Review',
  `deskripsi_kerusakan` longtext DEFAULT NULL,
  `waktu_kejadian` datetime DEFAULT NULL,
  `foto_kerusakan` longtext DEFAULT NULL,
  `created_at` datetime NOT NULL DEFAULT current_timestamp(),
  `updated_at` datetime NOT NULL DEFAULT current_timestamp() ON UPDATE current_timestamp()
) ENGINE=InnoDB DEFAULT CHARSET=utf8mb4 COLLATE=utf8mb4_general_ci;

--
-- Dumping data untuk tabel `form_kerusakan_barang`
--

INSERT INTO `form_kerusakan_barang` (`id`, `member_id`, `barang_id`, `barang_name`, `barang_code`, `tingkat_kerusakan`, `status`, `deskripsi_kerusakan`, `waktu_kejadian`, `foto_kerusakan`, `created_at`, `updated_at`) VALUES
('krk-1777931365119-c4ce9e', '21', 'inv-1777829576043', 'Vivo', 'KAMERA HANDPHONE', 'Hilang', 'Selesai', 'Tes Vivo Barnag Hilang', '2026-05-04 04:48:00', '[{\"url\": \"/uploads/foto_baju_koki_c9085fa4e21840b8872229559696860f.jpg\", \"name\": \"foto_baju_koki.jpg\"}]', '2026-05-05 04:49:25', '2026-05-05 04:50:34'),
('krk-1777934760297-a3fcce', '53', 'inv-1777829318188', 'Kamera Sony A6400', 'CAM-0123', 'Hilang', 'Diproses', 'Jatuh ytibatat', '2026-05-03 00:00:00', '[{\"url\": \"/uploads/s_19c060ff10f041dbab142ba720f44ff7.png\", \"name\": \"s.png\"}]', '2026-05-05 05:46:00', '2026-05-05 05:46:32'),
('krk-1778145485806-ccc49b', '21', NULL, 'Test Barang Aja', 'Test barang', 'Sedang', 'Selesai', 'Test Barang', '2026-05-07 16:00:00', '[{\"url\": \"/uploads/foto_baju_koki_c013ed71cd1047bba03bffba5e768b97.jpg\", \"name\": \"foto_baju_koki.jpg\"}]', '2026-05-07 16:18:05', '2026-05-07 16:18:16');

-- --------------------------------------------------------

--
-- Struktur dari tabel `google_maps_embed`
--

CREATE TABLE `google_maps_embed` (
  `id` int(11) NOT NULL,
  `url` text DEFAULT NULL
) ENGINE=InnoDB DEFAULT CHARSET=utf8mb4 COLLATE=utf8mb4_general_ci;

--
-- Dumping data untuk tabel `google_maps_embed`
--

INSERT INTO `google_maps_embed` (`id`, `url`) VALUES
(1, 'https://www.google.com/maps/embed?pb=!1m14!1m8!1m3!1d14308.98777372105!2d110.389635!3d-7.791248!3m2!1i1024!2i768!4f13.1!3m3!1m2!1s0x2e7a59d773957dad%3A0xae048b4c2addab14!2sGereja%20Katolik%20Paroki%20Kristus%20Raja%2C%20Baciro!5e1!3m2!1sid!2sid!4v1777498907792!5m2!1sid!2sid');

-- --------------------------------------------------------

--
-- Struktur dari tabel `instagram_posts`
--

CREATE TABLE `instagram_posts` (
  `id_instagram` varchar(100) NOT NULL,
  `judul_instagram` varchar(200) NOT NULL,
  `url_instagram` varchar(255) NOT NULL,
  `urutan` int(11) NOT NULL DEFAULT 0,
  `tgl_instagram` datetime DEFAULT current_timestamp(),
  `ip` varchar(25) DEFAULT NULL,
  `status` tinyint(1) NOT NULL DEFAULT 1
) ENGINE=InnoDB DEFAULT CHARSET=utf8mb4 COLLATE=utf8mb4_general_ci;

--
-- Dumping data untuk tabel `instagram_posts`
--

INSERT INTO `instagram_posts` (`id_instagram`, `judul_instagram`, `url_instagram`, `urutan`, `tgl_instagram`, `ip`, `status`) VALUES
('ig-1777491045898', 'Oprec Crembo 2025', 'https://www.instagram.com/p/DLM-_zlzR2Q/?utm_source=ig_web_button_share_sheet&igsh=MzRlODBiNWFlZA==', 1, '2026-04-30 02:56:49', '127.0.0.1', 1),
('ig-1777491111872', 'Tipe-tipe petugas Crembo waktu Misa', 'https://www.instagram.com/reel/DWszMKVDd4H/?utm_source=ig_web_button_share_sheet&igsh=MzRlODBiNWFlZA==', 2, '2026-04-30 02:56:49', '127.0.0.1', 1),
('ig-1777491154924', 'Dokum Tablo 2025', 'https://www.instagram.com/p/DIwR16YSqQf/?utm_source=ig_web_button_share_sheet&igsh=MzRlODBiNWFlZA==', 3, '2026-04-30 02:56:49', '127.0.0.1', 1),
('ig-1777492609498', 'Iklan EKM', 'https://www.instagram.com/p/DN2a-xE5p0C/?utm_source=ig_web_button_share_sheet&igsh=MzRlODBiNWFlZA==', 4, '2026-04-30 02:56:49', '127.0.0.1', 1);

-- --------------------------------------------------------

--
-- Struktur dari tabel `inventory_categories`
--

CREATE TABLE `inventory_categories` (
  `id` varchar(100) NOT NULL,
  `name` varchar(255) NOT NULL,
  `order_index` int(11) NOT NULL DEFAULT 0,
  `created_at` datetime NOT NULL DEFAULT current_timestamp(),
  `updated_at` datetime NOT NULL DEFAULT current_timestamp() ON UPDATE current_timestamp()
) ENGINE=InnoDB DEFAULT CHARSET=utf8mb4 COLLATE=utf8mb4_general_ci;

--
-- Dumping data untuk tabel `inventory_categories`
--

INSERT INTO `inventory_categories` (`id`, `name`, `order_index`, `created_at`, `updated_at`) VALUES
('inv-cat-01', 'Kamera', 1, '2026-05-03 15:01:06', '2026-05-03 15:01:06'),
('inv-cat-02', 'Audio', 2, '2026-05-03 15:01:06', '2026-05-03 15:01:06'),
('inv-cat-03', 'Aksesori', 3, '2026-05-03 15:01:06', '2026-05-03 15:01:06'),
('inv-cat-04', 'Switcher', 4, '2026-05-03 15:01:06', '2026-05-03 15:01:06'),
('inv-cat-05', 'Kabel', 5, '2026-05-03 15:01:06', '2026-05-03 15:01:06'),
('inv-cat-06', 'Lighting', 6, '2026-05-03 15:01:06', '2026-05-03 15:01:06'),
('inv-cat-07', 'Lainnya', 7, '2026-05-03 15:01:06', '2026-05-03 15:01:06'),
('inv-cat-5cd9367a238b', 'Lensa', 8, '2026-05-03 15:08:45', '2026-05-03 17:05:33'),
('inv-cat-501e694dca8c', 'Tripod', 9, '2026-05-03 17:05:52', '2026-05-03 17:05:52');

-- --------------------------------------------------------

--
-- Struktur dari tabel `inventory_items`
--

CREATE TABLE `inventory_items` (
  `id` varchar(100) NOT NULL,
  `code` varchar(100) NOT NULL,
  `name` varchar(255) NOT NULL,
  `category` varchar(255) NOT NULL,
  `location` varchar(255) NOT NULL,
  `purchase_date` date DEFAULT NULL,
  `purchase_price` bigint(20) DEFAULT NULL,
  `total_unit` int(11) NOT NULL DEFAULT 1,
  `available_unit` int(11) NOT NULL DEFAULT 1,
  `has_multiple` tinyint(1) NOT NULL DEFAULT 0,
  `can_borrow` tinyint(1) NOT NULL DEFAULT 1,
  `status` varchar(50) NOT NULL DEFAULT 'Tersedia',
  `notes` text DEFAULT NULL,
  `photos` longtext DEFAULT NULL,
  `unit_details` longtext DEFAULT NULL,
  `created_at` datetime NOT NULL DEFAULT current_timestamp(),
  `updated_at` datetime NOT NULL DEFAULT current_timestamp() ON UPDATE current_timestamp()
) ENGINE=InnoDB DEFAULT CHARSET=utf8mb4 COLLATE=utf8mb4_general_ci;

--
-- Dumping data untuk tabel `inventory_items`
--

INSERT INTO `inventory_items` (`id`, `code`, `name`, `category`, `location`, `purchase_date`, `purchase_price`, `total_unit`, `available_unit`, `has_multiple`, `can_borrow`, `status`, `notes`, `photos`, `unit_details`, `created_at`, `updated_at`) VALUES
('inv-1777829318188', 'CAM-0123', 'Kamera Sony A6400', 'Kamera', 'Lemari Studio A', '2026-05-01', 120000, 4, 1, 1, 1, 'Tersedia', 'Barang be able can throw', '[{\"url\": \"/uploads/IMG_1970_935e1d50e9d14a179dca3e0095f463fb.jpg\", \"name\": \"IMG_1970.JPG\", \"mimeType\": \"image/jpeg\", \"size\": 9801452, \"previewable\": true, \"kind\": \"image\"}]', '[{\"index\": 1, \"label\": \"Unit 1\", \"status\": \"Rusak\", \"reason\": \"Tes Pengembalian Barang Aura Notif\", \"available\": false}, {\"index\": 2, \"label\": \"Unit 2\", \"status\": \"Perbaikan\", \"reason\": \"Sedang diperbaiki\", \"available\": false}, {\"index\": 3, \"label\": \"Unit 3\", \"status\": \"Tersedia\", \"reason\": \"\", \"available\": true}, {\"index\": 4, \"label\": \"Unit 4\", \"status\": \"Hilang\", \"reason\": \"Belum ditemukan\", \"available\": false}]', '2026-05-04 00:28:38', '2026-05-05 03:42:48'),
('inv-1777829440454', 'XAM-12312', 'Kamera Sony A6400 Tidak bisa dipinjam', 'Kamera', 'Lemari Studio A', NULL, NULL, 3, 3, 1, 0, 'Tersedia', 'Tidak bisa dipinjam yah', '[{\"url\": \"/uploads/IMG_0724_32354fe4ec7c4a0195b597310e05f903.jpg\", \"name\": \"IMG_0724.JPG\", \"mimeType\": \"image/jpeg\", \"size\": 10259043, \"previewable\": true, \"kind\": \"image\"}]', '[{\"index\": 1, \"label\": \"Unit 1\", \"status\": \"Tersedia\", \"reason\": \"\", \"available\": true}, {\"index\": 2, \"label\": \"Unit 2\", \"status\": \"Tersedia\", \"reason\": \"\", \"available\": true}, {\"index\": 3, \"label\": \"Unit 3\", \"status\": \"Tersedia\", \"reason\": \"\", \"available\": true}]', '2026-05-04 00:30:40', '2026-05-04 00:30:40'),
('inv-1777829576043', 'KAMERA HANDPHONE', 'Vivo', 'Kamera', 'Kotak HP', NULL, NULL, 3, 2, 1, 1, 'Tersedia', '', '[{\"url\": \"/uploads/IMG_9500_c9e6b41470d542558ab9aa8561f7e302.jpg\", \"name\": \"IMG_9500.JPG\", \"mimeType\": \"image/jpeg\", \"size\": 7753217, \"previewable\": true, \"kind\": \"image\"}]', '[{\"index\": 1, \"label\": \"Unit 1\", \"status\": \"Tersedia\", \"reason\": \"Tes Pengembalian Barang Daflo Notif\", \"available\": true}, {\"index\": 2, \"label\": \"Unit 2\", \"status\": \"Perbaikan\", \"reason\": \"Sedang digunakan\", \"available\": false}, {\"index\": 3, \"label\": \"Unit 3\", \"status\": \"Tersedia\", \"reason\": \"\", \"available\": true}]', '2026-05-04 00:32:56', '2026-05-05 03:43:11'),
('inv-1777911279915', 'TES BARANG', 'TES BARANG', 'Kamera', 'asdas', '2026-05-01', 12000, 1, 0, 0, 1, 'Rusak', 'asdasd', '[{\"url\": \"/uploads/logo_crembo_hitam_8d840b6c42b241b5af7ff2371b8982b0.png\", \"name\": \"logo_crembo_hitam.png\", \"mimeType\": \"image/png\", \"size\": 119503, \"previewable\": true, \"kind\": \"image\"}]', '[{\"index\": 1, \"label\": \"Unit 1\", \"status\": \"Rusak\", \"reason\": \"Kondisi barang rusak\", \"available\": false}]', '2026-05-04 23:14:39', '2026-05-04 23:17:37');

-- --------------------------------------------------------

--
-- Struktur dari tabel `kegiatan`
--

CREATE TABLE `kegiatan` (
  `id` int(11) NOT NULL,
  `judul` varchar(255) NOT NULL,
  `tanggal` varchar(50) NOT NULL,
  `status` varchar(50) NOT NULL DEFAULT 'draft',
  `misa_json` longtext NOT NULL,
  `created_at` varchar(50) NOT NULL,
  `updated_at` varchar(50) NOT NULL,
  `misa_ke` int(11) DEFAULT NULL
) ENGINE=InnoDB DEFAULT CHARSET=utf8mb4 COLLATE=utf8mb4_general_ci;

--
-- Dumping data untuk tabel `kegiatan`
--

INSERT INTO `kegiatan` (`id`, `judul`, `tanggal`, `status`, `misa_json`, `created_at`, `updated_at`, `misa_ke`) VALUES
(1, 'Misa Rabu Abu', '2026-02-18', 'deleted', '[]', '2026-01-24 10:03:33', '2026-01-25 22:18:20', NULL),
(2, 'Misa Rabu Abu', '2026-02-18', 'deleted', '[]', '2026-01-24 10:46:01', '2026-01-25 22:18:28', NULL),
(3, 'Misa Rabu Abu', '2026-02-18', 'deleted', '[{\"misa_ke\": 1, \"jam\": \"17:00\", \"dp_username\": \"Daflo\", \"op_username\": \"Christoforus Tadeus\", \"vmix_username\": \"Claire\", \"kamera\": [\"Chris\", \"Chessa\", \"Callista\"], \"supervisor\": [\"Botun\", \"Bima\", \"Bian\"], \"fotografer\": [\"Belinda\", \"Babe\", \"Aurel\"]}, {\"misa_ke\": 2, \"jam\": \"19:01\", \"dp_username\": \"Daflo\", \"op_username\": \"Claire\", \"vmix_username\": \"Christoforus Tadeus\", \"kamera\": [\"Chris\", \"Chessa\", \"Callista\", \"Aurel\"], \"supervisor\": [\"Botun\", \"Bima\", \"Bian\"], \"fotografer\": [\"Belinda\", \"Babe\"]}]', '2026-01-25 02:01:08', '2026-01-25 22:18:05', NULL),
(4, 'Misa Rabu Abu', '2026-02-17', 'deleted', '[{\"misa_ke\": 1, \"jam\": \"18:00\", \"dp_username\": \"Vio\", \"op_username\": \"Vio\", \"vmix_username\": \"\", \"kamera\": [\"Wima\", \"Orel\", \"Lisa\"], \"supervisor\": [\"There\", \"Callista\"], \"fotografer\": [\"Stella\", \"Ketrin\"]}]', '2026-01-25 21:10:54', '2026-01-25 22:18:15', NULL),
(5, 'Misa Rabu Abu', '2026-02-17', 'publish', '[{\"misa_ke\": 1, \"jam\": \"18:00\", \"dp_username\": \"Vio\", \"op_username\": \"Lisa\", \"vmix_username\": \"\", \"kamera\": [\"Wima\", \"Orel\", \"Dhani\"], \"supervisor\": [\"There\", \"Callista\"], \"fotografer\": [\"Stella\", \"Ketrin\"]}]', '2026-01-25 22:46:53', '2026-01-31 12:50:45', NULL),
(6, 'Misa Rabu Abu', '2026-02-18', 'publish', '[{\"misa_ke\": 1, \"jam\": \"16:30\", \"dp_username\": \"Belinda\", \"op_username\": \"Christoforus Tadeus\", \"vmix_username\": \"\", \"kamera\": [\"Reva\", \"Luciana Tyas\", \"Asha\"], \"supervisor\": [\"Pria\", \"Jose\"], \"fotografer\": [\"Naresh\", \"Aruna\"]}, {\"misa_ke\": 2, \"jam\": \"18:30\", \"dp_username\": \"Aura\", \"op_username\": \"Ata Surya\", \"vmix_username\": \"\", \"kamera\": [\"Rikha\", \"Chessa\", \"Jeni\"], \"supervisor\": [\"Evan\", \"Panji\"], \"fotografer\": [\"Weka\", \"Egi\"]}]', '2026-01-25 22:52:51', '2026-01-31 12:47:44', NULL),
(7, 'Misa Minggu Palma', '2026-03-28', 'publish', '[{\"misa_ke\": 1, \"jam\": \"18:00\", \"dp_username\": \"Ata Surya\", \"op_username\": \"Aura\", \"vmix_username\": \"Regio\", \"kamera\": [\"Rikha\", \"Tita\", \"Rossa\", \"Jeni\"], \"supervisor\": [\"Claire\", \"Dhani\", \"Ifa\"], \"fotografer\": [\"Aurel\", \"Nawung\"]}]', '2026-02-22 17:56:38', '2026-02-25 18:26:03', NULL),
(8, 'Misa Minggu Palma', '2026-03-29', 'publish', '[{\"misa_ke\": 2, \"jam\": \"07:30\", \"dp_username\": \"Ketrin\", \"op_username\": \"Deva\", \"vmix_username\": \"Florencia\", \"kamera\": [\"Jeni\", \"Rikha\", \"Jose\", \"Callista\"], \"supervisor\": [\"Nadia\", \"Luciana Tyas\", \"Kanes\"], \"fotografer\": [\"Aoki\", \"Aruna\"]}, {\"misa_ke\": 3, \"jam\": \"10:00\", \"dp_username\": \"rieanaditya\", \"op_username\": \"Rafael\", \"vmix_username\": \"Wima\", \"kamera\": [\"Ata Surya\", \"Satrio\", \"Jeje\", \"Regio\"], \"supervisor\": [\"Pria\", \"Christoforus Tadeus\", \"Noel\", \"Dewi\"], \"fotografer\": [\"Paul\", \"Weka\"]}, {\"misa_ke\": 4, \"jam\": \"16:30\", \"dp_username\": \"Vio\", \"op_username\": \"Lisa\", \"vmix_username\": \"Aurel\", \"kamera\": [\"Reva\", \"Kane\", \"Arya\", \"Dhani\"], \"supervisor\": [\"Evan\", \"There\", \"Panji\"], \"fotografer\": [\"Belinda\", \"Bian\"]}, {\"misa_ke\": 5, \"jam\": \"18:30\", \"dp_username\": \"Wima\", \"op_username\": \"Orel\", \"vmix_username\": \"Asha\", \"kamera\": [\"Kanes\", \"Jose\", \"Aura\", \"Stella\"], \"supervisor\": [\"Tyas\", \"Regio\", \"Ata Surya\"], \"fotografer\": [\"Jeje\", \"Chessa\"]}]', '2026-02-22 17:59:19', '2026-03-04 16:16:34', NULL),
(9, 'Misa Kamis Putih', '2026-04-02', 'publish', '[{\"misa_ke\": 1, \"jam\": \"17:00\", \"dp_username\": \"Bian\", \"op_username\": \"Belinda\", \"vmix_username\": \"There\", \"kamera\": [\"Lisa\", \"Reva\", \"Vio\", \"Kane\"], \"supervisor\": [\"Panji\", \"Arya\", \"Evan\"], \"fotografer\": [\"Aurel\", \"Dhani\"]}, {\"misa_ke\": 2, \"jam\": \"19:30\", \"dp_username\": \"Christoforus Tadeus\", \"op_username\": \"Tita\", \"vmix_username\": \"Rossa\", \"kamera\": [\"Chessa\", \"Rikha\", \"Jeni\", \"Ifa\"], \"supervisor\": [\"Stella\", \"Arya\", \"Botun\"], \"fotografer\": [\"Claire\", \"Nawung\"]}]', '2026-02-22 18:12:11', '2026-02-25 18:25:47', NULL),
(10, 'Ibadat Jalan Salib Meditatif', '2026-04-03', 'publish', '[{\"misa_ke\": 1, \"jam\": \"09:00\", \"dp_username\": \"Shehan\", \"op_username\": \"Jeje\", \"vmix_username\": \"\", \"kamera\": [\"Nadia\", \"Lisa\"], \"supervisor\": [\"Pria\", \"Noel\"], \"fotografer\": [\"Ketrin\", \"Rafael\"]}]', '2026-02-22 18:14:17', '2026-03-04 15:16:23', NULL),
(11, 'Ibadat Jumat Agung', '2026-04-03', 'publish', '[{\"misa_ke\": 1, \"jam\": \"15:00\", \"dp_username\": \"Jeje\", \"op_username\": \"Ketrin\", \"vmix_username\": \"Deva\", \"kamera\": [\"Rafael\", \"Florencia\", \"Claire\", \"Callista\"], \"supervisor\": [\"Chessa\", \"Noel\", \"Nadia\"], \"fotografer\": [\"Regio\", \"Nawung\"]}, {\"misa_ke\": 2, \"jam\": \"18:30\", \"dp_username\": \"Orel\", \"op_username\": \"Asha\", \"vmix_username\": \"Wima\", \"kamera\": [\"Luciana Tyas\", \"Aruna\", \"Kanes\", \"Jose\"], \"supervisor\": [\"Tyas\", \"Naresh\", \"Noel\"], \"fotografer\": [\"Aura\", \"Stella\"]}]', '2026-02-22 18:18:00', '2026-03-12 18:57:33', NULL),
(12, 'Misa Malam Paskah', '2026-04-04', 'publish', '[{\"misa_ke\": 1, \"jam\": \"17:00\", \"dp_username\": \"Niko\", \"op_username\": \"Vio\", \"vmix_username\": \"Lisa\", \"kamera\": [\"Dhani\", \"Evan\", \"Bian\", \"Belinda\"], \"supervisor\": [\"Panji\", \"There\", \"Arya\"], \"fotografer\": [\"Weka\", \"Kane\"]}, {\"misa_ke\": 2, \"jam\": \"20:30\", \"dp_username\": \"Pria\", \"op_username\": \"Asha\", \"vmix_username\": \"Orel\", \"kamera\": [\"Wima\", \"Rafael\", \"Nadia\", \"Naresh\"], \"supervisor\": [\"Panji\", \"Egi\", \"Tyas\"], \"fotografer\": [\"Nawung\", \"Paul\"]}]', '2026-02-22 18:21:51', '2026-02-25 18:25:35', NULL),
(13, 'Misa Minggu Paskah', '2026-04-05', 'publish', '[{\"misa_ke\": 1, \"jam\": \"08:00\", \"dp_username\": \"Aura\", \"op_username\": \"Claire\", \"vmix_username\": \"Christoforus Tadeus\", \"kamera\": [\"Callista\", \"Kanes\", \"Chessa\", \"Botun\"], \"supervisor\": [\"Jose\", \"Aruna\", \"There\"], \"fotografer\": [\"Luciana Tyas\", \"Aoki\"]}, {\"misa_ke\": 2, \"jam\": \"18:00\", \"dp_username\": \"Deva\", \"op_username\": \"Florencia\", \"vmix_username\": \"Pria\", \"kamera\": [\"Tita\", \"Ifa\", \"Rossa\", \"Egi\"], \"supervisor\": [\"Botun\", \"Stella\", \"Naresh\"], \"fotografer\": [\"Tyas\", \"Satrio\"]}]', '2026-02-22 18:33:01', '2026-03-12 18:43:21', NULL),
(14, 'Ibadat Sabtu Suci', '2026-04-04', 'publish', '[{\"misa_ke\": 1, \"jam\": \"05:30\", \"dp_username\": \"Shehan\", \"op_username\": \"Weka\", \"vmix_username\": \"\", \"kamera\": [\"Dewi\", \"Christoforus Tadeus\"], \"supervisor\": [\"Tyas\"], \"fotografer\": [\"Paul\"]}]', '2026-03-04 15:17:21', '2026-03-14 20:57:32', NULL);

-- --------------------------------------------------------

--
-- Struktur dari tabel `kegiatan_form`
--

CREATE TABLE `kegiatan_form` (
  `id` int(11) NOT NULL,
  `judul` varchar(255) DEFAULT NULL,
  `slug` varchar(255) DEFAULT NULL,
  `jumlah_hari` int(11) DEFAULT NULL,
  `jumlah_misa` int(11) DEFAULT NULL,
  `jml_kamera` int(11) DEFAULT NULL,
  `jml_supervisor` int(11) DEFAULT NULL,
  `jml_fotografer` int(11) DEFAULT NULL,
  `misa_terakhir` date DEFAULT NULL,
  `form_json` longtext DEFAULT NULL,
  `is_published` int(11) DEFAULT 0,
  `created_at` varchar(50) DEFAULT NULL,
  `updated_at` varchar(50) DEFAULT NULL
) ENGINE=InnoDB DEFAULT CHARSET=utf8mb4 COLLATE=utf8mb4_general_ci;

-- --------------------------------------------------------

--
-- Struktur dari tabel `loan_requests`
--

CREATE TABLE `loan_requests` (
  `id` varchar(100) NOT NULL,
  `member_id` varchar(100) DEFAULT NULL,
  `barang_id` varchar(100) NOT NULL,
  `barang_name` varchar(255) NOT NULL,
  `barang_code` varchar(100) DEFAULT NULL,
  `barang_photo` text DEFAULT NULL,
  `jumlah` int(11) NOT NULL DEFAULT 1,
  `tanggal_pengajuan` date DEFAULT NULL,
  `tanggal_mulai` date DEFAULT NULL,
  `tanggal_selesai` date DEFAULT NULL,
  `tujuan` text DEFAULT NULL,
  `status` varchar(50) NOT NULL DEFAULT 'pending',
  `created_at` datetime NOT NULL DEFAULT current_timestamp(),
  `updated_at` datetime NOT NULL DEFAULT current_timestamp() ON UPDATE current_timestamp(),
  `admin_note` text DEFAULT NULL,
  `approved_by` varchar(150) DEFAULT NULL,
  `approved_at` datetime DEFAULT NULL,
  `pickup_info` longtext DEFAULT NULL,
  `pickup_at` datetime DEFAULT NULL,
  `return_info` longtext DEFAULT NULL,
  `return_at` datetime DEFAULT NULL,
  `waktu_mulai` time DEFAULT NULL,
  `waktu_selesai` time DEFAULT NULL
) ENGINE=InnoDB DEFAULT CHARSET=utf8mb4 COLLATE=utf8mb4_general_ci;

--
-- Dumping data untuk tabel `loan_requests`
--

INSERT INTO `loan_requests` (`id`, `member_id`, `barang_id`, `barang_name`, `barang_code`, `barang_photo`, `jumlah`, `tanggal_pengajuan`, `tanggal_mulai`, `tanggal_selesai`, `tujuan`, `status`, `created_at`, `updated_at`, `admin_note`, `approved_by`, `approved_at`, `pickup_info`, `pickup_at`, `return_info`, `return_at`, `waktu_mulai`, `waktu_selesai`) VALUES
('pjn-1777890821582', '21', 'inv-1777829318188', 'Kamera Sony A6400', 'CAM-0123', '/uploads/IMG_1970_935e1d50e9d14a179dca3e0095f463fb.jpg', 1, '2026-05-04', '2026-05-04', '2026-05-30', 'Buat minjem kamera acara sekolah', 'cancelled', '2026-05-05 00:33:41', '2026-05-05 00:55:33', 'Silahkan di ambil', 'Atanasius Surya', '2026-05-04 17:43:15', NULL, NULL, NULL, NULL, '00:35:00', '00:39:00'),
('pjn-1777892241918', '21', 'inv-1777829318188', 'Kamera Sony A6400', 'CAM-0123', '/uploads/IMG_1970_935e1d50e9d14a179dca3e0095f463fb.jpg', 1, '2026-05-04', '2026-05-04', '2026-07-22', 'Buat acara sekolah', 'returned', '2026-05-05 00:57:21', '2026-05-05 01:05:54', 'Ambil di lemari', 'Atanasius Surya', '2026-05-04 17:57:43', '{\"date\": \"2026-05-08\", \"time\": \"00:00\", \"location\": \"Ada di kotak kamera\", \"photo\": \"/uploads/Tanda_Tangan_Mick_Schumacher_4b6091059d3743c7a4458f2aee27cdda.png\", \"units\": [{\"status\": \"Baik\", \"reason\": \"aaaaa\"}]}', '2026-05-04 17:58:43', '{\"date\": \"2026-05-26\", \"time\": \"01:05\", \"location\": \"asdad\", \"photo\": \"/uploads/foto_baju_koki_e08f3c6bc406490087586b6f00ea0c8e.jpg\", \"units\": [{\"status\": \"Baik\", \"reason\": \"asdasd\"}]}', '2026-05-04 18:05:54', '00:57:00', '00:00:00'),
('pjn-1777892808284', '21', 'inv-1777829318188', 'Kamera Sony A6400', 'CAM-0123', '/uploads/IMG_1970_935e1d50e9d14a179dca3e0095f463fb.jpg', 2, '2026-05-04', '2026-05-06', '2026-05-07', 'asdasdasd', 'returned', '2026-05-05 01:06:48', '2026-05-05 01:16:45', '', 'Atanasius Surya', '2026-05-04 18:07:06', '{\"date\": \"2026-05-05\", \"time\": \"01:12\", \"location\": \"ssadas\", \"photo\": \"/uploads/screencapture-regresiipkapp-hri4gibhumniyaspcxyehz-streamlit-app-2026-04-16-21_14_39_1fca7224be4b4b52ae8e7442b32a99a3.png\", \"units\": [{\"status\": \"Baik\", \"reason\": \"\"}, {\"status\": \"Baik\", \"reason\": \"\"}]}', '2026-05-04 18:12:44', '{\"date\": \"2026-05-05\", \"time\": \"01:16\", \"location\": \"asdsa\", \"photo\": \"/uploads/screencapture-input-ta-ampta-wuaze-2026-04-07-11_07_40_66811b67992949cda3f07e4129ea0f49.png\", \"units\": [{\"status\": \"Baik\", \"reason\": \"asdasd\"}, {\"status\": \"Baik\", \"reason\": \"asdasd\"}]}', '2026-05-04 18:16:45', '01:08:00', '01:12:00'),
('pjn-1777893434690', '21', 'inv-1777829318188', 'Kamera Sony A6400', 'CAM-0123', '/uploads/IMG_1970_935e1d50e9d14a179dca3e0095f463fb.jpg', 1, '2026-05-04', '2026-05-05', '2026-07-20', 'Buat acara sekolah lagi', 'cancelled', '2026-05-05 01:17:14', '2026-05-05 01:29:41', '', 'Atanasius Surya', '2026-05-04 18:17:25', NULL, NULL, NULL, NULL, '01:21:00', '01:21:00'),
('pjn-1777894207693', '21', 'inv-1777829576043', 'Vivo', 'KAMERA HANDPHONE', '/uploads/IMG_9500_c9e6b41470d542558ab9aa8561f7e302.jpg', 1, '2026-05-04', '2026-05-05', '2026-07-09', 'Buat ujian', 'returned', '2026-05-05 01:30:07', '2026-05-05 01:50:14', 'Ambil di ruang atas yah', 'Atanasius Surya', '2026-05-04 18:30:24', '{\"date\": \"2026-05-05\", \"time\": \"01:43\", \"location\": \"Tes Kondisi baik\", \"photo\": \"/uploads/foto_baju_koki_a677257c74d34780a75dbe1ea32faae8.jpg\", \"units\": [{\"status\": \"Baik\", \"reason\": \"Tes Kondisi baik\"}]}', '2026-05-04 18:43:51', '{\"date\": \"2026-05-05\", \"time\": \"01:49\", \"location\": \"tempat kamera\", \"photo\": \"/uploads/screencapture-regresiipkapp-hri4gibhumniyaspcxyehz-streamlit-app-2026-04-16-21_14_39_dd6ba77b85fb4d36989602be52069517.png\", \"units\": [{\"status\": \"Hilang\", \"reason\": \"\"}]}', '2026-05-04 18:50:14', '07:29:00', '01:32:00'),
('pjn-1777895467191', '21', 'inv-1777829576043', 'Vivo', 'KAMERA HANDPHONE', '/uploads/IMG_9500_c9e6b41470d542558ab9aa8561f7e302.jpg', 1, '2026-05-04', '2026-05-08', '2026-05-16', 'Tes Input rusak', 'returned', '2026-05-05 01:51:07', '2026-05-05 01:52:08', 'Tes Input Rusak', 'Atanasius Surya', '2026-05-04 18:51:20', '{\"date\": \"2026-05-05\", \"time\": \"01:51\", \"location\": \"Tes Input rusak\", \"photo\": \"/uploads/foto_baju_koki_cf3e2f5a8ee349ffadbb32b3452692db.jpg\", \"units\": [{\"status\": \"Rusak\", \"reason\": \"Tes Input Rusak\"}]}', '2026-05-04 18:51:46', '{\"date\": \"2026-05-05\", \"time\": \"01:51\", \"location\": \"tempat kamera\", \"photo\": \"/uploads/screencapture-regresiipkapp-hri4gibhumniyaspcxyehz-streamlit-app-2026-04-16-21_14_39_2eb74d1535bd437d8a98c4dcbb64a73c.png\", \"units\": [{\"status\": \"Baik\", \"reason\": \"Sudah dibaikin\"}]}', '2026-05-04 18:52:08', '01:52:00', '01:55:00'),
('pjn-1777895680410', '21', 'inv-1777829318188', 'Kamera Sony A6400', 'CAM-0123', '/uploads/IMG_1970_935e1d50e9d14a179dca3e0095f463fb.jpg', 1, '2026-05-04', '2026-05-05', '2026-05-26', 'Tes ada catatatn semua', 'returned', '2026-05-05 01:54:40', '2026-05-05 01:55:20', 'Tes ada catatna semua', 'Atanasius Surya', '2026-05-04 18:54:52', '{\"date\": \"2026-05-05\", \"time\": \"01:54\", \"location\": \"Tes ada catatan semua\", \"photo\": \"/uploads/foto_baju_koki_b2088af8a0ad4afd8c93b0e440f3ffcd.jpg\", \"units\": [{\"status\": \"Baik\", \"reason\": \"Tes ada catatan semua\"}]}', '2026-05-04 18:55:09', '{\"date\": \"2026-05-05\", \"time\": \"01:56\", \"location\": \"Tes ada catatan semua\", \"photo\": \"/uploads/screencapture-regresiipkapp-hri4gibhumniyaspcxyehz-streamlit-app-2026-04-16-21_14_39_f1fa6e4f6ea742cf82e93f0d98bed1c2.png\", \"units\": [{\"status\": \"Baik\", \"reason\": \"Tes ada catatan semua\"}]}', '2026-05-04 18:55:20', '01:58:00', '01:59:00'),
('pjn-1777899770617', '21', 'inv-1777829576043', 'Vivo', 'KAMERA HANDPHONE', '/uploads/IMG_9500_c9e6b41470d542558ab9aa8561f7e302.jpg', 1, '2026-05-04', '2026-05-05', '2026-06-26', 'Tes Notif Aura Minjam', 'rejected', '2026-05-05 03:02:50', '2026-05-05 03:14:21', 'gagal', 'Atanasius Surya', '2026-05-04 20:14:21', NULL, NULL, NULL, NULL, '03:05:00', '03:07:00'),
('pjn-1777899807854', '53', 'inv-1777829318188', 'Kamera Sony A6400', 'CAM-0123', '/uploads/IMG_1970_935e1d50e9d14a179dca3e0095f463fb.jpg', 1, '2026-05-04', '2026-05-05', '2026-08-28', 'Tes Notif Daflo Minjam', 'rejected', '2026-05-05 03:03:27', '2026-05-05 03:14:25', 'gagal', 'Atanasius Surya', '2026-05-04 20:14:25', NULL, NULL, NULL, NULL, '03:06:00', '03:08:00'),
('pjn-1777900524757', '21', 'inv-1777829318188', 'Kamera Sony A6400', 'CAM-0123', '/uploads/IMG_1970_935e1d50e9d14a179dca3e0095f463fb.jpg', 1, '2026-05-04', '2026-05-05', '2026-06-26', 'Tes Aktigvitasi Hari Ini Aura', 'rejected', '2026-05-05 03:15:24', '2026-05-05 03:21:19', '', 'Atanasius Surya', '2026-05-04 20:21:19', NULL, NULL, NULL, NULL, '03:17:00', '03:21:00'),
('pjn-1777900564632', '53', 'inv-1777829576043', 'Vivo', 'KAMERA HANDPHONE', '/uploads/IMG_9500_c9e6b41470d542558ab9aa8561f7e302.jpg', 1, '2026-05-04', '2026-05-05', '2026-05-30', 'Tes Aktigvitasi Hari Ini Daflo', 'rejected', '2026-05-05 03:16:04', '2026-05-05 03:21:16', '', 'Atanasius Surya', '2026-05-04 20:21:16', NULL, NULL, NULL, NULL, '03:16:00', '03:50:00'),
('pjn-1777900923876', '53', 'inv-1777829576043', 'Vivo', 'KAMERA HANDPHONE', '/uploads/IMG_9500_c9e6b41470d542558ab9aa8561f7e302.jpg', 1, '2026-05-04', '2026-05-05', '2026-05-30', 'qasdasd', 'returned', '2026-05-05 03:22:03', '2026-05-05 03:43:11', 'Silahkan ambil', 'Atanasius Surya', '2026-05-04 20:39:53', '{\"date\": \"2026-05-05\", \"time\": \"10:00\", \"location\": \"Test Ambil Barang\", \"photo\": \"/uploads/sertifikat-anggota-zxczxczxc_8a3be7090a134b79b409acdb10835702.jpg\", \"units\": [{\"status\": \"Baik\", \"reason\": \"Tes Daflo ambil barang notif\"}]}', '2026-05-04 20:41:37', '{\"date\": \"2026-05-31\", \"time\": \"03:42\", \"location\": \"Tes Pengembalian Barang Daflo Notif\", \"photo\": \"/uploads/screencapture-10-10-10-85-admin-dashboard-2026-04-07-11_11_45_baf4f95570ba4abdb99a34c90bcd0820.png\", \"units\": [{\"status\": \"Baik\", \"reason\": \"Tes Pengembalian Barang Daflo Notif\"}]}', '2026-05-04 20:43:11', '03:24:00', '03:28:00'),
('pjn-1777901560809', '21', 'inv-1777829318188', 'Kamera Sony A6400', 'CAM-0123', '/uploads/IMG_1970_935e1d50e9d14a179dca3e0095f463fb.jpg', 1, '2026-05-04', '2026-05-05', '2026-05-14', 'Tes Notif Minjam Aura', 'returned', '2026-05-05 03:32:40', '2026-05-05 03:42:48', 'Silahkan ambil', 'Atanasius Surya', '2026-05-04 20:39:49', '{\"date\": \"2026-05-06\", \"time\": \"05:00\", \"location\": \"Tes Ambil Barang Aura Notif\", \"photo\": \"/uploads/screencapture-10-10-10-85-admin-dashboard-2026-04-07-11_11_45_626db82a93884a88aa0035ca1fab1070.png\", \"units\": [{\"status\": \"Baik\", \"reason\": \"Tes Ambil Barang Aura Notif\"}]}', '2026-05-04 20:42:22', '{\"date\": \"2026-05-30\", \"time\": \"03:44\", \"location\": \"Tes Pengembalian Barang Aura Notif\", \"photo\": \"/uploads/screencapture-input-ta-ampta-wuaze-2026-04-07-11_07_40_cc91918a47674cd28423188c4931b60d.png\", \"units\": [{\"status\": \"Rusak\", \"reason\": \"Tes Pengembalian Barang Aura Notif\"}]}', '2026-05-04 20:42:48', '03:35:00', '03:36:00'),
('pjn-1777902302335', '53', 'inv-1777829576043', 'Vivo', 'KAMERA HANDPHONE', '/uploads/IMG_9500_c9e6b41470d542558ab9aa8561f7e302.jpg', 1, '2026-05-04', '2026-05-12', '2026-05-31', 'Tes Daflo Notif Barang aktivitas', 'pending', '2026-05-05 03:45:02', '2026-05-05 03:45:02', NULL, NULL, NULL, NULL, NULL, NULL, NULL, '03:46:00', '03:49:00');

-- --------------------------------------------------------

--
-- Struktur dari tabel `misa_besar`
--

CREATE TABLE `misa_besar` (
  `id` int(11) NOT NULL,
  `misa_name` varchar(255) NOT NULL,
  `misa_date` date NOT NULL,
  `misa_time` time NOT NULL,
  `misa_note` text DEFAULT NULL,
  `allow_member_request` tinyint(1) DEFAULT 0,
  `status` enum('draft','published') DEFAULT 'draft',
  `created_at` timestamp NOT NULL DEFAULT current_timestamp()
) ENGINE=InnoDB DEFAULT CHARSET=utf8mb4 COLLATE=utf8mb4_general_ci;

--
-- Dumping data untuk tabel `misa_besar`
--

INSERT INTO `misa_besar` (`id`, `misa_name`, `misa_date`, `misa_time`, `misa_note`, `allow_member_request`, `status`, `created_at`) VALUES
(16, 'Perayaan Ekaristi Hari Raya Kenaikan Tuhan Hari Rabu 18.00', '2026-05-13', '18:00:00', '', 0, 'published', '2026-05-13 13:20:21'),
(17, 'Perayaan Ekaristi Hari Raya Kenaikan Tuhan Hari Kamis 07.30', '2026-05-14', '07:30:00', '', 0, 'published', '2026-05-13 13:21:44'),
(18, 'Perayaan Ekaristi Hari Raya Kenaikan Tuhan Hari Kamis 10.00', '2026-05-14', '10:00:00', '', 0, 'published', '2026-05-13 13:22:50'),
(19, 'Perayaan Ekaristi Hari Raya Kenaikan Tuhan Hari Kamis 16.30', '2026-05-14', '16:30:00', '', 0, 'published', '2026-05-13 13:24:10'),
(20, 'Perayaan Ekaristi Hari Raya Kenaikan Tuhan Hari Kamis 18.30', '2026-05-14', '18:30:00', '', 0, 'published', '2026-05-13 13:25:06');

-- --------------------------------------------------------

--
-- Struktur dari tabel `misa_besar_assignments`
--

CREATE TABLE `misa_besar_assignments` (
  `id` int(11) NOT NULL,
  `role_id` int(11) NOT NULL,
  `member_id` int(11) NOT NULL,
  `created_at` datetime NOT NULL DEFAULT current_timestamp(),
  `request_source` varchar(30) NOT NULL DEFAULT 'admin'
) ENGINE=InnoDB DEFAULT CHARSET=utf8mb4 COLLATE=utf8mb4_general_ci;

--
-- Dumping data untuk tabel `misa_besar_assignments`
--

INSERT INTO `misa_besar_assignments` (`id`, `role_id`, `member_id`, `created_at`, `request_source`) VALUES
(135, 166, 49, '2026-05-13 20:20:21', 'admin'),
(136, 167, 22, '2026-05-13 20:20:21', 'admin'),
(137, 168, 25, '2026-05-13 20:20:21', 'admin'),
(138, 169, 59, '2026-05-13 20:21:44', 'admin'),
(139, 170, 65, '2026-05-13 20:21:44', 'admin'),
(140, 171, 66, '2026-05-13 20:21:44', 'admin'),
(141, 172, 69, '2026-05-13 20:22:50', 'admin'),
(142, 173, 68, '2026-05-13 20:22:50', 'admin'),
(143, 174, 27, '2026-05-13 20:22:50', 'admin'),
(144, 175, 70, '2026-05-13 20:24:10', 'admin'),
(145, 176, 61, '2026-05-13 20:24:10', 'admin'),
(146, 177, 71, '2026-05-13 20:24:10', 'admin'),
(147, 178, 67, '2026-05-13 20:25:06', 'admin'),
(148, 179, 74, '2026-05-13 20:25:06', 'admin'),
(149, 180, 20, '2026-05-13 20:25:06', 'admin');

-- --------------------------------------------------------

--
-- Struktur dari tabel `misa_besar_names`
--

CREATE TABLE `misa_besar_names` (
  `id` int(11) NOT NULL,
  `misa_id` int(11) NOT NULL,
  `role_name` varchar(100) NOT NULL,
  `required_count` int(11) NOT NULL DEFAULT 1
) ENGINE=InnoDB DEFAULT CHARSET=utf8mb4 COLLATE=utf8mb4_general_ci;

--
-- Dumping data untuk tabel `misa_besar_names`
--

INSERT INTO `misa_besar_names` (`id`, `misa_id`, `role_name`, `required_count`) VALUES
(166, 16, 'OP', 1),
(167, 16, 'Kamera', 1),
(168, 16, 'Supervisor', 1),
(169, 17, 'OP', 1),
(170, 17, 'Kamera', 1),
(171, 17, 'Supervisor', 1),
(172, 18, 'OP', 1),
(173, 18, 'Kamera', 1),
(174, 18, 'Supervisor', 1),
(175, 19, 'OP', 1),
(176, 19, 'Kamera', 1),
(177, 19, 'Supervisor', 1),
(178, 20, 'PD', 1),
(179, 20, 'OP', 1),
(180, 20, 'Kamera', 1);

-- --------------------------------------------------------

--
-- Struktur dari tabel `monthly_task_settings`
--

CREATE TABLE `monthly_task_settings` (
  `id` varchar(50) NOT NULL,
  `target_minimum` int(11) NOT NULL DEFAULT 2,
  `updated_at` datetime NOT NULL DEFAULT current_timestamp() ON UPDATE current_timestamp()
) ENGINE=InnoDB DEFAULT CHARSET=utf8mb4 COLLATE=utf8mb4_general_ci;

--
-- Dumping data untuk tabel `monthly_task_settings`
--

INSERT INTO `monthly_task_settings` (`id`, `target_minimum`, `updated_at`) VALUES
('default', 3, '2026-05-13 13:20:55');

-- --------------------------------------------------------

--
-- Struktur dari tabel `news`
--

CREATE TABLE `news` (
  `id` varchar(100) NOT NULL,
  `title` varchar(500) NOT NULL,
  `slug` varchar(500) NOT NULL,
  `content` longtext NOT NULL,
  `summary` text DEFAULT NULL,
  `thumbnails` longtext CHARACTER SET utf8mb4 COLLATE utf8mb4_bin DEFAULT NULL CHECK (json_valid(`thumbnails`)),
  `attachments` longtext CHARACTER SET utf8mb4 COLLATE utf8mb4_bin DEFAULT NULL CHECK (json_valid(`attachments`)),
  `status` varchar(20) DEFAULT 'draft',
  `published_at` datetime DEFAULT NULL,
  `created_at` datetime DEFAULT current_timestamp(),
  `updated_at` datetime DEFAULT current_timestamp() ON UPDATE current_timestamp()
) ENGINE=InnoDB DEFAULT CHARSET=utf8mb4 COLLATE=utf8mb4_general_ci;

--
-- Dumping data untuk tabel `news`
--

INSERT INTO `news` (`id`, `title`, `slug`, `content`, `summary`, `thumbnails`, `attachments`, `status`, `published_at`, `created_at`, `updated_at`) VALUES
('news-1777593072897', 'Test Berita', 't', '<p style=\"margin: 0px 0px 1rem; border-width: 0px; border-style: solid; border-color: rgb(238, 238, 238); --tw-border-spacing-x: 0; --tw-border-spacing-y: 0; --tw-translate-x: 0; --tw-translate-y: 0; --tw-rotate: 0; --tw-skew-x: 0; --tw-skew-y: 0; --tw-scale-x: 1; --tw-scale-y: 1; --tw-pan-x: ; --tw-pan-y: ; --tw-pinch-zoom: ; --tw-scroll-snap-strictness: proximity; --tw-gradient-from-position: ; --tw-gradient-via-position: ; --tw-gradient-to-position: ; --tw-ordinal: ; --tw-slashed-zero: ; --tw-numeric-figure: ; --tw-numeric-spacing: ; --tw-numeric-fraction: ; --tw-ring-inset: ; --tw-ring-offset-width: 0px; --tw-ring-offset-color: #fff; --tw-ring-color: rgb(33 150 243 / .5); --tw-ring-offset-shadow: 0 0 #0000; --tw-ring-shadow: 0 0 #0000; --tw-shadow: 0 0 #0000; --tw-shadow-colored: 0 0 #0000; --tw-blur: ; --tw-brightness: ; --tw-contrast: ; --tw-grayscale: ; --tw-hue-rotate: ; --tw-invert: ; --tw-saturate: ; --tw-sepia: ; --tw-drop-shadow: ; --tw-backdrop-blur: ; --tw-backdrop-brightness: ; --tw-backdrop-contrast: ; --tw-backdrop-grayscale: ; --tw-backdrop-hue-rotate: ; --tw-backdrop-invert: ; --tw-backdrop-opacity: ; --tw-backdrop-saturate: ; --tw-backdrop-sepia: ; color: rgb(0, 0, 0); font-family: Poppins, Poppins;\"><span style=\"border-width: 0px; border-style: solid; border-color: rgb(238, 238, 238); --tw-border-spacing-x: 0; --tw-border-spacing-y: 0; --tw-translate-x: 0; --tw-translate-y: 0; --tw-rotate: 0; --tw-skew-x: 0; --tw-skew-y: 0; --tw-scale-x: 1; --tw-scale-y: 1; --tw-pan-x: ; --tw-pan-y: ; --tw-pinch-zoom: ; --tw-scroll-snap-strictness: proximity; --tw-gradient-from-position: ; --tw-gradient-via-position: ; --tw-gradient-to-position: ; --tw-ordinal: ; --tw-slashed-zero: ; --tw-numeric-figure: ; --tw-numeric-spacing: ; --tw-numeric-fraction: ; --tw-ring-inset: ; --tw-ring-offset-width: 0px; --tw-ring-offset-color: #fff; --tw-ring-color: rgb(33 150 243 / .5); --tw-ring-offset-shadow: 0 0 #0000; --tw-ring-shadow: 0 0 #0000; --tw-shadow: 0 0 #0000; --tw-shadow-colored: 0 0 #0000; --tw-blur: ; --tw-brightness: ; --tw-contrast: ; --tw-grayscale: ; --tw-hue-rotate: ; --tw-invert: ; --tw-saturate: ; --tw-sepia: ; --tw-drop-shadow: ; --tw-backdrop-blur: ; --tw-backdrop-brightness: ; --tw-backdrop-contrast: ; --tw-backdrop-grayscale: ; --tw-backdrop-hue-rotate: ; --tw-backdrop-invert: ; --tw-backdrop-opacity: ; --tw-backdrop-saturate: ; --tw-backdrop-sepia: ;\"><b>Departemen Informatika Fakultas Teknologi Industri (FTI) Universitas Atma Jaya Yogyakarta (UAJY)</b><br><br>bekerja sama dengan BlockDevID menyelenggarakan Seminar dan Workshop Blockchain &amp; Web3 Development yang bertempat di Ruang Auditorium Kampus III Gedung St. Bonaventura, pada Senin (9/2/2026). Kegiatan ini bertujuan untuk memperkenalkan teknologi blockchain dan Web3 kepada sivitas akademika serta masyarakat umum melalui pemaparan materi dan bimbingan teknis secara langsung oleh praktisi industri. Seminar dan workshop ini diikuti oleh peserta yang berasal dari lingkungan UAJY maupun luar UAJY. Selain itu, kegiatan ini juga dihadiri oleh peserta dari komunitas tuli dan dengar Daerah Istimewa Yogyakarta sebagai wujud komitmen terhadap inklusivitas dalam pengembangan teknologi. Seminar dan workshop ini mengusung tema “From Zero to Builder - Empowering Local Talents in a Decentralized Future” dan terdiri atas tiga sesi utama. Sesi pertama disampaikan oleh Dennis selaku Head of Community BlockDevID dengan materi Blockchain 101 &amp; Career Opportunity yang membahas pengenalan dasar teknologi blockchain serta peluang karir di bidang Web3. Sesi kedua dibawakan oleh Yanzero, Founder DevWeb3 Jogja, dengan topik How Web3 Products Are Actually Built yang mengulas proses pengembangan produk Web3 secara nyata. Sesi ketiga berupa coding workshop yang dipandu oleh Alex dari DevRel Base Indonesia, yang memberikan pendampingan teknis kepada peserta melalui praktik langsung pengembangan aplikasi berbasis Web3.</span></p><figure style=\"border-width: 0px; border-style: solid; border-color: rgb(238, 238, 238); --tw-border-spacing-x: 0; --tw-border-spacing-y: 0; --tw-translate-x: 0; --tw-translate-y: 0; --tw-rotate: 0; --tw-skew-x: 0; --tw-skew-y: 0; --tw-scale-x: 1; --tw-scale-y: 1; --tw-pan-x: ; --tw-pan-y: ; --tw-pinch-zoom: ; --tw-scroll-snap-strictness: proximity; --tw-gradient-from-position: ; --tw-gradient-via-position: ; --tw-gradient-to-position: ; --tw-ordinal: ; --tw-slashed-zero: ; --tw-numeric-figure: ; --tw-numeric-spacing: ; --tw-numeric-fraction: ; --tw-ring-inset: ; --tw-ring-offset-width: 0px; --tw-ring-offset-color: #fff; --tw-ring-color: rgb(33 150 243 / .5); --tw-ring-offset-shadow: 0 0 #0000; --tw-ring-shadow: 0 0 #0000; --tw-shadow: 0 0 #0000; --tw-shadow-colored: 0 0 #0000; --tw-blur: ; --tw-brightness: ; --tw-contrast: ; --tw-grayscale: ; --tw-hue-rotate: ; --tw-invert: ; --tw-saturate: ; --tw-sepia: ; --tw-drop-shadow: ; --tw-backdrop-blur: ; --tw-backdrop-brightness: ; --tw-backdrop-contrast: ; --tw-backdrop-grayscale: ; --tw-backdrop-hue-rotate: ; --tw-backdrop-invert: ; --tw-backdrop-opacity: ; --tw-backdrop-saturate: ; --tw-backdrop-sepia: ; margin: 1rem auto; text-align: center; width: 1152px; color: rgb(0, 0, 0); font-family: Poppins, Poppins;\"><img src=\"https://inf.uajy.ac.id/be/uploads/716c2bc4-9559-44c6-9418-2c7c45ec7c9e?r=1774503605000\" alt=\"\" width=\"512\" style=\"border-width: 0px; border-style: solid; border-color: rgb(238, 238, 238); --tw-border-spacing-x: 0; --tw-border-spacing-y: 0; --tw-translate-x: 0; --tw-translate-y: 0; --tw-rotate: 0; --tw-skew-x: 0; --tw-skew-y: 0; --tw-scale-x: 1; --tw-scale-y: 1; --tw-pan-x: ; --tw-pan-y: ; --tw-pinch-zoom: ; --tw-scroll-snap-strictness: proximity; --tw-gradient-from-position: ; --tw-gradient-via-position: ; --tw-gradient-to-position: ; --tw-ordinal: ; --tw-slashed-zero: ; --tw-numeric-figure: ; --tw-numeric-spacing: ; --tw-numeric-fraction: ; --tw-ring-inset: ; --tw-ring-offset-width: 0px; --tw-ring-offset-color: #fff; --tw-ring-color: rgb(33 150 243 / .5); --tw-ring-offset-shadow: 0 0 #0000; --tw-ring-shadow: 0 0 #0000; --tw-shadow: 0 0 #0000; --tw-shadow-colored: 0 0 #0000; --tw-blur: ; --tw-brightness: ; --tw-contrast: ; --tw-grayscale: ; --tw-hue-rotate: ; --tw-invert: ; --tw-saturate: ; --tw-sepia: ; --tw-drop-shadow: ; --tw-backdrop-blur: ; --tw-backdrop-brightness: ; --tw-backdrop-contrast: ; --tw-backdrop-grayscale: ; --tw-backdrop-hue-rotate: ; --tw-backdrop-invert: ; --tw-backdrop-opacity: ; --tw-backdrop-saturate: ; --tw-backdrop-sepia: ; display: block; vertical-align: middle; max-height: 70vh; width: 1152px; object-fit: contain; margin: auto;\"></figure><p style=\"border-width: 0px; border-style: solid; border-color: rgb(238, 238, 238); --tw-border-spacing-x: 0; --tw-border-spacing-y: 0; --tw-translate-x: 0; --tw-translate-y: 0; --tw-rotate: 0; --tw-skew-x: 0; --tw-skew-y: 0; --tw-scale-x: 1; --tw-scale-y: 1; --tw-pan-x: ; --tw-pan-y: ; --tw-pinch-zoom: ; --tw-scroll-snap-strictness: proximity; --tw-gradient-from-position: ; --tw-gradient-via-position: ; --tw-gradient-to-position: ; --tw-ordinal: ; --tw-slashed-zero: ; --tw-numeric-figure: ; --tw-numeric-spacing: ; --tw-numeric-fraction: ; --tw-ring-inset: ; --tw-ring-offset-width: 0px; --tw-ring-offset-color: #fff; --tw-ring-color: rgb(33 150 243 / .5); --tw-ring-offset-shadow: 0 0 #0000; --tw-ring-shadow: 0 0 #0000; --tw-shadow: 0 0 #0000; --tw-shadow-colored: 0 0 #0000; --tw-blur: ; --tw-brightness: ; --tw-contrast: ; --tw-grayscale: ; --tw-hue-rotate: ; --tw-invert: ; --tw-saturate: ; --tw-sepia: ; --tw-drop-shadow: ; --tw-backdrop-blur: ; --tw-backdrop-brightness: ; --tw-backdrop-contrast: ; --tw-backdrop-grayscale: ; --tw-backdrop-hue-rotate: ; --tw-backdrop-invert: ; --tw-backdrop-opacity: ; --tw-backdrop-saturate: ; --tw-backdrop-sepia: ; margin: 0px 0px 1rem; color: rgb(0, 0, 0); font-family: Poppins, Poppins;\"><span style=\"border-width: 0px; border-style: solid; border-color: rgb(238, 238, 238); --tw-border-spacing-x: 0; --tw-border-spacing-y: 0; --tw-translate-x: 0; --tw-translate-y: 0; --tw-rotate: 0; --tw-skew-x: 0; --tw-skew-y: 0; --tw-scale-x: 1; --tw-scale-y: 1; --tw-pan-x: ; --tw-pan-y: ; --tw-pinch-zoom: ; --tw-scroll-snap-strictness: proximity; --tw-gradient-from-position: ; --tw-gradient-via-position: ; --tw-gradient-to-position: ; --tw-ordinal: ; --tw-slashed-zero: ; --tw-numeric-figure: ; --tw-numeric-spacing: ; --tw-numeric-fraction: ; --tw-ring-inset: ; --tw-ring-offset-width: 0px; --tw-ring-offset-color: #fff; --tw-ring-color: rgb(33 150 243 / .5); --tw-ring-offset-shadow: 0 0 #0000; --tw-ring-shadow: 0 0 #0000; --tw-shadow: 0 0 #0000; --tw-shadow-colored: 0 0 #0000; --tw-blur: ; --tw-brightness: ; --tw-contrast: ; --tw-grayscale: ; --tw-hue-rotate: ; --tw-invert: ; --tw-saturate: ; --tw-sepia: ; --tw-drop-shadow: ; --tw-backdrop-blur: ; --tw-backdrop-brightness: ; --tw-backdrop-contrast: ; --tw-backdrop-grayscale: ; --tw-backdrop-hue-rotate: ; --tw-backdrop-invert: ; --tw-backdrop-opacity: ; --tw-backdrop-saturate: ; --tw-backdrop-sepia: ;\">Dekan Fakultas Teknologi Industri (FTI) UAJY, Prof. Dr. Ir. Parama Kartika Dewa, S.P., S.T., M.T., IPU., dalam sambutannya menyampaikan apresiasi atas terselenggaranya kegiatan ini. Ia menekankan pentingnya kolaborasi antara perguruan tinggi dan industri dalam mempersiapkan sumber daya manusia yang adaptif terhadap perkembangan teknologi digital. Sementara itu, Ketua Departemen Informatika UAJY, Paulus Mudjihartono, S.T., M.T., Ph.D., menyampaikan bahwa pengenalan teknologi blockchain dan Web3 menjadi langkah strategis dalam memperluas wawasan mahasiswa terhadap teknologi informasi terkini yang memiliki potensi besar di masa depan.</span></p><p style=\"border-width: 0px; border-style: solid; border-color: rgb(238, 238, 238); --tw-border-spacing-x: 0; --tw-border-spacing-y: 0; --tw-translate-x: 0; --tw-translate-y: 0; --tw-rotate: 0; --tw-skew-x: 0; --tw-skew-y: 0; --tw-scale-x: 1; --tw-scale-y: 1; --tw-pan-x: ; --tw-pan-y: ; --tw-pinch-zoom: ; --tw-scroll-snap-strictness: proximity; --tw-gradient-from-position: ; --tw-gradient-via-position: ; --tw-gradient-to-position: ; --tw-ordinal: ; --tw-slashed-zero: ; --tw-numeric-figure: ; --tw-numeric-spacing: ; --tw-numeric-fraction: ; --tw-ring-inset: ; --tw-ring-offset-width: 0px; --tw-ring-offset-color: #fff; --tw-ring-color: rgb(33 150 243 / .5); --tw-ring-offset-shadow: 0 0 #0000; --tw-ring-shadow: 0 0 #0000; --tw-shadow: 0 0 #0000; --tw-shadow-colored: 0 0 #0000; --tw-blur: ; --tw-brightness: ; --tw-contrast: ; --tw-grayscale: ; --tw-hue-rotate: ; --tw-invert: ; --tw-saturate: ; --tw-sepia: ; --tw-drop-shadow: ; --tw-backdrop-blur: ; --tw-backdrop-brightness: ; --tw-backdrop-contrast: ; --tw-backdrop-grayscale: ; --tw-backdrop-hue-rotate: ; --tw-backdrop-invert: ; --tw-backdrop-opacity: ; --tw-backdrop-saturate: ; --tw-backdrop-sepia: ; margin: 0px 0px 1rem; color: rgb(0, 0, 0); font-family: Poppins, Poppins;\"><span style=\"border-width: 0px; border-style: solid; border-color: rgb(238, 238, 238); --tw-border-spacing-x: 0; --tw-border-spacing-y: 0; --tw-translate-x: 0; --tw-translate-y: 0; --tw-rotate: 0; --tw-skew-x: 0; --tw-skew-y: 0; --tw-scale-x: 1; --tw-scale-y: 1; --tw-pan-x: ; --tw-pan-y: ; --tw-pinch-zoom: ; --tw-scroll-snap-strictness: proximity; --tw-gradient-from-position: ; --tw-gradient-via-position: ; --tw-gradient-to-position: ; --tw-ordinal: ; --tw-slashed-zero: ; --tw-numeric-figure: ; --tw-numeric-spacing: ; --tw-numeric-fraction: ; --tw-ring-inset: ; --tw-ring-offset-width: 0px; --tw-ring-offset-color: #fff; --tw-ring-color: rgb(33 150 243 / .5); --tw-ring-offset-shadow: 0 0 #0000; --tw-ring-shadow: 0 0 #0000; --tw-shadow: 0 0 #0000; --tw-shadow-colored: 0 0 #0000; --tw-blur: ; --tw-brightness: ; --tw-contrast: ; --tw-grayscale: ; --tw-hue-rotate: ; --tw-invert: ; --tw-saturate: ; --tw-sepia: ; --tw-drop-shadow: ; --tw-backdrop-blur: ; --tw-backdrop-brightness: ; --tw-backdrop-contrast: ; --tw-backdrop-grayscale: ; --tw-backdrop-hue-rotate: ; --tw-backdrop-invert: ; --tw-backdrop-opacity: ; --tw-backdrop-saturate: ; --tw-backdrop-sepia: ;\">Salah satu peserta kegiatan, Marcella Averina, menyampaikan bahwa kegiatan ini memberikan pengalaman yang bermanfaat. “Acara ini menarik dan menambah wawasan karena blockchain masih jarang dibahas, terutama di bangku kuliah. Saya berharap kedepannya semakin banyak kegiatan serupa yang tidak hanya berfokus pada teori, tetapi juga memberikan pengalaman praktik secara langsung,” ungkapnya. Melalui penyelenggaraan seminar dan workshop ini, Departemen Informatika FTI UAJY berharap dapat memberikan kontribusi nyata dalam meningkatkan literasi teknologi blockchain dan Web3 serta mendorong pengembangan talenta digital.</span></p><figure style=\"border-width: 0px; border-style: solid; border-color: rgb(238, 238, 238); --tw-border-spacing-x: 0; --tw-border-spacing-y: 0; --tw-translate-x: 0; --tw-translate-y: 0; --tw-rotate: 0; --tw-skew-x: 0; --tw-skew-y: 0; --tw-scale-x: 1; --tw-scale-y: 1; --tw-pan-x: ; --tw-pan-y: ; --tw-pinch-zoom: ; --tw-scroll-snap-strictness: proximity; --tw-gradient-from-position: ; --tw-gradient-via-position: ; --tw-gradient-to-position: ; --tw-ordinal: ; --tw-slashed-zero: ; --tw-numeric-figure: ; --tw-numeric-spacing: ; --tw-numeric-fraction: ; --tw-ring-inset: ; --tw-ring-offset-width: 0px; --tw-ring-offset-color: #fff; --tw-ring-color: rgb(33 150 243 / .5); --tw-ring-offset-shadow: 0 0 #0000; --tw-ring-shadow: 0 0 #0000; --tw-shadow: 0 0 #0000; --tw-shadow-colored: 0 0 #0000; --tw-blur: ; --tw-brightness: ; --tw-contrast: ; --tw-grayscale: ; --tw-hue-rotate: ; --tw-invert: ; --tw-saturate: ; --tw-sepia: ; --tw-drop-shadow: ; --tw-backdrop-blur: ; --tw-backdrop-brightness: ; --tw-backdrop-contrast: ; --tw-backdrop-grayscale: ; --tw-backdrop-hue-rotate: ; --tw-backdrop-invert: ; --tw-backdrop-opacity: ; --tw-backdrop-saturate: ; --tw-backdrop-sepia: ; margin: 1rem auto; text-align: center; width: 1152px; color: rgb(0, 0, 0); font-family: Poppins, Poppins;\"><img src=\"https://inf.uajy.ac.id/be/uploads/0688c46a-e6c9-4596-8255-e0f06cfeb0ff?r=1774503665000\" alt=\"\" width=\"512\" style=\"border-width: 0px; border-style: solid; border-color: rgb(238, 238, 238); --tw-border-spacing-x: 0; --tw-border-spacing-y: 0; --tw-translate-x: 0; --tw-translate-y: 0; --tw-rotate: 0; --tw-skew-x: 0; --tw-skew-y: 0; --tw-scale-x: 1; --tw-scale-y: 1; --tw-pan-x: ; --tw-pan-y: ; --tw-pinch-zoom: ; --tw-scroll-snap-strictness: proximity; --tw-gradient-from-position: ; --tw-gradient-via-position: ; --tw-gradient-to-position: ; --tw-ordinal: ; --tw-slashed-zero: ; --tw-numeric-figure: ; --tw-numeric-spacing: ; --tw-numeric-fraction: ; --tw-ring-inset: ; --tw-ring-offset-width: 0px; --tw-ring-offset-color: #fff; --tw-ring-color: rgb(33 150 243 / .5); --tw-ring-offset-shadow: 0 0 #0000; --tw-ring-shadow: 0 0 #0000; --tw-shadow: 0 0 #0000; --tw-shadow-colored: 0 0 #0000; --tw-blur: ; --tw-brightness: ; --tw-contrast: ; --tw-grayscale: ; --tw-hue-rotate: ; --tw-invert: ; --tw-saturate: ; --tw-sepia: ; --tw-drop-shadow: ; --tw-backdrop-blur: ; --tw-backdrop-brightness: ; --tw-backdrop-contrast: ; --tw-backdrop-grayscale: ; --tw-backdrop-hue-rotate: ; --tw-backdrop-invert: ; --tw-backdrop-opacity: ; --tw-backdrop-saturate: ; --tw-backdrop-sepia: ; display: block; vertical-align: middle; max-height: 70vh; width: 1152px; object-fit: contain; margin: auto;\"></figure>', 'aaaaaaaaaaaaa', '[{\"url\": \"/uploads/foto_baju_koki_930e3a088b314b4cb3706338a9171d10.jpg\", \"name\": \"foto_baju_koki_930e3a088b314b4cb3706338a9171d10.jpg\", \"mimeType\": \"\", \"size\": 0, \"previewable\": true, \"kind\": \"image\"}]', '[{\"url\": \"/uploads/Tanda_Tangan_Mick_Schumacher_a0c28248b91141529773d49c47298331.png\", \"name\": \"Tanda_Tangan_Mick_Schumacher_a0c28248b91141529773d49c47298331.png\", \"mimeType\": \"\", \"size\": 0, \"previewable\": true, \"kind\": \"image\"}, {\"url\": \"/uploads/Hasil_Pengujian_User_Flow_a065c9ffb9b64ca8a817aed2b26f8047.pdf\", \"name\": \"Hasil_Pengujian_User_Flow_a065c9ffb9b64ca8a817aed2b26f8047.pdf\", \"mimeType\": \"\", \"size\": 0, \"previewable\": true, \"kind\": \"pdf\"}]', 'published', NULL, '2026-05-01 06:51:12', '2026-05-02 19:02:48'),
('news-1777728869597', 'berita 2 test', 'berita-2-test', 'asdasdasd', 'asdasdasdasd', '[{\"url\": \"/uploads/screencapture-regresiipkapp-hri4gibhumniyaspcxyehz-streamlit-app-2026-04-16-21_14_39_fea0739a05b64892a81c7c5fdb80f2bc.png\", \"name\": \"screencapture-regresiipkapp-hri4gibhumniyaspcxyehz-streamlit-app-2026-04-16-21_14_39.png\", \"mimeType\": \"\", \"size\": 471492, \"previewable\": true, \"kind\": \"image\"}]', '[{\"url\": \"/uploads/Hasil_Pengujian_User_Flow_0af4ac3282244d9581d7b980504aff5b.pdf\", \"name\": \"Hasil_Pengujian_User_Flow.pdf\", \"mimeType\": \"\", \"size\": 361523, \"previewable\": true, \"kind\": \"pdf\"}]', 'published', NULL, '2026-05-02 20:34:29', '2026-05-02 20:34:29'),
('news-1777728890672', 'berita 3 test', 'b', 'asdasdasdasd', 'asdasdasd', '[{\"url\": \"/uploads/screencapture-10-10-10-85-admin-dashboard-2026-04-07-11_11_45_6bedc021ba244c28a9c2d97773b544b9.png\", \"name\": \"screencapture-10-10-10-85-admin-dashboard-2026-04-07-11_11_45.png\", \"mimeType\": \"\", \"size\": 523253, \"previewable\": true, \"kind\": \"image\"}]', '[{\"url\": \"/uploads/hasil-user-flow_ab153fbd6521460493103cc4a9fe6825.csv\", \"name\": \"hasil-user-flow.csv\", \"mimeType\": \"\", \"size\": 80836, \"previewable\": false, \"kind\": \"file\"}]', 'published', NULL, '2026-05-02 20:34:50', '2026-05-02 20:52:17'),
('news-1777728923790', 'berita 4 test', 'bwww', 'assdasdasd', 'asdasdadasd', '[{\"url\": \"/uploads/fake-signature-word-vector_ff151e25fada429d959b27e2a984b45c.jpg\", \"name\": \"fake-signature-word-vector.jpg\", \"mimeType\": \"\", \"size\": 21672, \"previewable\": true, \"kind\": \"image\"}]', '[{\"url\": \"/uploads/laporan-data-anggota-20260430_53fbde5aebb24db492c1f000fa2eb4f2.xls\", \"name\": \"laporan-data-anggota-20260430.xls\", \"mimeType\": \"\", \"size\": 12394, \"previewable\": false, \"kind\": \"file\"}]', 'published', NULL, '2026-05-02 20:35:23', '2026-05-02 20:35:23'),
('news-1777750088218', 'Test Notif Berita', 'test-notif-berita', 'Test Notif Berita12323132', 'Test Notif Berita 1', '[{\"url\": \"/uploads/screencapture-regresiipkapp-hri4gibhumniyaspcxyehz-streamlit-app-2026-04-16-21_14_39_2f919706967e41fb958825d2738d932c.png\", \"name\": \"screencapture-regresiipkapp-hri4gibhumniyaspcxyehz-streamlit-app-2026-04-16-21_14_39.png\", \"mimeType\": \"\", \"size\": 471492, \"previewable\": true, \"kind\": \"image\"}]', '[{\"url\": \"/uploads/hasil-user-flow_93df07de3ac54d919528d8fc2642f096.csv\", \"name\": \"hasil-user-flow.csv\", \"mimeType\": \"\", \"size\": 80836, \"previewable\": false, \"kind\": \"file\"}]', 'published', NULL, '2026-05-03 02:28:08', '2026-05-03 02:28:08'),
('news-1777827457752', 'Tes Notif pengumumman baru', 'tes sas sasdd', 'Tes Notif pengumumman baru', 'Tes Notif pengumumman baru', '[{\"url\": \"/uploads/IMG_1970_a77504b990d34083a5351c8f6d165981.jpg\", \"name\": \"IMG_1970.JPG\", \"mimeType\": \"\", \"size\": 9801452, \"previewable\": true, \"kind\": \"image\"}]', '[{\"url\": \"/uploads/laporan-data-inventaris-barang_9d584ef5015c4b52a9cd9bfb92b3c5e2.pdf\", \"name\": \"laporan-data-inventaris-barang.pdf\", \"mimeType\": \"\", \"size\": 3878, \"previewable\": true, \"kind\": \"pdf\"}, {\"url\": \"/uploads/pendaftar-test-menu-upload_a96649d5836d4b8483a1852bb28251ad.xlsx\", \"name\": \"pendaftar-test-menu-upload.xlsx\", \"mimeType\": \"\", \"size\": 5243, \"previewable\": false, \"kind\": \"file\"}]', 'published', NULL, '2026-05-03 23:57:37', '2026-05-03 23:57:37');

-- --------------------------------------------------------

--
-- Struktur dari tabel `news_categories`
--

CREATE TABLE `news_categories` (
  `id` varchar(100) NOT NULL,
  `name` varchar(255) NOT NULL,
  `slug` varchar(255) NOT NULL,
  `description` text DEFAULT NULL,
  `order_index` int(11) DEFAULT 0,
  `created_at` datetime DEFAULT current_timestamp(),
  `updated_at` datetime DEFAULT current_timestamp() ON UPDATE current_timestamp()
) ENGINE=InnoDB DEFAULT CHARSET=utf8mb4 COLLATE=utf8mb4_general_ci;

--
-- Dumping data untuk tabel `news_categories`
--

INSERT INTO `news_categories` (`id`, `name`, `slug`, `description`, `order_index`, `created_at`, `updated_at`) VALUES
('cat-1777592900420', 'Umum', 'umum', '', 0, '2026-05-01 06:48:20', '2026-05-01 06:49:55'),
('cat-1777592913386', 'Crembo', 'crembo', '', 1, '2026-05-01 06:48:33', '2026-05-01 06:48:33'),
('cat-1777592921235', 'Oprec', 'oprec', '', 2, '2026-05-01 06:48:41', '2026-05-01 06:49:35'),
('cat-1777592972308', 'Camping', 'camping', '', 3, '2026-05-01 06:49:32', '2026-05-01 06:49:38');

-- --------------------------------------------------------

--
-- Struktur dari tabel `news_category_mapping`
--

CREATE TABLE `news_category_mapping` (
  `id` int(11) NOT NULL,
  `news_id` varchar(100) NOT NULL,
  `category_id` varchar(100) NOT NULL,
  `created_at` datetime DEFAULT current_timestamp()
) ENGINE=InnoDB DEFAULT CHARSET=utf8mb4 COLLATE=utf8mb4_general_ci;

--
-- Dumping data untuk tabel `news_category_mapping`
--

INSERT INTO `news_category_mapping` (`id`, `news_id`, `category_id`, `created_at`) VALUES
(15, 'news-1777593072897', 'cat-1777592900420', '2026-05-02 19:02:48'),
(16, 'news-1777593072897', 'cat-1777592913386', '2026-05-02 19:02:48'),
(25, 'news-1777728869597', 'cat-1777592900420', '2026-05-02 20:34:29'),
(26, 'news-1777728869597', 'cat-1777592913386', '2026-05-02 20:34:29'),
(30, 'news-1777728923790', 'cat-1777592913386', '2026-05-02 20:35:23'),
(31, 'news-1777728890672', 'cat-1777592913386', '2026-05-02 20:52:17'),
(32, 'news-1777728890672', 'cat-1777592921235', '2026-05-02 20:52:17'),
(33, 'news-1777728890672', 'cat-1777592972308', '2026-05-02 20:52:17'),
(38, 'news-1777750088218', 'cat-1777592900420', '2026-05-03 02:28:08'),
(39, 'news-1777750088218', 'cat-1777592913386', '2026-05-03 02:28:08'),
(40, 'news-1777827457752', 'cat-1777592900420', '2026-05-03 23:57:37'),
(41, 'news-1777827457752', 'cat-1777592913386', '2026-05-03 23:57:37');

-- --------------------------------------------------------

--
-- Struktur dari tabel `notifications`
--

CREATE TABLE `notifications` (
  `id` varchar(100) NOT NULL,
  `type` varchar(50) DEFAULT NULL,
  `title` varchar(255) DEFAULT NULL,
  `body` text DEFAULT NULL,
  `url` varchar(255) DEFAULT NULL,
  `data` longtext DEFAULT NULL,
  `created_at` datetime NOT NULL DEFAULT current_timestamp(),
  `target_role` varchar(50) DEFAULT NULL
) ENGINE=InnoDB DEFAULT CHARSET=utf8mb4 COLLATE=utf8mb4_general_ci;

--
-- Dumping data untuk tabel `notifications`
--

INSERT INTO `notifications` (`id`, `type`, `title`, `body`, `url`, `data`, `created_at`, `target_role`) VALUES
('notif-1777924970623-c0c8ec', 'peminjaman', 'Pengajuan Peminjaman: Vivo', 'Diajukan oleh <b>Aura</b>. Harap ditinjau.', '/persetujuan-peminjaman.html', '{\"pengajuan_id\": \"pjn-1777899770617\"}', '2026-05-05 03:02:50', 'admin'),
('notif-1777925007861-8d455b', 'peminjaman', 'Pengajuan Peminjaman: Kamera Sony A6400', 'Diajukan oleh <b>Daflo</b>. Harap ditinjau.', '/persetujuan-peminjaman.html', '{\"pengajuan_id\": \"pjn-1777899807854\"}', '2026-05-05 03:03:27', 'admin'),
('notif-1777925661529-d10ddf', 'peminjaman', 'Peminjaman Ditolak: Vivo', 'Pengajuan peminjaman Anda untuk Vivo telah ditolak oleh Admin.<br>Catatan: gagal', '/pengajuan-peminjaman-barang-anggota.html', '{\"pengajuan_id\": \"pjn-1777899770617\", \"target_user_id\": \"21\"}', '2026-05-05 03:14:21', 'user'),
('notif-1777925665822-5e0ca8', 'peminjaman', 'Peminjaman Ditolak: Kamera Sony A6400', 'Pengajuan peminjaman Anda untuk Kamera Sony A6400 telah ditolak oleh Admin.<br>Catatan: gagal', '/pengajuan-peminjaman-barang-anggota.html', '{\"pengajuan_id\": \"pjn-1777899807854\", \"target_user_id\": \"53\"}', '2026-05-05 03:14:25', 'user'),
('notif-1777925724763-de5b60', 'peminjaman', 'Pengajuan Peminjaman: Kamera Sony A6400', 'Diajukan oleh <b>Aura</b>. Harap ditinjau.', '/persetujuan-peminjaman.html', '{\"pengajuan_id\": \"pjn-1777900524757\"}', '2026-05-05 03:15:24', 'admin'),
('notif-1777925764642-5501a8', 'peminjaman', 'Pengajuan Peminjaman: Vivo', 'Diajukan oleh <b>Daflo</b>. Harap ditinjau.', '/persetujuan-peminjaman.html', '{\"pengajuan_id\": \"pjn-1777900564632\"}', '2026-05-05 03:16:04', 'admin'),
('notif-1777926076105-8c1b0b', 'peminjaman', 'Peminjaman Ditolak: Vivo', 'Pengajuan peminjaman Anda untuk Vivo telah ditolak oleh Admin.', '/pengajuan-peminjaman-barang-anggota.html', '{\"pengajuan_id\": \"pjn-1777900564632\", \"target_user_id\": \"53\"}', '2026-05-05 03:21:16', 'user'),
('notif-1777926079186-59835c', 'peminjaman', 'Peminjaman Ditolak: Kamera Sony A6400', 'Pengajuan peminjaman Anda untuk Kamera Sony A6400 telah ditolak oleh Admin.', '/pengajuan-peminjaman-barang-anggota.html', '{\"pengajuan_id\": \"pjn-1777900524757\", \"target_user_id\": \"21\"}', '2026-05-05 03:21:19', 'user'),
('notif-1777926123883-fdd13e', 'peminjaman', 'Pengajuan Peminjaman: Vivo', 'Diajukan oleh <b>Daflo</b>. Harap ditinjau.', '/persetujuan-peminjaman.html', '{\"pengajuan_id\": \"pjn-1777900923876\"}', '2026-05-05 03:22:03', 'admin'),
('notif-1777926760815-095e07', 'peminjaman', 'Pengajuan Peminjaman: Kamera Sony A6400', 'Diajukan oleh <b>Aura</b>. Harap ditinjau.', '/persetujuan-peminjaman.html', '{\"pengajuan_id\": \"pjn-1777901560809\"}', '2026-05-05 03:32:40', 'admin'),
('notif-1777927189607-b9b7e2', 'peminjaman', 'Peminjaman Disetujui: Kamera Sony A6400', 'Pengajuan peminjaman Anda untuk Kamera Sony A6400 telah disetujui oleh Admin.<br>Catatan: Silahkan ambil', '/pengajuan-peminjaman-barang-anggota.html', '{\"pengajuan_id\": \"pjn-1777901560809\", \"target_user_id\": \"21\"}', '2026-05-05 03:39:49', 'user'),
('notif-1777927193695-9f1dbf', 'peminjaman', 'Peminjaman Disetujui: Vivo', 'Pengajuan peminjaman Anda untuk Vivo telah disetujui oleh Admin.<br>Catatan: Silahkan ambil', '/pengajuan-peminjaman-barang-anggota.html', '{\"pengajuan_id\": \"pjn-1777900923876\", \"target_user_id\": \"53\"}', '2026-05-05 03:39:53', 'user'),
('notif-1777927297862-084eac', 'peminjaman', 'Barang Diambil: Vivo', 'Pengambilan dicatat oleh <b>Daflo</b>.<br><b>Lokasi:</b> Test Ambil Barang<br><b>Kondisi:</b><br>&bull; Unit 1: Baik - Tes Daflo ambil barang notif<br><br><a href=\'/uploads/sertifikat-anggota-zxczxczxc_8a3be7090a134b79b409acdb10835702.jpg\' target=\'_blank\' style=\'display:inline-block; padding:4px 8px; background:#7f1d1d; color:#fff; border-radius:4px; text-decoration:none; font-size:11px; font-weight:bold;\'>Lihat Foto Bukti</a>', '/riwayat-peminjaman-pengembalian.html', '{\"pengajuan_id\": \"pjn-1777900923876\", \"target_user_id\": \"53\"}', '2026-05-05 03:41:37', 'admin'),
('notif-1777927297863-4408bb', 'peminjaman', 'Pengambilan Tersimpan: Vivo', 'Data pengambilan Anda telah tersimpan.', '/riwayat-peminjaman-barang-anggota.html', '{\"pengajuan_id\": \"pjn-1777900923876\", \"target_user_id\": \"53\"}', '2026-05-05 03:41:37', 'user'),
('notif-1777927342115-8fd76e', 'peminjaman', 'Barang Diambil: Kamera Sony A6400', 'Pengambilan dicatat oleh <b>Aura</b>.<br><b>Lokasi:</b> Tes Ambil Barang Aura Notif<br><b>Kondisi:</b><br>&bull; Unit 1: Baik - Tes Ambil Barang Aura Notif<br><br><a href=\'/uploads/screencapture-10-10-10-85-admin-dashboard-2026-04-07-11_11_45_626db82a93884a88aa0035ca1fab1070.png\' target=\'_blank\' style=\'display:inline-block; padding:4px 8px; background:#7f1d1d; color:#fff; border-radius:4px; text-decoration:none; font-size:11px; font-weight:bold;\'>Lihat Foto Bukti</a>', '/riwayat-peminjaman-pengembalian.html', '{\"pengajuan_id\": \"pjn-1777901560809\", \"target_user_id\": \"21\"}', '2026-05-05 03:42:22', 'admin'),
('notif-1777927342115-a7c9d2', 'peminjaman', 'Pengambilan Tersimpan: Kamera Sony A6400', 'Data pengambilan Anda telah tersimpan.', '/riwayat-peminjaman-barang-anggota.html', '{\"pengajuan_id\": \"pjn-1777901560809\", \"target_user_id\": \"21\"}', '2026-05-05 03:42:22', 'user'),
('notif-1777927368309-502941', 'peminjaman', 'Barang Dikembalikan: Kamera Sony A6400', 'Pengembalian dicatat oleh <b>Aura</b>.<br><b>Lokasi:</b> Tes Pengembalian Barang Aura Notif<br><b>Kondisi:</b><br>&bull; Unit 1: Rusak - Tes Pengembalian Barang Aura Notif<br><br><a href=\'/uploads/screencapture-input-ta-ampta-wuaze-2026-04-07-11_07_40_cc91918a47674cd28423188c4931b60d.png\' target=\'_blank\' style=\'display:inline-block; padding:4px 8px; background:#7f1d1d; color:#fff; border-radius:4px; text-decoration:none; font-size:11px; font-weight:bold;\'>Lihat Foto Bukti</a>', '/riwayat-peminjaman-pengembalian.html', '{\"pengajuan_id\": \"pjn-1777901560809\", \"target_user_id\": \"21\"}', '2026-05-05 03:42:48', 'admin'),
('notif-1777927391368-738e97', 'peminjaman', 'Barang Dikembalikan: Vivo', 'Pengembalian dicatat oleh <b>Daflo</b>.<br><b>Lokasi:</b> Tes Pengembalian Barang Daflo Notif<br><b>Kondisi:</b><br>&bull; Unit 1: Baik - Tes Pengembalian Barang Daflo Notif<br><br><a href=\'/uploads/screencapture-10-10-10-85-admin-dashboard-2026-04-07-11_11_45_baf4f95570ba4abdb99a34c90bcd0820.png\' target=\'_blank\' style=\'display:inline-block; padding:4px 8px; background:#7f1d1d; color:#fff; border-radius:4px; text-decoration:none; font-size:11px; font-weight:bold;\'>Lihat Foto Bukti</a>', '/riwayat-peminjaman-pengembalian.html', '{\"pengajuan_id\": \"pjn-1777900923876\", \"target_user_id\": \"53\"}', '2026-05-05 03:43:11', 'admin'),
('notif-1777927502342-71b0e2', 'peminjaman', 'Pengajuan Peminjaman: Vivo', 'Diajukan oleh <b>Daflo</b>. Harap ditinjau.', '/persetujuan-peminjaman.html', '{\"pengajuan_id\": \"pjn-1777902302335\"}', '2026-05-05 03:45:02', 'admin'),
('notif-1777931365126-0cbc0c', 'kerusakan', 'Laporan Kerusakan Barang Baru', 'Laporan kerusakan barang dari Aura: Vivo', '/hasil-form-kerusakan-barang.html', '{\"report_id\": \"krk-1777931365119-c4ce9e\", \"member_id\": 21, \"barang_name\": \"Vivo\"}', '2026-05-05 04:49:25', 'admin'),
('notif-1777931429608-9bcd6a', 'kerusakan', 'Status Laporan Kerusakan Diperbarui', 'Status laporan kerusakan Anda telah diubah menjadi: <b>Sedang Diproses</b>', '/riwayat-form-kerusakan-barang-anggota.html', '{\"report_id\": \"krk-1777931365119-c4ce9e\", \"target_user_id\": \"21\"}', '2026-05-05 04:50:29', 'user'),
('notif-1777931430763-ac714d', 'kerusakan', 'Status Laporan Kerusakan Diperbarui', 'Status laporan kerusakan Anda telah diubah menjadi: <b>Dalam Review</b>', '/riwayat-form-kerusakan-barang-anggota.html', '{\"report_id\": \"krk-1777931365119-c4ce9e\", \"target_user_id\": \"21\"}', '2026-05-05 04:50:30', 'user'),
('notif-1777931432008-9fd132', 'kerusakan', 'Status Laporan Kerusakan Diperbarui', 'Status laporan kerusakan Anda telah diubah menjadi: <b>Sedang Diproses</b>', '/riwayat-form-kerusakan-barang-anggota.html', '{\"report_id\": \"krk-1777931365119-c4ce9e\", \"target_user_id\": \"21\"}', '2026-05-05 04:50:32', 'user'),
('notif-1777931434191-2d74f8', 'kerusakan', 'Status Laporan Kerusakan Diperbarui', 'Status laporan kerusakan Anda telah diubah menjadi: <b>Selesai</b>', '/riwayat-form-kerusakan-barang-anggota.html', '{\"report_id\": \"krk-1777931365119-c4ce9e\", \"target_user_id\": \"21\"}', '2026-05-05 04:50:34', 'user'),
('notif-1777934760303-127521', 'kerusakan', 'Laporan Kerusakan Barang Baru', 'Laporan kerusakan barang dari Daflo: Kamera Sony A6400', '/hasil-form-kerusakan-barang.html', '{\"report_id\": \"krk-1777934760297-a3fcce\", \"member_id\": 53, \"barang_name\": \"Kamera Sony A6400\"}', '2026-05-05 05:46:00', 'admin'),
('notif-1777934792769-5cdd1c', 'kerusakan', 'Status Laporan Kerusakan Diperbarui', 'Status laporan kerusakan Anda telah diubah menjadi: <b>Sedang Diproses</b>', '/riwayat-form-kerusakan-barang-anggota.html', '{\"report_id\": \"krk-1777934760297-a3fcce\", \"target_user_id\": \"53\"}', '2026-05-05 05:46:32', 'user'),
('notif-1778145306780-c8a63d', 'kerusakan', 'Laporan Kerusakan Barang Baru', 'Laporan kerusakan barang dari Aura: Testing barang', '/hasil-form-kerusakan-barang.html', '{\"report_id\": \"krk-1778145306770-29a9b9\", \"member_id\": 21, \"barang_name\": \"Testing barang\"}', '2026-05-07 16:15:06', 'admin'),
('notif-1778145356164-1cb132', 'kerusakan', 'Status Laporan Kerusakan Diperbarui', 'Status laporan kerusakan Anda telah diubah menjadi: <b>Selesai</b>', '/riwayat-form-kerusakan-barang-anggota.html', '{\"report_id\": \"krk-1778145306770-29a9b9\", \"target_user_id\": \"21\"}', '2026-05-07 16:15:56', 'user'),
('notif-1778145485815-6b955f', 'kerusakan', 'Laporan Kerusakan Barang Baru', 'Laporan kerusakan barang dari Aura: Test Barang Aja', '/hasil-form-kerusakan-barang.html', '{\"report_id\": \"krk-1778145485806-ccc49b\", \"member_id\": 21, \"barang_name\": \"Test Barang Aja\"}', '2026-05-07 16:18:05', 'admin'),
('notif-1778145496870-632b2c', 'kerusakan', 'Status Laporan Kerusakan Diperbarui', 'Status laporan kerusakan Anda telah diubah menjadi: <b>Selesai</b>', '/riwayat-form-kerusakan-barang-anggota.html', '{\"report_id\": \"krk-1778145485806-ccc49b\", \"target_user_id\": \"21\"}', '2026-05-07 16:18:16', 'user'),
('notif-1778217662883-d59b4c', 'tugas', 'Tugas Baru: Kameramen', 'Anda ditugaskan sebagai <b>Kameramen</b> untuk <b>Misa</b> pada tanggal 02/05/2026 jam 18:00 WIB.', '/jadwal-tugas-misa-anggota.html', '{\"target_user_id\": \"21\"}', '2026-05-08 12:21:02', NULL),
('notif-1778217662884-c43e1e', 'tugas', 'Tugas Baru: SPV', 'Anda ditugaskan sebagai <b>SPV</b> untuk <b>Misa</b> pada tanggal 02/05/2026 jam 18:00 WIB.', '/jadwal-tugas-misa-anggota.html', '{\"target_user_id\": \"53\"}', '2026-05-08 12:21:02', NULL),
('notif-1778217757080-685ac6', 'tugas', 'Tugas Baru: Operator', 'Anda ditugaskan sebagai <b>Operator</b> untuk <b>Misa</b> pada tanggal 03/05/2026 jam 07:30 WIB.', '/jadwal-tugas-misa-anggota.html', '{\"target_user_id\": \"6\"}', '2026-05-08 12:22:37', NULL),
('notif-1778220019546-f2a171', 'tugas', 'Tugas Baru: Kameramen', 'Anda ditugaskan sebagai <b>Kameramen</b> untuk <b>Misa Mingguan</b> pada hari Minggu, 03/05/2026 jam 07:30 WIB.', '/jadwal-tugas-misa-anggota.html', '{\"target_user_id\": \"21\"}', '2026-05-08 13:00:19', NULL),
('notif-1778220019549-2202f8', 'tugas', 'Tugas Baru: SPV', 'Anda ditugaskan sebagai <b>SPV</b> untuk <b>Misa Mingguan</b> pada hari Minggu, 03/05/2026 jam 07:30 WIB.', '/jadwal-tugas-misa-anggota.html', '{\"target_user_id\": \"53\"}', '2026-05-08 13:00:19', NULL),
('notif-1778220103853-9e93ab', 'tugas', 'Tugas Baru: Operator', 'Anda ditugaskan sebagai <b>Operator</b> untuk <b>Misa</b> pada hari Minggu, 03/05/2026 jam 10:00 WIB.', '/jadwal-tugas-misa-anggota.html', '{\"target_user_id\": \"21\"}', '2026-05-08 13:01:43', NULL),
('notif-1778220103854-e24010', 'tugas', 'Tugas Baru: Kameramen', 'Anda ditugaskan sebagai <b>Kameramen</b> untuk <b>Misa</b> pada hari Minggu, 03/05/2026 jam 10:00 WIB.', '/jadwal-tugas-misa-anggota.html', '{\"target_user_id\": \"53\"}', '2026-05-08 13:01:43', NULL),
('notif-1778220103854-e384a1', 'tugas', 'Tugas Baru: SPV', 'Anda ditugaskan sebagai <b>SPV</b> untuk <b>Misa</b> pada hari Minggu, 03/05/2026 jam 10:00 WIB.', '/jadwal-tugas-misa-anggota.html', '{\"target_user_id\": \"6\"}', '2026-05-08 13:01:43', NULL),
('notif-1778220358257-06acd7', 'tugas', 'Tugas Baru: Kameramen', 'Anda ditugaskan sebagai <b>Kameramen</b> untuk <b>Misa</b> pada hari Jumat, 01/05/2026 jam 18:00 WIB.', '/jadwal-tugas-misa-anggota.html', '{\"target_user_id\": \"53\"}', '2026-05-08 13:05:58', NULL),
('notif-1778220358257-dd4893', 'tugas', 'Tugas Baru: Operator', 'Anda ditugaskan sebagai <b>Operator</b> untuk <b>Misa</b> pada hari Jumat, 01/05/2026 jam 18:00 WIB.', '/jadwal-tugas-misa-anggota.html', '{\"target_user_id\": \"21\"}', '2026-05-08 13:05:58', NULL),
('notif-1778220358260-65356c', 'tugas', 'Tugas Baru: SPV', 'Anda ditugaskan sebagai <b>SPV</b> untuk <b>Misa</b> pada hari Jumat, 01/05/2026 jam 18:00 WIB.', '/jadwal-tugas-misa-anggota.html', '{\"target_user_id\": \"6\"}', '2026-05-08 13:05:58', NULL),
('notif-1778220468235-52b496', 'tugas', 'Tugas Baru: Operator', 'Anda ditugaskan sebagai <b>Operator</b> untuk <b>Misa</b> pada hari Jumat, 01/05/2026 jam 18:00 WIB.', '/jadwal-tugas-misa-anggota.html', '{\"target_user_id\": \"36\"}', '2026-05-08 13:07:48', NULL),
('notif-1778220468236-042dd4', 'tugas', 'Tugas Baru: Kameramen', 'Anda ditugaskan sebagai <b>Kameramen</b> untuk <b>Misa</b> pada hari Jumat, 01/05/2026 jam 18:00 WIB.', '/jadwal-tugas-misa-anggota.html', '{\"target_user_id\": \"73\"}', '2026-05-08 13:07:48', NULL),
('notif-1778220475242-bd34f8', 'tugas', 'Tugas Baru: SPV', 'Anda ditugaskan sebagai <b>SPV</b> untuk <b>Misa</b> pada hari Jumat, 01/05/2026 jam 18:00 WIB.', '/jadwal-tugas-misa-anggota.html', '{\"target_user_id\": \"21\"}', '2026-05-08 13:07:55', NULL),
('notif-1778220562650-2b4368', 'tugas', 'Tugas Baru: Operator', 'Anda ditugaskan sebagai <b>Operator</b> untuk <b>Misa</b> pada hari Jumat, 01/05/2026 jam 18:00 WIB.', '/jadwal-tugas-misa-anggota.html', '{\"target_user_id\": \"36\"}', '2026-05-08 13:09:22', NULL),
('notif-1778220562651-bebd5f', 'tugas', 'Tugas Baru: Kameramen', 'Anda ditugaskan sebagai <b>Kameramen</b> untuk <b>Misa</b> pada hari Jumat, 01/05/2026 jam 18:00 WIB.', '/jadwal-tugas-misa-anggota.html', '{\"target_user_id\": \"73\"}', '2026-05-08 13:09:22', NULL),
('notif-1778220562654-7a700b', 'tugas', 'Tugas Baru: SPV', 'Anda ditugaskan sebagai <b>SPV</b> untuk <b>Misa</b> pada hari Jumat, 01/05/2026 jam 18:00 WIB.', '/jadwal-tugas-misa-anggota.html', '{\"target_user_id\": \"21\"}', '2026-05-08 13:09:22', NULL),
('notif-1778223329414-11a583', 'tugas', 'Tugas Baru: Kameramen', 'Anda ditugaskan sebagai <b>Kameramen</b> untuk <b>Misa Mingguan</b> pada hari Sabtu, 02/05/2026 jam 18:00 WIB.', '/jadwal-tugas-misa-anggota.html', '{\"target_user_id\": \"53\"}', '2026-05-08 13:55:29', NULL),
('notif-1778223329414-923270', 'tugas', 'Tugas Baru: Operator', 'Anda ditugaskan sebagai <b>Operator</b> untuk <b>Misa Mingguan</b> pada hari Sabtu, 02/05/2026 jam 18:00 WIB.', '/jadwal-tugas-misa-anggota.html', '{\"target_user_id\": \"21\"}', '2026-05-08 13:55:29', NULL),
('notif-1778223329415-cf7a3e', 'tugas', 'Tugas Baru: SPV', 'Anda ditugaskan sebagai <b>SPV</b> untuk <b>Misa Mingguan</b> pada hari Sabtu, 02/05/2026 jam 18:00 WIB.', '/jadwal-tugas-misa-anggota.html', '{\"target_user_id\": \"6\"}', '2026-05-08 13:55:29', NULL),
('notif-1778223463125-fe931f', 'tugas', 'Tugas Baru: Operator', 'Anda ditugaskan sebagai <b>Operator</b> untuk <b>Misa Harian</b> pada hari Jumat, 01/05/2026 jam 18:00 WIB.', '/jadwal-tugas-misa-anggota.html', '{\"target_user_id\": \"36\"}', '2026-05-08 13:57:43', NULL),
('notif-1778223463126-d535f1', 'tugas', 'Tugas Baru: Kameramen', 'Anda ditugaskan sebagai <b>Kameramen</b> untuk <b>Misa Harian</b> pada hari Jumat, 01/05/2026 jam 18:00 WIB.', '/jadwal-tugas-misa-anggota.html', '{\"target_user_id\": \"67\"}', '2026-05-08 13:57:43', NULL),
('notif-1778223463129-d898ff', 'tugas', 'Tugas Baru: Operator', 'Anda ditugaskan sebagai <b>Operator</b> untuk <b>Misa Mingguan</b> pada hari Sabtu, 02/05/2026 jam 18:00 WIB.', '/jadwal-tugas-misa-anggota.html', '{\"target_user_id\": \"60\"}', '2026-05-08 13:57:43', NULL),
('notif-1778223463130-aabdb1', 'tugas', 'Tugas Baru: Kameramen', 'Anda ditugaskan sebagai <b>Kameramen</b> untuk <b>Misa Mingguan</b> pada hari Sabtu, 02/05/2026 jam 18:00 WIB.', '/jadwal-tugas-misa-anggota.html', '{\"target_user_id\": \"20\"}', '2026-05-08 13:57:43', NULL),
('notif-1778223676173-48a875', 'tugas', 'Tugas Baru: Operator', 'Anda ditugaskan sebagai <b>Operator</b> untuk <b>Misa Harian</b> pada hari Jumat, 01/05/2026 jam 18:00 WIB.', '/jadwal-tugas-misa-anggota.html', '{\"target_user_id\": \"36\"}', '2026-05-08 14:01:16', NULL),
('notif-1778223676176-769edf', 'tugas', 'Tugas Baru: Kameramen', 'Anda ditugaskan sebagai <b>Kameramen</b> untuk <b>Misa Harian</b> pada hari Jumat, 01/05/2026 jam 18:00 WIB.', '/jadwal-tugas-misa-anggota.html', '{\"target_user_id\": \"73\"}', '2026-05-08 14:01:16', NULL),
('notif-1778223676180-c5adf2', 'tugas', 'Tugas Baru: Operator', 'Anda ditugaskan sebagai <b>Operator</b> untuk <b>Misa Mingguan</b> pada hari Sabtu, 02/05/2026 jam 18:00 WIB.', '/jadwal-tugas-misa-anggota.html', '{\"target_user_id\": \"72\"}', '2026-05-08 14:01:16', NULL),
('notif-1778223676181-d25b37', 'tugas', 'Tugas Baru: Kameramen', 'Anda ditugaskan sebagai <b>Kameramen</b> untuk <b>Misa Mingguan</b> pada hari Sabtu, 02/05/2026 jam 18:00 WIB.', '/jadwal-tugas-misa-anggota.html', '{\"target_user_id\": \"67\"}', '2026-05-08 14:01:16', NULL),
('notif-1778223726345-d19030', 'tugas', 'Tugas Baru: Operator', 'Anda ditugaskan sebagai <b>Operator</b> untuk <b>Misa Harian</b> pada hari Jumat, 01/05/2026 jam 18:00 WIB.', '/jadwal-tugas-misa-anggota.html', '{\"target_user_id\": \"36\"}', '2026-05-08 14:02:06', NULL),
('notif-1778223726346-46629c', 'tugas', 'Tugas Baru: Kameramen', 'Anda ditugaskan sebagai <b>Kameramen</b> untuk <b>Misa Harian</b> pada hari Jumat, 01/05/2026 jam 18:00 WIB.', '/jadwal-tugas-misa-anggota.html', '{\"target_user_id\": \"72\"}', '2026-05-08 14:02:06', NULL),
('notif-1778223726348-b5c628', 'tugas', 'Tugas Baru: Operator', 'Anda ditugaskan sebagai <b>Operator</b> untuk <b>Misa Mingguan</b> pada hari Sabtu, 02/05/2026 jam 18:00 WIB.', '/jadwal-tugas-misa-anggota.html', '{\"target_user_id\": \"67\"}', '2026-05-08 14:02:06', NULL),
('notif-1778223726349-32eb5b', 'tugas', 'Tugas Baru: Kameramen', 'Anda ditugaskan sebagai <b>Kameramen</b> untuk <b>Misa Mingguan</b> pada hari Sabtu, 02/05/2026 jam 18:00 WIB.', '/jadwal-tugas-misa-anggota.html', '{\"target_user_id\": \"75\"}', '2026-05-08 14:02:06', NULL),
('notif-1778223765058-325a09', 'tugas', 'Tugas Baru: Operator', 'Anda ditugaskan sebagai <b>Operator</b> untuk <b>Misa Harian</b> pada hari Jumat, 01/05/2026 jam 18:00 WIB.', '/jadwal-tugas-misa-anggota.html', '{\"target_user_id\": \"36\"}', '2026-05-08 14:02:45', NULL),
('notif-1778223765058-66250f', 'tugas', 'Tugas Baru: Kameramen', 'Anda ditugaskan sebagai <b>Kameramen</b> untuk <b>Misa Harian</b> pada hari Jumat, 01/05/2026 jam 18:00 WIB.', '/jadwal-tugas-misa-anggota.html', '{\"target_user_id\": \"72\"}', '2026-05-08 14:02:45', NULL),
('notif-1778223765060-8bb1c6', 'tugas', 'Tugas Baru: SPV', 'Anda ditugaskan sebagai <b>SPV</b> untuk <b>Misa Harian</b> pada hari Jumat, 01/05/2026 jam 18:00 WIB.', '/jadwal-tugas-misa-anggota.html', '{\"target_user_id\": \"20\"}', '2026-05-08 14:02:45', NULL),
('notif-1778224521645-aa4b5c', 'tugas', 'Tugas Baru: Operator', 'Anda ditugaskan sebagai <b>Operator</b> untuk <b>Misa Harian</b> pada hari Jumat, 01/05/2026 jam 18:00 WIB.', '/jadwal-tugas-misa-anggota.html', '{\"target_user_id\": \"36\"}', '2026-05-08 14:15:21', NULL),
('notif-1778224521646-3c642c', 'tugas', 'Tugas Baru: Kameramen', 'Anda ditugaskan sebagai <b>Kameramen</b> untuk <b>Misa Harian</b> pada hari Jumat, 01/05/2026 jam 18:00 WIB.', '/jadwal-tugas-misa-anggota.html', '{\"target_user_id\": \"73\"}', '2026-05-08 14:15:21', NULL),
('notif-1778224521648-19d10e', 'tugas', 'Tugas Baru: SPV', 'Anda ditugaskan sebagai <b>SPV</b> untuk <b>Misa Harian</b> pada hari Jumat, 01/05/2026 jam 18:00 WIB.', '/jadwal-tugas-misa-anggota.html', '{\"target_user_id\": \"67\"}', '2026-05-08 14:15:21', NULL),
('notif-1778224573118-e135b8', 'tugas', 'Tugas Baru: Operator', 'Anda ditugaskan sebagai <b>Operator</b> untuk <b>Misa Harian</b> pada hari Jumat, 01/05/2026 jam 18:00 WIB.', '/jadwal-tugas-misa-anggota.html', '{\"target_user_id\": \"36\"}', '2026-05-08 14:16:13', NULL),
('notif-1778224573119-daf00b', 'tugas', 'Tugas Baru: Kameramen', 'Anda ditugaskan sebagai <b>Kameramen</b> untuk <b>Misa Harian</b> pada hari Jumat, 01/05/2026 jam 18:00 WIB.', '/jadwal-tugas-misa-anggota.html', '{\"target_user_id\": \"67\"}', '2026-05-08 14:16:13', NULL),
('notif-1778224573120-3c8920', 'tugas', 'Tugas Baru: SPV', 'Anda ditugaskan sebagai <b>SPV</b> untuk <b>Misa Harian</b> pada hari Jumat, 01/05/2026 jam 18:00 WIB.', '/jadwal-tugas-misa-anggota.html', '{\"target_user_id\": \"73\"}', '2026-05-08 14:16:13', NULL),
('notif-1778224628550-5cf495', 'tugas', 'Tugas Baru: Operator', 'Anda ditugaskan sebagai <b>Operator</b> untuk <b>Misa Harian</b> pada hari Jumat, 01/05/2026 jam 18:00 WIB.', '/jadwal-tugas-misa-anggota.html', '{\"target_user_id\": \"73\"}', '2026-05-08 14:17:08', NULL),
('notif-1778224628551-887fb0', 'tugas', 'Tugas Baru: Kameramen', 'Anda ditugaskan sebagai <b>Kameramen</b> untuk <b>Misa Harian</b> pada hari Jumat, 01/05/2026 jam 18:00 WIB.', '/jadwal-tugas-misa-anggota.html', '{\"target_user_id\": \"72\"}', '2026-05-08 14:17:08', NULL),
('notif-1778224628556-d577af', 'tugas', 'Tugas Baru: SPV', 'Anda ditugaskan sebagai <b>SPV</b> untuk <b>Misa Harian</b> pada hari Jumat, 01/05/2026 jam 18:00 WIB.', '/jadwal-tugas-misa-anggota.html', '{\"target_user_id\": \"20\"}', '2026-05-08 14:17:08', NULL),
('notif-1778225166107-2586dc', 'tugas', 'Tugas Baru: Kameramen', 'Anda ditugaskan sebagai <b>Kameramen</b> untuk <b>Misa Mingguan</b> pada hari Sabtu, 02/05/2026 jam 18:00 WIB.', '/jadwal-tugas-misa-anggota.html', '{\"target_user_id\": \"53\"}', '2026-05-08 14:26:06', NULL),
('notif-1778225166107-767acb', 'tugas', 'Tugas Baru: Operator', 'Anda ditugaskan sebagai <b>Operator</b> untuk <b>Misa Mingguan</b> pada hari Sabtu, 02/05/2026 jam 18:00 WIB.', '/jadwal-tugas-misa-anggota.html', '{\"target_user_id\": \"21\"}', '2026-05-08 14:26:06', NULL),
('notif-1778225166107-dbe9c7', 'tugas', 'Tugas Baru: SPV', 'Anda ditugaskan sebagai <b>SPV</b> untuk <b>Misa Mingguan</b> pada hari Sabtu, 02/05/2026 jam 18:00 WIB.', '/jadwal-tugas-misa-anggota.html', '{\"target_user_id\": \"6\"}', '2026-05-08 14:26:06', NULL),
('notif-1778314930301-9fc025', 'tugas', 'Tugas Baru: PD', 'Anda ditugaskan sebagai <b>PD</b> untuk <b>Misa Jumat Agung</b> pada hari Minggu, 31/05/2026 jam 15:24 WIB.', '/jadwal-tugas-misa-anggota.html', '{\"target_user_id\": \"21\", \"misa_besar_id\": 7, \"misa_type\": \"misa_besar\", \"role\": \"PD\", \"misa_name\": \"Misa Jumat Agung\", \"misa_date\": \"2026-05-31\", \"misa_time\": \"15:24\"}', '2026-05-09 15:22:10', NULL),
('notif-1778314930302-2a0032', 'tugas', 'Tugas Baru: Kamera', 'Anda ditugaskan sebagai <b>Kamera</b> untuk <b>Misa Jumat Agung</b> pada hari Minggu, 31/05/2026 jam 15:24 WIB.', '/jadwal-tugas-misa-anggota.html', '{\"target_user_id\": \"53\", \"misa_besar_id\": 7, \"misa_type\": \"misa_besar\", \"role\": \"Kamera\", \"misa_name\": \"Misa Jumat Agung\", \"misa_date\": \"2026-05-31\", \"misa_time\": \"15:24\"}', '2026-05-09 15:22:10', NULL),
('notif-1778314930302-6ffd06', 'tugas', 'Tugas Baru: OP', 'Anda ditugaskan sebagai <b>OP</b> untuk <b>Misa Jumat Agung</b> pada hari Minggu, 31/05/2026 jam 15:24 WIB.', '/jadwal-tugas-misa-anggota.html', '{\"target_user_id\": \"6\", \"misa_besar_id\": 7, \"misa_type\": \"misa_besar\", \"role\": \"OP\", \"misa_name\": \"Misa Jumat Agung\", \"misa_date\": \"2026-05-31\", \"misa_time\": \"15:24\"}', '2026-05-09 15:22:10', NULL),
('notif-1778315136748-22d0b1', 'tugas', 'Tugas Baru: Kamera', 'Anda ditugaskan sebagai <b>Kamera</b> untuk <b>Tes Notif Misa 1 Langsung Publikasi</b> pada hari Jumat, 08/05/2026 jam 15:29 WIB.', '/jadwal-tugas-misa-anggota.html', '{\"target_user_id\": \"53\", \"misa_besar_id\": 9, \"misa_type\": \"misa_besar\", \"role\": \"Kamera\", \"misa_name\": \"Tes Notif Misa 1 Langsung Publikasi\", \"misa_date\": \"2026-05-08\", \"misa_time\": \"15:29\"}', '2026-05-09 15:25:36', NULL),
('notif-1778315136748-5f2cba', 'tugas', 'Tugas Baru: OP', 'Anda ditugaskan sebagai <b>OP</b> untuk <b>Tes Notif Misa 1 Langsung Publikasi</b> pada hari Jumat, 08/05/2026 jam 15:29 WIB.', '/jadwal-tugas-misa-anggota.html', '{\"target_user_id\": \"6\", \"misa_besar_id\": 9, \"misa_type\": \"misa_besar\", \"role\": \"OP\", \"misa_name\": \"Tes Notif Misa 1 Langsung Publikasi\", \"misa_date\": \"2026-05-08\", \"misa_time\": \"15:29\"}', '2026-05-09 15:25:36', NULL),
('notif-1778315136748-e179b3', 'tugas', 'Tugas Baru: PD', 'Anda ditugaskan sebagai <b>PD</b> untuk <b>Tes Notif Misa 1 Langsung Publikasi</b> pada hari Jumat, 08/05/2026 jam 15:29 WIB.', '/jadwal-tugas-misa-anggota.html', '{\"target_user_id\": \"21\", \"misa_besar_id\": 9, \"misa_type\": \"misa_besar\", \"role\": \"PD\", \"misa_name\": \"Tes Notif Misa 1 Langsung Publikasi\", \"misa_date\": \"2026-05-08\", \"misa_time\": \"15:29\"}', '2026-05-09 15:25:36', NULL),
('notif-1778315275344-3c331a', 'tugas', 'Tugas Baru: PD', 'Anda ditugaskan sebagai <b>PD</b> untuk <b>Tes Notif Misa 1 Langsung Publish But ada role kosong</b> pada hari Minggu, 31/05/2026 jam 15:30 WIB.', '/jadwal-tugas-misa-anggota.html', '{\"target_user_id\": \"21\", \"misa_besar_id\": 10, \"misa_type\": \"misa_besar\", \"role\": \"PD\", \"misa_name\": \"Tes Notif Misa 1 Langsung Publish But ada role kosong\", \"misa_date\": \"2026-05-31\", \"misa_time\": \"15:30\"}', '2026-05-09 15:27:55', NULL),
('notif-1778315275344-f0dd3e', 'tugas', 'Tugas Baru: OP', 'Anda ditugaskan sebagai <b>OP</b> untuk <b>Tes Notif Misa 1 Langsung Publish But ada role kosong</b> pada hari Minggu, 31/05/2026 jam 15:30 WIB.', '/jadwal-tugas-misa-anggota.html', '{\"target_user_id\": \"6\", \"misa_besar_id\": 10, \"misa_type\": \"misa_besar\", \"role\": \"OP\", \"misa_name\": \"Tes Notif Misa 1 Langsung Publish But ada role kosong\", \"misa_date\": \"2026-05-31\", \"misa_time\": \"15:30\"}', '2026-05-09 15:27:55', NULL),
('notif-1778315427422-4839fa', 'tugas', 'Tugas Baru: Kebersihan', 'Anda ditugaskan sebagai <b>Kebersihan</b> untuk <b>Tes Notif Misa 1 Langsung Publish But ada role kosong</b> pada hari Minggu, 31/05/2026 jam 15:30 WIB.', '/jadwal-tugas-misa-anggota.html', '{\"target_user_id\": \"53\", \"misa_besar_id\": 10, \"misa_type\": \"misa_besar\", \"role\": \"Kebersihan\", \"misa_name\": \"Tes Notif Misa 1 Langsung Publish But ada role kosong\", \"misa_date\": \"2026-05-31\", \"misa_time\": \"15:30\"}', '2026-05-09 15:30:27', NULL),
('notif-1778315500363-31da9e', 'tugas', 'Tugas Baru: PD', 'Anda ditugaskan sebagai <b>PD</b> untuk <b>Tes Notif Misa 2 Draft</b> pada hari Minggu, 31/05/2026 jam 15:26 WIB.', '/jadwal-tugas-misa-anggota.html', '{\"target_user_id\": \"21\", \"misa_besar_id\": 8, \"misa_type\": \"misa_besar\", \"role\": \"PD\", \"misa_name\": \"Tes Notif Misa 2 Draft\", \"misa_date\": \"2026-05-31\", \"misa_time\": \"15:26\"}', '2026-05-09 15:31:40', NULL),
('notif-1778315500363-fd8508', 'tugas', 'Tugas Baru: OP', 'Anda ditugaskan sebagai <b>OP</b> untuk <b>Tes Notif Misa 2 Draft</b> pada hari Minggu, 31/05/2026 jam 15:26 WIB.', '/jadwal-tugas-misa-anggota.html', '{\"target_user_id\": \"6\", \"misa_besar_id\": 8, \"misa_type\": \"misa_besar\", \"role\": \"OP\", \"misa_name\": \"Tes Notif Misa 2 Draft\", \"misa_date\": \"2026-05-31\", \"misa_time\": \"15:26\"}', '2026-05-09 15:31:40', NULL),
('notif-1778315500364-77f939', 'tugas', 'Tugas Baru: Kamera', 'Anda ditugaskan sebagai <b>Kamera</b> untuk <b>Tes Notif Misa 2 Draft</b> pada hari Minggu, 31/05/2026 jam 15:26 WIB.', '/jadwal-tugas-misa-anggota.html', '{\"target_user_id\": \"67\", \"misa_besar_id\": 8, \"misa_type\": \"misa_besar\", \"role\": \"Kamera\", \"misa_name\": \"Tes Notif Misa 2 Draft\", \"misa_date\": \"2026-05-31\", \"misa_time\": \"15:26\"}', '2026-05-09 15:31:40', NULL),
('notif-1778323923944-bef2f8', 'tugas', 'Tugas Baru: Operator', 'Anda ditugaskan sebagai <b>Operator</b> untuk <b>Misa Mingguan</b> pada hari Sabtu, 30/05/2026 jam 18:00 WIB.', '/jadwal-tugas-misa-anggota.html', '{\"target_user_id\": \"21\"}', '2026-05-09 17:52:03', NULL),
('notif-1778324022011-b378cf', 'tugas', 'Tugas Baru: Kameramen', 'Anda ditugaskan sebagai <b>Kameramen</b> untuk <b>Misa Mingguan</b> pada hari Sabtu, 30/05/2026 jam 18:00 WIB.', '/jadwal-tugas-misa-anggota.html', '{\"target_user_id\": \"77\"}', '2026-05-09 17:53:42', NULL),
('notif-1778324048668-78f110', 'tugas', 'Tugas Baru: Kamera', 'Anda ditugaskan sebagai <b>Kamera</b> untuk <b>Tes Misa 1</b> pada hari Minggu, 31/05/2026 jam 14:55 WIB.', '/jadwal-tugas-misa-anggota.html', '{\"target_user_id\": \"77\", \"misa_besar_id\": 5, \"misa_type\": \"misa_besar\", \"role\": \"Kamera\", \"misa_name\": \"Tes Misa 1\", \"misa_date\": \"2026-05-31\", \"misa_time\": \"14:55\"}', '2026-05-09 17:54:08', NULL),
('notif-1778334746433-11d9d2', 'tugas', 'Tugas Baru: Kameramen', 'Anda ditugaskan sebagai <b>Kameramen</b> untuk <b>Misa Harian</b> pada hari Selasa, 12/05/2026 jam 18:00 WIB.', '/jadwal-tugas-misa-anggota.html', '{\"target_user_id\": \"21\"}', '2026-05-09 20:52:26', NULL),
('notif-1778334788686-c5f659', 'tugas', 'Tugas Baru: Kameramen', 'Anda ditugaskan sebagai <b>Kameramen</b> untuk <b>Misa Mingguan</b> pada hari Minggu, 10/05/2026 jam 07:30 WIB.', '/jadwal-tugas-misa-anggota.html', '{\"target_user_id\": \"21\"}', '2026-05-09 20:53:08', NULL),
('notif-1778335325967-0f108d', 'tugas', 'Tugas Baru: Kamera', 'Anda ditugaskan sebagai <b>Kamera</b> untuk <b>Tes Misa Besar di page home</b> pada hari Senin, 11/05/2026 jam 18:00 WIB.', '/jadwal-tugas-misa-anggota.html', '{\"target_user_id\": \"53\", \"misa_besar_id\": 12, \"misa_type\": \"misa_besar\", \"role\": \"Kamera\", \"misa_name\": \"Tes Misa Besar di page home\", \"misa_date\": \"2026-05-11\", \"misa_time\": \"18:00\"}', '2026-05-09 21:02:05', NULL),
('notif-1778335325967-b1a7d8', 'tugas', 'Tugas Baru: Kamera', 'Anda ditugaskan sebagai <b>Kamera</b> untuk <b>Tes Misa Besar di page home</b> pada hari Senin, 11/05/2026 jam 18:00 WIB.', '/jadwal-tugas-misa-anggota.html', '{\"target_user_id\": \"6\", \"misa_besar_id\": 12, \"misa_type\": \"misa_besar\", \"role\": \"Kamera\", \"misa_name\": \"Tes Misa Besar di page home\", \"misa_date\": \"2026-05-11\", \"misa_time\": \"18:00\"}', '2026-05-09 21:02:05', NULL),
('notif-1778335325967-cc70e0', 'tugas', 'Tugas Baru: PD', 'Anda ditugaskan sebagai <b>PD</b> untuk <b>Tes Misa Besar di page home</b> pada hari Senin, 11/05/2026 jam 18:00 WIB.', '/jadwal-tugas-misa-anggota.html', '{\"target_user_id\": \"36\", \"misa_besar_id\": 12, \"misa_type\": \"misa_besar\", \"role\": \"PD\", \"misa_name\": \"Tes Misa Besar di page home\", \"misa_date\": \"2026-05-11\", \"misa_time\": \"18:00\"}', '2026-05-09 21:02:05', NULL),
('notif-1778335325967-f469dd', 'tugas', 'Tugas Baru: Kamera', 'Anda ditugaskan sebagai <b>Kamera</b> untuk <b>Tes Misa Besar di page home</b> pada hari Senin, 11/05/2026 jam 18:00 WIB.', '/jadwal-tugas-misa-anggota.html', '{\"target_user_id\": \"21\", \"misa_besar_id\": 12, \"misa_type\": \"misa_besar\", \"role\": \"Kamera\", \"misa_name\": \"Tes Misa Besar di page home\", \"misa_date\": \"2026-05-11\", \"misa_time\": \"18:00\"}', '2026-05-09 21:02:05', NULL),
('notif-1778339309043-93f5ca', 'tugas', 'Tugas Baru: Kamera', 'Anda ditugaskan sebagai <b>Kamera</b> untuk <b>Tes Notifikasi Misa Baru Publikasi  Role Kosong</b> pada hari Jumat, 22/05/2026 jam 15:00 WIB.', '/jadwal-tugas-misa-anggota.html', '{\"target_user_id\": \"21\", \"misa_besar_id\": 13, \"misa_type\": \"misa_besar\", \"role\": \"Kamera\", \"misa_name\": \"Tes Notifikasi Misa Baru Publikasi  Role Kosong\", \"misa_date\": \"2026-05-22\", \"misa_time\": \"15:00\"}', '2026-05-09 22:08:29', NULL),
('notif-1778339309044-106bea', 'tugas', 'Tugas Baru: Kamera', 'Anda ditugaskan sebagai <b>Kamera</b> untuk <b>Tes Notifikasi Misa Baru Publikasi  Role Kosong</b> pada hari Jumat, 22/05/2026 jam 15:00 WIB.', '/jadwal-tugas-misa-anggota.html', '{\"target_user_id\": \"3\", \"misa_besar_id\": 13, \"misa_type\": \"misa_besar\", \"role\": \"Kamera\", \"misa_name\": \"Tes Notifikasi Misa Baru Publikasi  Role Kosong\", \"misa_date\": \"2026-05-22\", \"misa_time\": \"15:00\"}', '2026-05-09 22:08:29', NULL),
('notif-1778339309055-226e33', 'tugas', 'Misa Besar Butuh Petugas', 'Ada Misa Besar baru <b>Tes Notifikasi Misa Baru Publikasi  Role Kosong</b> pada hari Jumat, 22/05/2026 jam 15:00 WIB yang masih memiliki slot kosong: <b>PD, OP, Supervisor, Fotografer</b>. Status request anggota: <b>dibuka</b>. Silakan buka halaman request tugas untuk melihat detail dan mengajukan tugas.', '/request-tugas-anggota.html?misaBesarId=13', '{\"target_user_id\": \"73\", \"notification_kind\": \"misa_besar_open_roles\", \"misa_besar_id\": 13, \"misa_type\": \"misa_besar\", \"misa_name\": \"Tes Notifikasi Misa Baru Publikasi  Role Kosong\", \"misa_date\": \"2026-05-22\", \"misa_time\": \"15:00\", \"empty_roles\": [\"PD\", \"OP\", \"Supervisor\", \"Fotografer\"], \"allow_member_request\": true}', '2026-05-09 22:08:29', 'user'),
('notif-1778339309055-534e4f', 'tugas', 'Misa Besar Butuh Petugas', 'Ada Misa Besar baru <b>Tes Notifikasi Misa Baru Publikasi  Role Kosong</b> pada hari Jumat, 22/05/2026 jam 15:00 WIB yang masih memiliki slot kosong: <b>PD, OP, Supervisor, Fotografer</b>. Status request anggota: <b>dibuka</b>. Silakan buka halaman request tugas untuk melihat detail dan mengajukan tugas.', '/request-tugas-anggota.html?misaBesarId=13', '{\"target_user_id\": \"36\", \"notification_kind\": \"misa_besar_open_roles\", \"misa_besar_id\": 13, \"misa_type\": \"misa_besar\", \"misa_name\": \"Tes Notifikasi Misa Baru Publikasi  Role Kosong\", \"misa_date\": \"2026-05-22\", \"misa_time\": \"15:00\", \"empty_roles\": [\"PD\", \"OP\", \"Supervisor\", \"Fotografer\"], \"allow_member_request\": true}', '2026-05-09 22:08:29', 'user'),
('notif-1778339309056-86cf97', 'tugas', 'Misa Besar Butuh Petugas', 'Ada Misa Besar baru <b>Tes Notifikasi Misa Baru Publikasi  Role Kosong</b> pada hari Jumat, 22/05/2026 jam 15:00 WIB yang masih memiliki slot kosong: <b>PD, OP, Supervisor, Fotografer</b>. Status request anggota: <b>dibuka</b>. Silakan buka halaman request tugas untuk melihat detail dan mengajukan tugas.', '/request-tugas-anggota.html?misaBesarId=13', '{\"target_user_id\": \"20\", \"notification_kind\": \"misa_besar_open_roles\", \"misa_besar_id\": 13, \"misa_type\": \"misa_besar\", \"misa_name\": \"Tes Notifikasi Misa Baru Publikasi  Role Kosong\", \"misa_date\": \"2026-05-22\", \"misa_time\": \"15:00\", \"empty_roles\": [\"PD\", \"OP\", \"Supervisor\", \"Fotografer\"], \"allow_member_request\": true}', '2026-05-09 22:08:29', 'user'),
('notif-1778339309056-8d6edd', 'tugas', 'Misa Besar Butuh Petugas', 'Ada Misa Besar baru <b>Tes Notifikasi Misa Baru Publikasi  Role Kosong</b> pada hari Jumat, 22/05/2026 jam 15:00 WIB yang masih memiliki slot kosong: <b>PD, OP, Supervisor, Fotografer</b>. Status request anggota: <b>dibuka</b>. Silakan buka halaman request tugas untuk melihat detail dan mengajukan tugas.', '/request-tugas-anggota.html?misaBesarId=13', '{\"target_user_id\": \"72\", \"notification_kind\": \"misa_besar_open_roles\", \"misa_besar_id\": 13, \"misa_type\": \"misa_besar\", \"misa_name\": \"Tes Notifikasi Misa Baru Publikasi  Role Kosong\", \"misa_date\": \"2026-05-22\", \"misa_time\": \"15:00\", \"empty_roles\": [\"PD\", \"OP\", \"Supervisor\", \"Fotografer\"], \"allow_member_request\": true}', '2026-05-09 22:08:29', 'user'),
('notif-1778339309056-cc29d7', 'tugas', 'Misa Besar Butuh Petugas', 'Ada Misa Besar baru <b>Tes Notifikasi Misa Baru Publikasi  Role Kosong</b> pada hari Jumat, 22/05/2026 jam 15:00 WIB yang masih memiliki slot kosong: <b>PD, OP, Supervisor, Fotografer</b>. Status request anggota: <b>dibuka</b>. Silakan buka halaman request tugas untuk melihat detail dan mengajukan tugas.', '/request-tugas-anggota.html?misaBesarId=13', '{\"target_user_id\": \"67\", \"notification_kind\": \"misa_besar_open_roles\", \"misa_besar_id\": 13, \"misa_type\": \"misa_besar\", \"misa_name\": \"Tes Notifikasi Misa Baru Publikasi  Role Kosong\", \"misa_date\": \"2026-05-22\", \"misa_time\": \"15:00\", \"empty_roles\": [\"PD\", \"OP\", \"Supervisor\", \"Fotografer\"], \"allow_member_request\": true}', '2026-05-09 22:08:29', 'user'),
('notif-1778339309057-444293', 'tugas', 'Misa Besar Butuh Petugas', 'Ada Misa Besar baru <b>Tes Notifikasi Misa Baru Publikasi  Role Kosong</b> pada hari Jumat, 22/05/2026 jam 15:00 WIB yang masih memiliki slot kosong: <b>PD, OP, Supervisor, Fotografer</b>. Status request anggota: <b>dibuka</b>. Silakan buka halaman request tugas untuk melihat detail dan mengajukan tugas.', '/request-tugas-anggota.html?misaBesarId=13', '{\"target_user_id\": \"21\", \"notification_kind\": \"misa_besar_open_roles\", \"misa_besar_id\": 13, \"misa_type\": \"misa_besar\", \"misa_name\": \"Tes Notifikasi Misa Baru Publikasi  Role Kosong\", \"misa_date\": \"2026-05-22\", \"misa_time\": \"15:00\", \"empty_roles\": [\"PD\", \"OP\", \"Supervisor\", \"Fotografer\"], \"allow_member_request\": true}', '2026-05-09 22:08:29', 'user'),
('notif-1778339309057-4898ab', 'tugas', 'Misa Besar Butuh Petugas', 'Ada Misa Besar baru <b>Tes Notifikasi Misa Baru Publikasi  Role Kosong</b> pada hari Jumat, 22/05/2026 jam 15:00 WIB yang masih memiliki slot kosong: <b>PD, OP, Supervisor, Fotografer</b>. Status request anggota: <b>dibuka</b>. Silakan buka halaman request tugas untuk melihat detail dan mengajukan tugas.', '/request-tugas-anggota.html?misaBesarId=13', '{\"target_user_id\": \"7\", \"notification_kind\": \"misa_besar_open_roles\", \"misa_besar_id\": 13, \"misa_type\": \"misa_besar\", \"misa_name\": \"Tes Notifikasi Misa Baru Publikasi  Role Kosong\", \"misa_date\": \"2026-05-22\", \"misa_time\": \"15:00\", \"empty_roles\": [\"PD\", \"OP\", \"Supervisor\", \"Fotografer\"], \"allow_member_request\": true}', '2026-05-09 22:08:29', 'user'),
('notif-1778339309057-e1e399', 'tugas', 'Misa Besar Butuh Petugas', 'Ada Misa Besar baru <b>Tes Notifikasi Misa Baru Publikasi  Role Kosong</b> pada hari Jumat, 22/05/2026 jam 15:00 WIB yang masih memiliki slot kosong: <b>PD, OP, Supervisor, Fotografer</b>. Status request anggota: <b>dibuka</b>. Silakan buka halaman request tugas untuk melihat detail dan mengajukan tugas.', '/request-tugas-anggota.html?misaBesarId=13', '{\"target_user_id\": \"60\", \"notification_kind\": \"misa_besar_open_roles\", \"misa_besar_id\": 13, \"misa_type\": \"misa_besar\", \"misa_name\": \"Tes Notifikasi Misa Baru Publikasi  Role Kosong\", \"misa_date\": \"2026-05-22\", \"misa_time\": \"15:00\", \"empty_roles\": [\"PD\", \"OP\", \"Supervisor\", \"Fotografer\"], \"allow_member_request\": true}', '2026-05-09 22:08:29', 'user'),
('notif-1778339309058-816aa9', 'tugas', 'Misa Besar Butuh Petugas', 'Ada Misa Besar baru <b>Tes Notifikasi Misa Baru Publikasi  Role Kosong</b> pada hari Jumat, 22/05/2026 jam 15:00 WIB yang masih memiliki slot kosong: <b>PD, OP, Supervisor, Fotografer</b>. Status request anggota: <b>dibuka</b>. Silakan buka halaman request tugas untuk melihat detail dan mengajukan tugas.', '/request-tugas-anggota.html?misaBesarId=13', '{\"target_user_id\": \"22\", \"notification_kind\": \"misa_besar_open_roles\", \"misa_besar_id\": 13, \"misa_type\": \"misa_besar\", \"misa_name\": \"Tes Notifikasi Misa Baru Publikasi  Role Kosong\", \"misa_date\": \"2026-05-22\", \"misa_time\": \"15:00\", \"empty_roles\": [\"PD\", \"OP\", \"Supervisor\", \"Fotografer\"], \"allow_member_request\": true}', '2026-05-09 22:08:29', 'user'),
('notif-1778339309058-b8a09b', 'tugas', 'Misa Besar Butuh Petugas', 'Ada Misa Besar baru <b>Tes Notifikasi Misa Baru Publikasi  Role Kosong</b> pada hari Jumat, 22/05/2026 jam 15:00 WIB yang masih memiliki slot kosong: <b>PD, OP, Supervisor, Fotografer</b>. Status request anggota: <b>dibuka</b>. Silakan buka halaman request tugas untuk melihat detail dan mengajukan tugas.', '/request-tugas-anggota.html?misaBesarId=13', '{\"target_user_id\": \"23\", \"notification_kind\": \"misa_besar_open_roles\", \"misa_besar_id\": 13, \"misa_type\": \"misa_besar\", \"misa_name\": \"Tes Notifikasi Misa Baru Publikasi  Role Kosong\", \"misa_date\": \"2026-05-22\", \"misa_time\": \"15:00\", \"empty_roles\": [\"PD\", \"OP\", \"Supervisor\", \"Fotografer\"], \"allow_member_request\": true}', '2026-05-09 22:08:29', 'user'),
('notif-1778339309058-cfc2a5', 'tugas', 'Misa Besar Butuh Petugas', 'Ada Misa Besar baru <b>Tes Notifikasi Misa Baru Publikasi  Role Kosong</b> pada hari Jumat, 22/05/2026 jam 15:00 WIB yang masih memiliki slot kosong: <b>PD, OP, Supervisor, Fotografer</b>. Status request anggota: <b>dibuka</b>. Silakan buka halaman request tugas untuk melihat detail dan mengajukan tugas.', '/request-tugas-anggota.html?misaBesarId=13', '{\"target_user_id\": \"25\", \"notification_kind\": \"misa_besar_open_roles\", \"misa_besar_id\": 13, \"misa_type\": \"misa_besar\", \"misa_name\": \"Tes Notifikasi Misa Baru Publikasi  Role Kosong\", \"misa_date\": \"2026-05-22\", \"misa_time\": \"15:00\", \"empty_roles\": [\"PD\", \"OP\", \"Supervisor\", \"Fotografer\"], \"allow_member_request\": true}', '2026-05-09 22:08:29', 'user'),
('notif-1778339309058-ffa623', 'tugas', 'Misa Besar Butuh Petugas', 'Ada Misa Besar baru <b>Tes Notifikasi Misa Baru Publikasi  Role Kosong</b> pada hari Jumat, 22/05/2026 jam 15:00 WIB yang masih memiliki slot kosong: <b>PD, OP, Supervisor, Fotografer</b>. Status request anggota: <b>dibuka</b>. Silakan buka halaman request tugas untuk melihat detail dan mengajukan tugas.', '/request-tugas-anggota.html?misaBesarId=13', '{\"target_user_id\": \"24\", \"notification_kind\": \"misa_besar_open_roles\", \"misa_besar_id\": 13, \"misa_type\": \"misa_besar\", \"misa_name\": \"Tes Notifikasi Misa Baru Publikasi  Role Kosong\", \"misa_date\": \"2026-05-22\", \"misa_time\": \"15:00\", \"empty_roles\": [\"PD\", \"OP\", \"Supervisor\", \"Fotografer\"], \"allow_member_request\": true}', '2026-05-09 22:08:29', 'user'),
('notif-1778339309059-99195a', 'tugas', 'Misa Besar Butuh Petugas', 'Ada Misa Besar baru <b>Tes Notifikasi Misa Baru Publikasi  Role Kosong</b> pada hari Jumat, 22/05/2026 jam 15:00 WIB yang masih memiliki slot kosong: <b>PD, OP, Supervisor, Fotografer</b>. Status request anggota: <b>dibuka</b>. Silakan buka halaman request tugas untuk melihat detail dan mengajukan tugas.', '/request-tugas-anggota.html?misaBesarId=13', '{\"target_user_id\": \"75\", \"notification_kind\": \"misa_besar_open_roles\", \"misa_besar_id\": 13, \"misa_type\": \"misa_besar\", \"misa_name\": \"Tes Notifikasi Misa Baru Publikasi  Role Kosong\", \"misa_date\": \"2026-05-22\", \"misa_time\": \"15:00\", \"empty_roles\": [\"PD\", \"OP\", \"Supervisor\", \"Fotografer\"], \"allow_member_request\": true}', '2026-05-09 22:08:29', 'user'),
('notif-1778339309060-710dac', 'tugas', 'Misa Besar Butuh Petugas', 'Ada Misa Besar baru <b>Tes Notifikasi Misa Baru Publikasi  Role Kosong</b> pada hari Jumat, 22/05/2026 jam 15:00 WIB yang masih memiliki slot kosong: <b>PD, OP, Supervisor, Fotografer</b>. Status request anggota: <b>dibuka</b>. Silakan buka halaman request tugas untuk melihat detail dan mengajukan tugas.', '/request-tugas-anggota.html?misaBesarId=13', '{\"target_user_id\": \"61\", \"notification_kind\": \"misa_besar_open_roles\", \"misa_besar_id\": 13, \"misa_type\": \"misa_besar\", \"misa_name\": \"Tes Notifikasi Misa Baru Publikasi  Role Kosong\", \"misa_date\": \"2026-05-22\", \"misa_time\": \"15:00\", \"empty_roles\": [\"PD\", \"OP\", \"Supervisor\", \"Fotografer\"], \"allow_member_request\": true}', '2026-05-09 22:08:29', 'user'),
('notif-1778339309062-a7461e', 'tugas', 'Misa Besar Butuh Petugas', 'Ada Misa Besar baru <b>Tes Notifikasi Misa Baru Publikasi  Role Kosong</b> pada hari Jumat, 22/05/2026 jam 15:00 WIB yang masih memiliki slot kosong: <b>PD, OP, Supervisor, Fotografer</b>. Status request anggota: <b>dibuka</b>. Silakan buka halaman request tugas untuk melihat detail dan mengajukan tugas.', '/request-tugas-anggota.html?misaBesarId=13', '{\"target_user_id\": \"53\", \"notification_kind\": \"misa_besar_open_roles\", \"misa_besar_id\": 13, \"misa_type\": \"misa_besar\", \"misa_name\": \"Tes Notifikasi Misa Baru Publikasi  Role Kosong\", \"misa_date\": \"2026-05-22\", \"misa_time\": \"15:00\", \"empty_roles\": [\"PD\", \"OP\", \"Supervisor\", \"Fotografer\"], \"allow_member_request\": true}', '2026-05-09 22:08:29', 'user'),
('notif-1778339309062-d5243f', 'tugas', 'Misa Besar Butuh Petugas', 'Ada Misa Besar baru <b>Tes Notifikasi Misa Baru Publikasi  Role Kosong</b> pada hari Jumat, 22/05/2026 jam 15:00 WIB yang masih memiliki slot kosong: <b>PD, OP, Supervisor, Fotografer</b>. Status request anggota: <b>dibuka</b>. Silakan buka halaman request tugas untuk melihat detail dan mengajukan tugas.', '/request-tugas-anggota.html?misaBesarId=13', '{\"target_user_id\": \"26\", \"notification_kind\": \"misa_besar_open_roles\", \"misa_besar_id\": 13, \"misa_type\": \"misa_besar\", \"misa_name\": \"Tes Notifikasi Misa Baru Publikasi  Role Kosong\", \"misa_date\": \"2026-05-22\", \"misa_time\": \"15:00\", \"empty_roles\": [\"PD\", \"OP\", \"Supervisor\", \"Fotografer\"], \"allow_member_request\": true}', '2026-05-09 22:08:29', 'user'),
('notif-1778339309062-f1515d', 'tugas', 'Misa Besar Butuh Petugas', 'Ada Misa Besar baru <b>Tes Notifikasi Misa Baru Publikasi  Role Kosong</b> pada hari Jumat, 22/05/2026 jam 15:00 WIB yang masih memiliki slot kosong: <b>PD, OP, Supervisor, Fotografer</b>. Status request anggota: <b>dibuka</b>. Silakan buka halaman request tugas untuk melihat detail dan mengajukan tugas.', '/request-tugas-anggota.html?misaBesarId=13', '{\"target_user_id\": \"35\", \"notification_kind\": \"misa_besar_open_roles\", \"misa_besar_id\": 13, \"misa_type\": \"misa_besar\", \"misa_name\": \"Tes Notifikasi Misa Baru Publikasi  Role Kosong\", \"misa_date\": \"2026-05-22\", \"misa_time\": \"15:00\", \"empty_roles\": [\"PD\", \"OP\", \"Supervisor\", \"Fotografer\"], \"allow_member_request\": true}', '2026-05-09 22:08:29', 'user'),
('notif-1778339309063-2b496a', 'tugas', 'Misa Besar Butuh Petugas', 'Ada Misa Besar baru <b>Tes Notifikasi Misa Baru Publikasi  Role Kosong</b> pada hari Jumat, 22/05/2026 jam 15:00 WIB yang masih memiliki slot kosong: <b>PD, OP, Supervisor, Fotografer</b>. Status request anggota: <b>dibuka</b>. Silakan buka halaman request tugas untuk melihat detail dan mengajukan tugas.', '/request-tugas-anggota.html?misaBesarId=13', '{\"target_user_id\": \"68\", \"notification_kind\": \"misa_besar_open_roles\", \"misa_besar_id\": 13, \"misa_type\": \"misa_besar\", \"misa_name\": \"Tes Notifikasi Misa Baru Publikasi  Role Kosong\", \"misa_date\": \"2026-05-22\", \"misa_time\": \"15:00\", \"empty_roles\": [\"PD\", \"OP\", \"Supervisor\", \"Fotografer\"], \"allow_member_request\": true}', '2026-05-09 22:08:29', 'user'),
('notif-1778339309063-6b0f51', 'tugas', 'Misa Besar Butuh Petugas', 'Ada Misa Besar baru <b>Tes Notifikasi Misa Baru Publikasi  Role Kosong</b> pada hari Jumat, 22/05/2026 jam 15:00 WIB yang masih memiliki slot kosong: <b>PD, OP, Supervisor, Fotografer</b>. Status request anggota: <b>dibuka</b>. Silakan buka halaman request tugas untuk melihat detail dan mengajukan tugas.', '/request-tugas-anggota.html?misaBesarId=13', '{\"target_user_id\": \"65\", \"notification_kind\": \"misa_besar_open_roles\", \"misa_besar_id\": 13, \"misa_type\": \"misa_besar\", \"misa_name\": \"Tes Notifikasi Misa Baru Publikasi  Role Kosong\", \"misa_date\": \"2026-05-22\", \"misa_time\": \"15:00\", \"empty_roles\": [\"PD\", \"OP\", \"Supervisor\", \"Fotografer\"], \"allow_member_request\": true}', '2026-05-09 22:08:29', 'user'),
('notif-1778339309063-98c25e', 'tugas', 'Misa Besar Butuh Petugas', 'Ada Misa Besar baru <b>Tes Notifikasi Misa Baru Publikasi  Role Kosong</b> pada hari Jumat, 22/05/2026 jam 15:00 WIB yang masih memiliki slot kosong: <b>PD, OP, Supervisor, Fotografer</b>. Status request anggota: <b>dibuka</b>. Silakan buka halaman request tugas untuk melihat detail dan mengajukan tugas.', '/request-tugas-anggota.html?misaBesarId=13', '{\"target_user_id\": \"66\", \"notification_kind\": \"misa_besar_open_roles\", \"misa_besar_id\": 13, \"misa_type\": \"misa_besar\", \"misa_name\": \"Tes Notifikasi Misa Baru Publikasi  Role Kosong\", \"misa_date\": \"2026-05-22\", \"misa_time\": \"15:00\", \"empty_roles\": [\"PD\", \"OP\", \"Supervisor\", \"Fotografer\"], \"allow_member_request\": true}', '2026-05-09 22:08:29', 'user'),
('notif-1778339309064-0b1567', 'tugas', 'Misa Besar Butuh Petugas', 'Ada Misa Besar baru <b>Tes Notifikasi Misa Baru Publikasi  Role Kosong</b> pada hari Jumat, 22/05/2026 jam 15:00 WIB yang masih memiliki slot kosong: <b>PD, OP, Supervisor, Fotografer</b>. Status request anggota: <b>dibuka</b>. Silakan buka halaman request tugas untuk melihat detail dan mengajukan tugas.', '/request-tugas-anggota.html?misaBesarId=13', '{\"target_user_id\": \"59\", \"notification_kind\": \"misa_besar_open_roles\", \"misa_besar_id\": 13, \"misa_type\": \"misa_besar\", \"misa_name\": \"Tes Notifikasi Misa Baru Publikasi  Role Kosong\", \"misa_date\": \"2026-05-22\", \"misa_time\": \"15:00\", \"empty_roles\": [\"PD\", \"OP\", \"Supervisor\", \"Fotografer\"], \"allow_member_request\": true}', '2026-05-09 22:08:29', 'user');
INSERT INTO `notifications` (`id`, `type`, `title`, `body`, `url`, `data`, `created_at`, `target_role`) VALUES
('notif-1778339309064-421590', 'tugas', 'Misa Besar Butuh Petugas', 'Ada Misa Besar baru <b>Tes Notifikasi Misa Baru Publikasi  Role Kosong</b> pada hari Jumat, 22/05/2026 jam 15:00 WIB yang masih memiliki slot kosong: <b>PD, OP, Supervisor, Fotografer</b>. Status request anggota: <b>dibuka</b>. Silakan buka halaman request tugas untuk melihat detail dan mengajukan tugas.', '/request-tugas-anggota.html?misaBesarId=13', '{\"target_user_id\": \"27\", \"notification_kind\": \"misa_besar_open_roles\", \"misa_besar_id\": 13, \"misa_type\": \"misa_besar\", \"misa_name\": \"Tes Notifikasi Misa Baru Publikasi  Role Kosong\", \"misa_date\": \"2026-05-22\", \"misa_time\": \"15:00\", \"empty_roles\": [\"PD\", \"OP\", \"Supervisor\", \"Fotografer\"], \"allow_member_request\": true}', '2026-05-09 22:08:29', 'user'),
('notif-1778339309064-5b4941', 'tugas', 'Misa Besar Butuh Petugas', 'Ada Misa Besar baru <b>Tes Notifikasi Misa Baru Publikasi  Role Kosong</b> pada hari Jumat, 22/05/2026 jam 15:00 WIB yang masih memiliki slot kosong: <b>PD, OP, Supervisor, Fotografer</b>. Status request anggota: <b>dibuka</b>. Silakan buka halaman request tugas untuk melihat detail dan mengajukan tugas.', '/request-tugas-anggota.html?misaBesarId=13', '{\"target_user_id\": \"9\", \"notification_kind\": \"misa_besar_open_roles\", \"misa_besar_id\": 13, \"misa_type\": \"misa_besar\", \"misa_name\": \"Tes Notifikasi Misa Baru Publikasi  Role Kosong\", \"misa_date\": \"2026-05-22\", \"misa_time\": \"15:00\", \"empty_roles\": [\"PD\", \"OP\", \"Supervisor\", \"Fotografer\"], \"allow_member_request\": true}', '2026-05-09 22:08:29', 'user'),
('notif-1778339309065-440992', 'tugas', 'Misa Besar Butuh Petugas', 'Ada Misa Besar baru <b>Tes Notifikasi Misa Baru Publikasi  Role Kosong</b> pada hari Jumat, 22/05/2026 jam 15:00 WIB yang masih memiliki slot kosong: <b>PD, OP, Supervisor, Fotografer</b>. Status request anggota: <b>dibuka</b>. Silakan buka halaman request tugas untuk melihat detail dan mengajukan tugas.', '/request-tugas-anggota.html?misaBesarId=13', '{\"target_user_id\": \"29\", \"notification_kind\": \"misa_besar_open_roles\", \"misa_besar_id\": 13, \"misa_type\": \"misa_besar\", \"misa_name\": \"Tes Notifikasi Misa Baru Publikasi  Role Kosong\", \"misa_date\": \"2026-05-22\", \"misa_time\": \"15:00\", \"empty_roles\": [\"PD\", \"OP\", \"Supervisor\", \"Fotografer\"], \"allow_member_request\": true}', '2026-05-09 22:08:29', 'user'),
('notif-1778339309065-783e89', 'tugas', 'Misa Besar Butuh Petugas', 'Ada Misa Besar baru <b>Tes Notifikasi Misa Baru Publikasi  Role Kosong</b> pada hari Jumat, 22/05/2026 jam 15:00 WIB yang masih memiliki slot kosong: <b>PD, OP, Supervisor, Fotografer</b>. Status request anggota: <b>dibuka</b>. Silakan buka halaman request tugas untuk melihat detail dan mengajukan tugas.', '/request-tugas-anggota.html?misaBesarId=13', '{\"target_user_id\": \"55\", \"notification_kind\": \"misa_besar_open_roles\", \"misa_besar_id\": 13, \"misa_type\": \"misa_besar\", \"misa_name\": \"Tes Notifikasi Misa Baru Publikasi  Role Kosong\", \"misa_date\": \"2026-05-22\", \"misa_time\": \"15:00\", \"empty_roles\": [\"PD\", \"OP\", \"Supervisor\", \"Fotografer\"], \"allow_member_request\": true}', '2026-05-09 22:08:29', 'user'),
('notif-1778339309065-db3fc1', 'tugas', 'Misa Besar Butuh Petugas', 'Ada Misa Besar baru <b>Tes Notifikasi Misa Baru Publikasi  Role Kosong</b> pada hari Jumat, 22/05/2026 jam 15:00 WIB yang masih memiliki slot kosong: <b>PD, OP, Supervisor, Fotografer</b>. Status request anggota: <b>dibuka</b>. Silakan buka halaman request tugas untuk melihat detail dan mengajukan tugas.', '/request-tugas-anggota.html?misaBesarId=13', '{\"target_user_id\": \"28\", \"notification_kind\": \"misa_besar_open_roles\", \"misa_besar_id\": 13, \"misa_type\": \"misa_besar\", \"misa_name\": \"Tes Notifikasi Misa Baru Publikasi  Role Kosong\", \"misa_date\": \"2026-05-22\", \"misa_time\": \"15:00\", \"empty_roles\": [\"PD\", \"OP\", \"Supervisor\", \"Fotografer\"], \"allow_member_request\": true}', '2026-05-09 22:08:29', 'user'),
('notif-1778339309066-cca573', 'tugas', 'Misa Besar Butuh Petugas', 'Ada Misa Besar baru <b>Tes Notifikasi Misa Baru Publikasi  Role Kosong</b> pada hari Jumat, 22/05/2026 jam 15:00 WIB yang masih memiliki slot kosong: <b>PD, OP, Supervisor, Fotografer</b>. Status request anggota: <b>dibuka</b>. Silakan buka halaman request tugas untuk melihat detail dan mengajukan tugas.', '/request-tugas-anggota.html?misaBesarId=13', '{\"target_user_id\": \"34\", \"notification_kind\": \"misa_besar_open_roles\", \"misa_besar_id\": 13, \"misa_type\": \"misa_besar\", \"misa_name\": \"Tes Notifikasi Misa Baru Publikasi  Role Kosong\", \"misa_date\": \"2026-05-22\", \"misa_time\": \"15:00\", \"empty_roles\": [\"PD\", \"OP\", \"Supervisor\", \"Fotografer\"], \"allow_member_request\": true}', '2026-05-09 22:08:29', 'user'),
('notif-1778339309066-d6cbbe', 'tugas', 'Misa Besar Butuh Petugas', 'Ada Misa Besar baru <b>Tes Notifikasi Misa Baru Publikasi  Role Kosong</b> pada hari Jumat, 22/05/2026 jam 15:00 WIB yang masih memiliki slot kosong: <b>PD, OP, Supervisor, Fotografer</b>. Status request anggota: <b>dibuka</b>. Silakan buka halaman request tugas untuk melihat detail dan mengajukan tugas.', '/request-tugas-anggota.html?misaBesarId=13', '{\"target_user_id\": \"30\", \"notification_kind\": \"misa_besar_open_roles\", \"misa_besar_id\": 13, \"misa_type\": \"misa_besar\", \"misa_name\": \"Tes Notifikasi Misa Baru Publikasi  Role Kosong\", \"misa_date\": \"2026-05-22\", \"misa_time\": \"15:00\", \"empty_roles\": [\"PD\", \"OP\", \"Supervisor\", \"Fotografer\"], \"allow_member_request\": true}', '2026-05-09 22:08:29', 'user'),
('notif-1778339309067-7654eb', 'tugas', 'Misa Besar Butuh Petugas', 'Ada Misa Besar baru <b>Tes Notifikasi Misa Baru Publikasi  Role Kosong</b> pada hari Jumat, 22/05/2026 jam 15:00 WIB yang masih memiliki slot kosong: <b>PD, OP, Supervisor, Fotografer</b>. Status request anggota: <b>dibuka</b>. Silakan buka halaman request tugas untuk melihat detail dan mengajukan tugas.', '/request-tugas-anggota.html?misaBesarId=13', '{\"target_user_id\": \"70\", \"notification_kind\": \"misa_besar_open_roles\", \"misa_besar_id\": 13, \"misa_type\": \"misa_besar\", \"misa_name\": \"Tes Notifikasi Misa Baru Publikasi  Role Kosong\", \"misa_date\": \"2026-05-22\", \"misa_time\": \"15:00\", \"empty_roles\": [\"PD\", \"OP\", \"Supervisor\", \"Fotografer\"], \"allow_member_request\": true}', '2026-05-09 22:08:29', 'user'),
('notif-1778339309067-a2b6ba', 'tugas', 'Misa Besar Butuh Petugas', 'Ada Misa Besar baru <b>Tes Notifikasi Misa Baru Publikasi  Role Kosong</b> pada hari Jumat, 22/05/2026 jam 15:00 WIB yang masih memiliki slot kosong: <b>PD, OP, Supervisor, Fotografer</b>. Status request anggota: <b>dibuka</b>. Silakan buka halaman request tugas untuk melihat detail dan mengajukan tugas.', '/request-tugas-anggota.html?misaBesarId=13', '{\"target_user_id\": \"31\", \"notification_kind\": \"misa_besar_open_roles\", \"misa_besar_id\": 13, \"misa_type\": \"misa_besar\", \"misa_name\": \"Tes Notifikasi Misa Baru Publikasi  Role Kosong\", \"misa_date\": \"2026-05-22\", \"misa_time\": \"15:00\", \"empty_roles\": [\"PD\", \"OP\", \"Supervisor\", \"Fotografer\"], \"allow_member_request\": true}', '2026-05-09 22:08:29', 'user'),
('notif-1778339309067-d450bb', 'tugas', 'Misa Besar Butuh Petugas', 'Ada Misa Besar baru <b>Tes Notifikasi Misa Baru Publikasi  Role Kosong</b> pada hari Jumat, 22/05/2026 jam 15:00 WIB yang masih memiliki slot kosong: <b>PD, OP, Supervisor, Fotografer</b>. Status request anggota: <b>dibuka</b>. Silakan buka halaman request tugas untuk melihat detail dan mengajukan tugas.', '/request-tugas-anggota.html?misaBesarId=13', '{\"target_user_id\": \"32\", \"notification_kind\": \"misa_besar_open_roles\", \"misa_besar_id\": 13, \"misa_type\": \"misa_besar\", \"misa_name\": \"Tes Notifikasi Misa Baru Publikasi  Role Kosong\", \"misa_date\": \"2026-05-22\", \"misa_time\": \"15:00\", \"empty_roles\": [\"PD\", \"OP\", \"Supervisor\", \"Fotografer\"], \"allow_member_request\": true}', '2026-05-09 22:08:29', 'user'),
('notif-1778339309068-9553a5', 'tugas', 'Misa Besar Butuh Petugas', 'Ada Misa Besar baru <b>Tes Notifikasi Misa Baru Publikasi  Role Kosong</b> pada hari Jumat, 22/05/2026 jam 15:00 WIB yang masih memiliki slot kosong: <b>PD, OP, Supervisor, Fotografer</b>. Status request anggota: <b>dibuka</b>. Silakan buka halaman request tugas untuk melihat detail dan mengajukan tugas.', '/request-tugas-anggota.html?misaBesarId=13', '{\"target_user_id\": \"74\", \"notification_kind\": \"misa_besar_open_roles\", \"misa_besar_id\": 13, \"misa_type\": \"misa_besar\", \"misa_name\": \"Tes Notifikasi Misa Baru Publikasi  Role Kosong\", \"misa_date\": \"2026-05-22\", \"misa_time\": \"15:00\", \"empty_roles\": [\"PD\", \"OP\", \"Supervisor\", \"Fotografer\"], \"allow_member_request\": true}', '2026-05-09 22:08:29', 'user'),
('notif-1778339309068-e5c37c', 'tugas', 'Misa Besar Butuh Petugas', 'Ada Misa Besar baru <b>Tes Notifikasi Misa Baru Publikasi  Role Kosong</b> pada hari Jumat, 22/05/2026 jam 15:00 WIB yang masih memiliki slot kosong: <b>PD, OP, Supervisor, Fotografer</b>. Status request anggota: <b>dibuka</b>. Silakan buka halaman request tugas untuk melihat detail dan mengajukan tugas.', '/request-tugas-anggota.html?misaBesarId=13', '{\"target_user_id\": \"10\", \"notification_kind\": \"misa_besar_open_roles\", \"misa_besar_id\": 13, \"misa_type\": \"misa_besar\", \"misa_name\": \"Tes Notifikasi Misa Baru Publikasi  Role Kosong\", \"misa_date\": \"2026-05-22\", \"misa_time\": \"15:00\", \"empty_roles\": [\"PD\", \"OP\", \"Supervisor\", \"Fotografer\"], \"allow_member_request\": true}', '2026-05-09 22:08:29', 'user'),
('notif-1778339309069-586ed2', 'tugas', 'Misa Besar Butuh Petugas', 'Ada Misa Besar baru <b>Tes Notifikasi Misa Baru Publikasi  Role Kosong</b> pada hari Jumat, 22/05/2026 jam 15:00 WIB yang masih memiliki slot kosong: <b>PD, OP, Supervisor, Fotografer</b>. Status request anggota: <b>dibuka</b>. Silakan buka halaman request tugas untuk melihat detail dan mengajukan tugas.', '/request-tugas-anggota.html?misaBesarId=13', '{\"target_user_id\": \"38\", \"notification_kind\": \"misa_besar_open_roles\", \"misa_besar_id\": 13, \"misa_type\": \"misa_besar\", \"misa_name\": \"Tes Notifikasi Misa Baru Publikasi  Role Kosong\", \"misa_date\": \"2026-05-22\", \"misa_time\": \"15:00\", \"empty_roles\": [\"PD\", \"OP\", \"Supervisor\", \"Fotografer\"], \"allow_member_request\": true}', '2026-05-09 22:08:29', 'user'),
('notif-1778339309069-d85c0e', 'tugas', 'Misa Besar Butuh Petugas', 'Ada Misa Besar baru <b>Tes Notifikasi Misa Baru Publikasi  Role Kosong</b> pada hari Jumat, 22/05/2026 jam 15:00 WIB yang masih memiliki slot kosong: <b>PD, OP, Supervisor, Fotografer</b>. Status request anggota: <b>dibuka</b>. Silakan buka halaman request tugas untuk melihat detail dan mengajukan tugas.', '/request-tugas-anggota.html?misaBesarId=13', '{\"target_user_id\": \"39\", \"notification_kind\": \"misa_besar_open_roles\", \"misa_besar_id\": 13, \"misa_type\": \"misa_besar\", \"misa_name\": \"Tes Notifikasi Misa Baru Publikasi  Role Kosong\", \"misa_date\": \"2026-05-22\", \"misa_time\": \"15:00\", \"empty_roles\": [\"PD\", \"OP\", \"Supervisor\", \"Fotografer\"], \"allow_member_request\": true}', '2026-05-09 22:08:29', 'user'),
('notif-1778339309071-3104ba', 'tugas', 'Misa Besar Butuh Petugas', 'Ada Misa Besar baru <b>Tes Notifikasi Misa Baru Publikasi  Role Kosong</b> pada hari Jumat, 22/05/2026 jam 15:00 WIB yang masih memiliki slot kosong: <b>PD, OP, Supervisor, Fotografer</b>. Status request anggota: <b>dibuka</b>. Silakan buka halaman request tugas untuk melihat detail dan mengajukan tugas.', '/request-tugas-anggota.html?misaBesarId=13', '{\"target_user_id\": \"57\", \"notification_kind\": \"misa_besar_open_roles\", \"misa_besar_id\": 13, \"misa_type\": \"misa_besar\", \"misa_name\": \"Tes Notifikasi Misa Baru Publikasi  Role Kosong\", \"misa_date\": \"2026-05-22\", \"misa_time\": \"15:00\", \"empty_roles\": [\"PD\", \"OP\", \"Supervisor\", \"Fotografer\"], \"allow_member_request\": true}', '2026-05-09 22:08:29', 'user'),
('notif-1778339309072-0b493e', 'tugas', 'Misa Besar Butuh Petugas', 'Ada Misa Besar baru <b>Tes Notifikasi Misa Baru Publikasi  Role Kosong</b> pada hari Jumat, 22/05/2026 jam 15:00 WIB yang masih memiliki slot kosong: <b>PD, OP, Supervisor, Fotografer</b>. Status request anggota: <b>dibuka</b>. Silakan buka halaman request tugas untuk melihat detail dan mengajukan tugas.', '/request-tugas-anggota.html?misaBesarId=13', '{\"target_user_id\": \"40\", \"notification_kind\": \"misa_besar_open_roles\", \"misa_besar_id\": 13, \"misa_type\": \"misa_besar\", \"misa_name\": \"Tes Notifikasi Misa Baru Publikasi  Role Kosong\", \"misa_date\": \"2026-05-22\", \"misa_time\": \"15:00\", \"empty_roles\": [\"PD\", \"OP\", \"Supervisor\", \"Fotografer\"], \"allow_member_request\": true}', '2026-05-09 22:08:29', 'user'),
('notif-1778339309072-3fd7ae', 'tugas', 'Misa Besar Butuh Petugas', 'Ada Misa Besar baru <b>Tes Notifikasi Misa Baru Publikasi  Role Kosong</b> pada hari Jumat, 22/05/2026 jam 15:00 WIB yang masih memiliki slot kosong: <b>PD, OP, Supervisor, Fotografer</b>. Status request anggota: <b>dibuka</b>. Silakan buka halaman request tugas untuk melihat detail dan mengajukan tugas.', '/request-tugas-anggota.html?misaBesarId=13', '{\"target_user_id\": \"16\", \"notification_kind\": \"misa_besar_open_roles\", \"misa_besar_id\": 13, \"misa_type\": \"misa_besar\", \"misa_name\": \"Tes Notifikasi Misa Baru Publikasi  Role Kosong\", \"misa_date\": \"2026-05-22\", \"misa_time\": \"15:00\", \"empty_roles\": [\"PD\", \"OP\", \"Supervisor\", \"Fotografer\"], \"allow_member_request\": true}', '2026-05-09 22:08:29', 'user'),
('notif-1778339309073-1950da', 'tugas', 'Misa Besar Butuh Petugas', 'Ada Misa Besar baru <b>Tes Notifikasi Misa Baru Publikasi  Role Kosong</b> pada hari Jumat, 22/05/2026 jam 15:00 WIB yang masih memiliki slot kosong: <b>PD, OP, Supervisor, Fotografer</b>. Status request anggota: <b>dibuka</b>. Silakan buka halaman request tugas untuk melihat detail dan mengajukan tugas.', '/request-tugas-anggota.html?misaBesarId=13', '{\"target_user_id\": \"42\", \"notification_kind\": \"misa_besar_open_roles\", \"misa_besar_id\": 13, \"misa_type\": \"misa_besar\", \"misa_name\": \"Tes Notifikasi Misa Baru Publikasi  Role Kosong\", \"misa_date\": \"2026-05-22\", \"misa_time\": \"15:00\", \"empty_roles\": [\"PD\", \"OP\", \"Supervisor\", \"Fotografer\"], \"allow_member_request\": true}', '2026-05-09 22:08:29', 'user'),
('notif-1778339309073-1ee89f', 'tugas', 'Misa Besar Butuh Petugas', 'Ada Misa Besar baru <b>Tes Notifikasi Misa Baru Publikasi  Role Kosong</b> pada hari Jumat, 22/05/2026 jam 15:00 WIB yang masih memiliki slot kosong: <b>PD, OP, Supervisor, Fotografer</b>. Status request anggota: <b>dibuka</b>. Silakan buka halaman request tugas untuk melihat detail dan mengajukan tugas.', '/request-tugas-anggota.html?misaBesarId=13', '{\"target_user_id\": \"54\", \"notification_kind\": \"misa_besar_open_roles\", \"misa_besar_id\": 13, \"misa_type\": \"misa_besar\", \"misa_name\": \"Tes Notifikasi Misa Baru Publikasi  Role Kosong\", \"misa_date\": \"2026-05-22\", \"misa_time\": \"15:00\", \"empty_roles\": [\"PD\", \"OP\", \"Supervisor\", \"Fotografer\"], \"allow_member_request\": true}', '2026-05-09 22:08:29', 'user'),
('notif-1778339309073-9d4d60', 'tugas', 'Misa Besar Butuh Petugas', 'Ada Misa Besar baru <b>Tes Notifikasi Misa Baru Publikasi  Role Kosong</b> pada hari Jumat, 22/05/2026 jam 15:00 WIB yang masih memiliki slot kosong: <b>PD, OP, Supervisor, Fotografer</b>. Status request anggota: <b>dibuka</b>. Silakan buka halaman request tugas untuk melihat detail dan mengajukan tugas.', '/request-tugas-anggota.html?misaBesarId=13', '{\"target_user_id\": \"41\", \"notification_kind\": \"misa_besar_open_roles\", \"misa_besar_id\": 13, \"misa_type\": \"misa_besar\", \"misa_name\": \"Tes Notifikasi Misa Baru Publikasi  Role Kosong\", \"misa_date\": \"2026-05-22\", \"misa_time\": \"15:00\", \"empty_roles\": [\"PD\", \"OP\", \"Supervisor\", \"Fotografer\"], \"allow_member_request\": true}', '2026-05-09 22:08:29', 'user'),
('notif-1778339309074-bba2e4', 'tugas', 'Misa Besar Butuh Petugas', 'Ada Misa Besar baru <b>Tes Notifikasi Misa Baru Publikasi  Role Kosong</b> pada hari Jumat, 22/05/2026 jam 15:00 WIB yang masih memiliki slot kosong: <b>PD, OP, Supervisor, Fotografer</b>. Status request anggota: <b>dibuka</b>. Silakan buka halaman request tugas untuk melihat detail dan mengajukan tugas.', '/request-tugas-anggota.html?misaBesarId=13', '{\"target_user_id\": \"43\", \"notification_kind\": \"misa_besar_open_roles\", \"misa_besar_id\": 13, \"misa_type\": \"misa_besar\", \"misa_name\": \"Tes Notifikasi Misa Baru Publikasi  Role Kosong\", \"misa_date\": \"2026-05-22\", \"misa_time\": \"15:00\", \"empty_roles\": [\"PD\", \"OP\", \"Supervisor\", \"Fotografer\"], \"allow_member_request\": true}', '2026-05-09 22:08:29', 'user'),
('notif-1778339309074-d2a8f4', 'tugas', 'Misa Besar Butuh Petugas', 'Ada Misa Besar baru <b>Tes Notifikasi Misa Baru Publikasi  Role Kosong</b> pada hari Jumat, 22/05/2026 jam 15:00 WIB yang masih memiliki slot kosong: <b>PD, OP, Supervisor, Fotografer</b>. Status request anggota: <b>dibuka</b>. Silakan buka halaman request tugas untuk melihat detail dan mengajukan tugas.', '/request-tugas-anggota.html?misaBesarId=13', '{\"target_user_id\": \"17\", \"notification_kind\": \"misa_besar_open_roles\", \"misa_besar_id\": 13, \"misa_type\": \"misa_besar\", \"misa_name\": \"Tes Notifikasi Misa Baru Publikasi  Role Kosong\", \"misa_date\": \"2026-05-22\", \"misa_time\": \"15:00\", \"empty_roles\": [\"PD\", \"OP\", \"Supervisor\", \"Fotografer\"], \"allow_member_request\": true}', '2026-05-09 22:08:29', 'user'),
('notif-1778339309075-8a522b', 'tugas', 'Misa Besar Butuh Petugas', 'Ada Misa Besar baru <b>Tes Notifikasi Misa Baru Publikasi  Role Kosong</b> pada hari Jumat, 22/05/2026 jam 15:00 WIB yang masih memiliki slot kosong: <b>PD, OP, Supervisor, Fotografer</b>. Status request anggota: <b>dibuka</b>. Silakan buka halaman request tugas untuk melihat detail dan mengajukan tugas.', '/request-tugas-anggota.html?misaBesarId=13', '{\"target_user_id\": \"56\", \"notification_kind\": \"misa_besar_open_roles\", \"misa_besar_id\": 13, \"misa_type\": \"misa_besar\", \"misa_name\": \"Tes Notifikasi Misa Baru Publikasi  Role Kosong\", \"misa_date\": \"2026-05-22\", \"misa_time\": \"15:00\", \"empty_roles\": [\"PD\", \"OP\", \"Supervisor\", \"Fotografer\"], \"allow_member_request\": true}', '2026-05-09 22:08:29', 'user'),
('notif-1778339309075-ec43f0', 'tugas', 'Misa Besar Butuh Petugas', 'Ada Misa Besar baru <b>Tes Notifikasi Misa Baru Publikasi  Role Kosong</b> pada hari Jumat, 22/05/2026 jam 15:00 WIB yang masih memiliki slot kosong: <b>PD, OP, Supervisor, Fotografer</b>. Status request anggota: <b>dibuka</b>. Silakan buka halaman request tugas untuk melihat detail dan mengajukan tugas.', '/request-tugas-anggota.html?misaBesarId=13', '{\"target_user_id\": \"44\", \"notification_kind\": \"misa_besar_open_roles\", \"misa_besar_id\": 13, \"misa_type\": \"misa_besar\", \"misa_name\": \"Tes Notifikasi Misa Baru Publikasi  Role Kosong\", \"misa_date\": \"2026-05-22\", \"misa_time\": \"15:00\", \"empty_roles\": [\"PD\", \"OP\", \"Supervisor\", \"Fotografer\"], \"allow_member_request\": true}', '2026-05-09 22:08:29', 'user'),
('notif-1778339309075-f2af5a', 'tugas', 'Misa Besar Butuh Petugas', 'Ada Misa Besar baru <b>Tes Notifikasi Misa Baru Publikasi  Role Kosong</b> pada hari Jumat, 22/05/2026 jam 15:00 WIB yang masih memiliki slot kosong: <b>PD, OP, Supervisor, Fotografer</b>. Status request anggota: <b>dibuka</b>. Silakan buka halaman request tugas untuk melihat detail dan mengajukan tugas.', '/request-tugas-anggota.html?misaBesarId=13', '{\"target_user_id\": \"51\", \"notification_kind\": \"misa_besar_open_roles\", \"misa_besar_id\": 13, \"misa_type\": \"misa_besar\", \"misa_name\": \"Tes Notifikasi Misa Baru Publikasi  Role Kosong\", \"misa_date\": \"2026-05-22\", \"misa_time\": \"15:00\", \"empty_roles\": [\"PD\", \"OP\", \"Supervisor\", \"Fotografer\"], \"allow_member_request\": true}', '2026-05-09 22:08:29', 'user'),
('notif-1778339309076-1f7078', 'tugas', 'Misa Besar Butuh Petugas', 'Ada Misa Besar baru <b>Tes Notifikasi Misa Baru Publikasi  Role Kosong</b> pada hari Jumat, 22/05/2026 jam 15:00 WIB yang masih memiliki slot kosong: <b>PD, OP, Supervisor, Fotografer</b>. Status request anggota: <b>dibuka</b>. Silakan buka halaman request tugas untuk melihat detail dan mengajukan tugas.', '/request-tugas-anggota.html?misaBesarId=13', '{\"target_user_id\": \"37\", \"notification_kind\": \"misa_besar_open_roles\", \"misa_besar_id\": 13, \"misa_type\": \"misa_besar\", \"misa_name\": \"Tes Notifikasi Misa Baru Publikasi  Role Kosong\", \"misa_date\": \"2026-05-22\", \"misa_time\": \"15:00\", \"empty_roles\": [\"PD\", \"OP\", \"Supervisor\", \"Fotografer\"], \"allow_member_request\": true}', '2026-05-09 22:08:29', 'user'),
('notif-1778339309076-9c0324', 'tugas', 'Misa Besar Butuh Petugas', 'Ada Misa Besar baru <b>Tes Notifikasi Misa Baru Publikasi  Role Kosong</b> pada hari Jumat, 22/05/2026 jam 15:00 WIB yang masih memiliki slot kosong: <b>PD, OP, Supervisor, Fotografer</b>. Status request anggota: <b>dibuka</b>. Silakan buka halaman request tugas untuk melihat detail dan mengajukan tugas.', '/request-tugas-anggota.html?misaBesarId=13', '{\"target_user_id\": \"69\", \"notification_kind\": \"misa_besar_open_roles\", \"misa_besar_id\": 13, \"misa_type\": \"misa_besar\", \"misa_name\": \"Tes Notifikasi Misa Baru Publikasi  Role Kosong\", \"misa_date\": \"2026-05-22\", \"misa_time\": \"15:00\", \"empty_roles\": [\"PD\", \"OP\", \"Supervisor\", \"Fotografer\"], \"allow_member_request\": true}', '2026-05-09 22:08:29', 'user'),
('notif-1778339309077-25fe75', 'tugas', 'Misa Besar Butuh Petugas', 'Ada Misa Besar baru <b>Tes Notifikasi Misa Baru Publikasi  Role Kosong</b> pada hari Jumat, 22/05/2026 jam 15:00 WIB yang masih memiliki slot kosong: <b>PD, OP, Supervisor, Fotografer</b>. Status request anggota: <b>dibuka</b>. Silakan buka halaman request tugas untuk melihat detail dan mengajukan tugas.', '/request-tugas-anggota.html?misaBesarId=13', '{\"target_user_id\": \"45\", \"notification_kind\": \"misa_besar_open_roles\", \"misa_besar_id\": 13, \"misa_type\": \"misa_besar\", \"misa_name\": \"Tes Notifikasi Misa Baru Publikasi  Role Kosong\", \"misa_date\": \"2026-05-22\", \"misa_time\": \"15:00\", \"empty_roles\": [\"PD\", \"OP\", \"Supervisor\", \"Fotografer\"], \"allow_member_request\": true}', '2026-05-09 22:08:29', 'user'),
('notif-1778339309077-792a60', 'tugas', 'Misa Besar Butuh Petugas', 'Ada Misa Besar baru <b>Tes Notifikasi Misa Baru Publikasi  Role Kosong</b> pada hari Jumat, 22/05/2026 jam 15:00 WIB yang masih memiliki slot kosong: <b>PD, OP, Supervisor, Fotografer</b>. Status request anggota: <b>dibuka</b>. Silakan buka halaman request tugas untuk melihat detail dan mengajukan tugas.', '/request-tugas-anggota.html?misaBesarId=13', '{\"target_user_id\": \"11\", \"notification_kind\": \"misa_besar_open_roles\", \"misa_besar_id\": 13, \"misa_type\": \"misa_besar\", \"misa_name\": \"Tes Notifikasi Misa Baru Publikasi  Role Kosong\", \"misa_date\": \"2026-05-22\", \"misa_time\": \"15:00\", \"empty_roles\": [\"PD\", \"OP\", \"Supervisor\", \"Fotografer\"], \"allow_member_request\": true}', '2026-05-09 22:08:29', 'user'),
('notif-1778339309078-4a831b', 'tugas', 'Misa Besar Butuh Petugas', 'Ada Misa Besar baru <b>Tes Notifikasi Misa Baru Publikasi  Role Kosong</b> pada hari Jumat, 22/05/2026 jam 15:00 WIB yang masih memiliki slot kosong: <b>PD, OP, Supervisor, Fotografer</b>. Status request anggota: <b>dibuka</b>. Silakan buka halaman request tugas untuk melihat detail dan mengajukan tugas.', '/request-tugas-anggota.html?misaBesarId=13', '{\"target_user_id\": \"76\", \"notification_kind\": \"misa_besar_open_roles\", \"misa_besar_id\": 13, \"misa_type\": \"misa_besar\", \"misa_name\": \"Tes Notifikasi Misa Baru Publikasi  Role Kosong\", \"misa_date\": \"2026-05-22\", \"misa_time\": \"15:00\", \"empty_roles\": [\"PD\", \"OP\", \"Supervisor\", \"Fotografer\"], \"allow_member_request\": true}', '2026-05-09 22:08:29', 'user'),
('notif-1778339309078-6ff83a', 'tugas', 'Misa Besar Butuh Petugas', 'Ada Misa Besar baru <b>Tes Notifikasi Misa Baru Publikasi  Role Kosong</b> pada hari Jumat, 22/05/2026 jam 15:00 WIB yang masih memiliki slot kosong: <b>PD, OP, Supervisor, Fotografer</b>. Status request anggota: <b>dibuka</b>. Silakan buka halaman request tugas untuk melihat detail dan mengajukan tugas.', '/request-tugas-anggota.html?misaBesarId=13', '{\"target_user_id\": \"46\", \"notification_kind\": \"misa_besar_open_roles\", \"misa_besar_id\": 13, \"misa_type\": \"misa_besar\", \"misa_name\": \"Tes Notifikasi Misa Baru Publikasi  Role Kosong\", \"misa_date\": \"2026-05-22\", \"misa_time\": \"15:00\", \"empty_roles\": [\"PD\", \"OP\", \"Supervisor\", \"Fotografer\"], \"allow_member_request\": true}', '2026-05-09 22:08:29', 'user'),
('notif-1778339309078-92ad3b', 'tugas', 'Misa Besar Butuh Petugas', 'Ada Misa Besar baru <b>Tes Notifikasi Misa Baru Publikasi  Role Kosong</b> pada hari Jumat, 22/05/2026 jam 15:00 WIB yang masih memiliki slot kosong: <b>PD, OP, Supervisor, Fotografer</b>. Status request anggota: <b>dibuka</b>. Silakan buka halaman request tugas untuk melihat detail dan mengajukan tugas.', '/request-tugas-anggota.html?misaBesarId=13', '{\"target_user_id\": \"71\", \"notification_kind\": \"misa_besar_open_roles\", \"misa_besar_id\": 13, \"misa_type\": \"misa_besar\", \"misa_name\": \"Tes Notifikasi Misa Baru Publikasi  Role Kosong\", \"misa_date\": \"2026-05-22\", \"misa_time\": \"15:00\", \"empty_roles\": [\"PD\", \"OP\", \"Supervisor\", \"Fotografer\"], \"allow_member_request\": true}', '2026-05-09 22:08:29', 'user'),
('notif-1778339309079-3435ad', 'tugas', 'Misa Besar Butuh Petugas', 'Ada Misa Besar baru <b>Tes Notifikasi Misa Baru Publikasi  Role Kosong</b> pada hari Jumat, 22/05/2026 jam 15:00 WIB yang masih memiliki slot kosong: <b>PD, OP, Supervisor, Fotografer</b>. Status request anggota: <b>dibuka</b>. Silakan buka halaman request tugas untuk melihat detail dan mengajukan tugas.', '/request-tugas-anggota.html?misaBesarId=13', '{\"target_user_id\": \"58\", \"notification_kind\": \"misa_besar_open_roles\", \"misa_besar_id\": 13, \"misa_type\": \"misa_besar\", \"misa_name\": \"Tes Notifikasi Misa Baru Publikasi  Role Kosong\", \"misa_date\": \"2026-05-22\", \"misa_time\": \"15:00\", \"empty_roles\": [\"PD\", \"OP\", \"Supervisor\", \"Fotografer\"], \"allow_member_request\": true}', '2026-05-09 22:08:29', 'user'),
('notif-1778339309079-bd7614', 'tugas', 'Misa Besar Butuh Petugas', 'Ada Misa Besar baru <b>Tes Notifikasi Misa Baru Publikasi  Role Kosong</b> pada hari Jumat, 22/05/2026 jam 15:00 WIB yang masih memiliki slot kosong: <b>PD, OP, Supervisor, Fotografer</b>. Status request anggota: <b>dibuka</b>. Silakan buka halaman request tugas untuk melihat detail dan mengajukan tugas.', '/request-tugas-anggota.html?misaBesarId=13', '{\"target_user_id\": \"47\", \"notification_kind\": \"misa_besar_open_roles\", \"misa_besar_id\": 13, \"misa_type\": \"misa_besar\", \"misa_name\": \"Tes Notifikasi Misa Baru Publikasi  Role Kosong\", \"misa_date\": \"2026-05-22\", \"misa_time\": \"15:00\", \"empty_roles\": [\"PD\", \"OP\", \"Supervisor\", \"Fotografer\"], \"allow_member_request\": true}', '2026-05-09 22:08:29', 'user'),
('notif-1778339309081-677f09', 'tugas', 'Misa Besar Butuh Petugas', 'Ada Misa Besar baru <b>Tes Notifikasi Misa Baru Publikasi  Role Kosong</b> pada hari Jumat, 22/05/2026 jam 15:00 WIB yang masih memiliki slot kosong: <b>PD, OP, Supervisor, Fotografer</b>. Status request anggota: <b>dibuka</b>. Silakan buka halaman request tugas untuk melihat detail dan mengajukan tugas.', '/request-tugas-anggota.html?misaBesarId=13', '{\"target_user_id\": \"48\", \"notification_kind\": \"misa_besar_open_roles\", \"misa_besar_id\": 13, \"misa_type\": \"misa_besar\", \"misa_name\": \"Tes Notifikasi Misa Baru Publikasi  Role Kosong\", \"misa_date\": \"2026-05-22\", \"misa_time\": \"15:00\", \"empty_roles\": [\"PD\", \"OP\", \"Supervisor\", \"Fotografer\"], \"allow_member_request\": true}', '2026-05-09 22:08:29', 'user'),
('notif-1778339309082-2575ba', 'tugas', 'Misa Besar Butuh Petugas', 'Ada Misa Besar baru <b>Tes Notifikasi Misa Baru Publikasi  Role Kosong</b> pada hari Jumat, 22/05/2026 jam 15:00 WIB yang masih memiliki slot kosong: <b>PD, OP, Supervisor, Fotografer</b>. Status request anggota: <b>dibuka</b>. Silakan buka halaman request tugas untuk melihat detail dan mengajukan tugas.', '/request-tugas-anggota.html?misaBesarId=13', '{\"target_user_id\": \"12\", \"notification_kind\": \"misa_besar_open_roles\", \"misa_besar_id\": 13, \"misa_type\": \"misa_besar\", \"misa_name\": \"Tes Notifikasi Misa Baru Publikasi  Role Kosong\", \"misa_date\": \"2026-05-22\", \"misa_time\": \"15:00\", \"empty_roles\": [\"PD\", \"OP\", \"Supervisor\", \"Fotografer\"], \"allow_member_request\": true}', '2026-05-09 22:08:29', 'user'),
('notif-1778339309082-e1e5b3', 'tugas', 'Misa Besar Butuh Petugas', 'Ada Misa Besar baru <b>Tes Notifikasi Misa Baru Publikasi  Role Kosong</b> pada hari Jumat, 22/05/2026 jam 15:00 WIB yang masih memiliki slot kosong: <b>PD, OP, Supervisor, Fotografer</b>. Status request anggota: <b>dibuka</b>. Silakan buka halaman request tugas untuk melihat detail dan mengajukan tugas.', '/request-tugas-anggota.html?misaBesarId=13', '{\"target_user_id\": \"49\", \"notification_kind\": \"misa_besar_open_roles\", \"misa_besar_id\": 13, \"misa_type\": \"misa_besar\", \"misa_name\": \"Tes Notifikasi Misa Baru Publikasi  Role Kosong\", \"misa_date\": \"2026-05-22\", \"misa_time\": \"15:00\", \"empty_roles\": [\"PD\", \"OP\", \"Supervisor\", \"Fotografer\"], \"allow_member_request\": true}', '2026-05-09 22:08:29', 'user'),
('notif-1778339309083-5051f9', 'tugas', 'Misa Besar Butuh Petugas', 'Ada Misa Besar baru <b>Tes Notifikasi Misa Baru Publikasi  Role Kosong</b> pada hari Jumat, 22/05/2026 jam 15:00 WIB yang masih memiliki slot kosong: <b>PD, OP, Supervisor, Fotografer</b>. Status request anggota: <b>dibuka</b>. Silakan buka halaman request tugas untuk melihat detail dan mengajukan tugas.', '/request-tugas-anggota.html?misaBesarId=13', '{\"target_user_id\": \"15\", \"notification_kind\": \"misa_besar_open_roles\", \"misa_besar_id\": 13, \"misa_type\": \"misa_besar\", \"misa_name\": \"Tes Notifikasi Misa Baru Publikasi  Role Kosong\", \"misa_date\": \"2026-05-22\", \"misa_time\": \"15:00\", \"empty_roles\": [\"PD\", \"OP\", \"Supervisor\", \"Fotografer\"], \"allow_member_request\": true}', '2026-05-09 22:08:29', 'user'),
('notif-1778339309083-e9a446', 'tugas', 'Misa Besar Butuh Petugas', 'Ada Misa Besar baru <b>Tes Notifikasi Misa Baru Publikasi  Role Kosong</b> pada hari Jumat, 22/05/2026 jam 15:00 WIB yang masih memiliki slot kosong: <b>PD, OP, Supervisor, Fotografer</b>. Status request anggota: <b>dibuka</b>. Silakan buka halaman request tugas untuk melihat detail dan mengajukan tugas.', '/request-tugas-anggota.html?misaBesarId=13', '{\"target_user_id\": \"13\", \"notification_kind\": \"misa_besar_open_roles\", \"misa_besar_id\": 13, \"misa_type\": \"misa_besar\", \"misa_name\": \"Tes Notifikasi Misa Baru Publikasi  Role Kosong\", \"misa_date\": \"2026-05-22\", \"misa_time\": \"15:00\", \"empty_roles\": [\"PD\", \"OP\", \"Supervisor\", \"Fotografer\"], \"allow_member_request\": true}', '2026-05-09 22:08:29', 'user'),
('notif-1778518535061-6babd0', 'tugas', 'Pengingat Tugas Hari Ini: PD', 'Hari Ini: Anda bertugas sebagai <b>PD</b> untuk <b>Tes Misa Besar di page home</b> pada hari Senin, 11/05/2026 jam 18:00 WIB.', '/jadwal-tugas-misa-anggota.html', '{\"target_user_id\": \"36\", \"notification_kind\": \"task_reminder\", \"reminder\": \"hari_h\", \"reminder_label\": \"Hari Ini\", \"misa_type\": \"misa_besar\", \"misa_besar_id\": 12, \"misa_name\": \"Tes Misa Besar di page home\", \"role\": \"PD\", \"misa_date\": \"2026-05-11\", \"misa_time\": \"18:00\", \"dedupe_key\": \"task-reminder:besar:12:151:36:hari_h\"}', '2026-05-11 23:55:35', NULL),
('notif-1778518535062-f70e0a', 'tugas', 'Pengingat Tugas Hari Ini: Kamera', 'Hari Ini: Anda bertugas sebagai <b>Kamera</b> untuk <b>Tes Misa Besar di page home</b> pada hari Senin, 11/05/2026 jam 18:00 WIB.', '/jadwal-tugas-streaming-admin.html', '{\"target_user_id\": \"6\", \"notification_kind\": \"task_reminder\", \"reminder\": \"hari_h\", \"reminder_label\": \"Hari Ini\", \"misa_type\": \"misa_besar\", \"misa_besar_id\": 12, \"misa_name\": \"Tes Misa Besar di page home\", \"role\": \"Kamera\", \"misa_date\": \"2026-05-11\", \"misa_time\": \"18:00\", \"dedupe_key\": \"task-reminder:besar:12:153:6:hari_h\"}', '2026-05-11 23:55:35', NULL),
('notif-1778518535063-db698e', 'tugas', 'Pengingat Tugas Hari Ini: Kamera', 'Hari Ini: Anda bertugas sebagai <b>Kamera</b> untuk <b>Tes Misa Besar di page home</b> pada hari Senin, 11/05/2026 jam 18:00 WIB.', '/jadwal-tugas-misa-anggota.html', '{\"target_user_id\": \"21\", \"notification_kind\": \"task_reminder\", \"reminder\": \"hari_h\", \"reminder_label\": \"Hari Ini\", \"misa_type\": \"misa_besar\", \"misa_besar_id\": 12, \"misa_name\": \"Tes Misa Besar di page home\", \"role\": \"Kamera\", \"misa_date\": \"2026-05-11\", \"misa_time\": \"18:00\", \"dedupe_key\": \"task-reminder:besar:12:153:21:hari_h\"}', '2026-05-11 23:55:35', NULL),
('notif-1778518535064-2173d1', 'tugas', 'Pengingat Tugas Hari Ini: Kamera', 'Hari Ini: Anda bertugas sebagai <b>Kamera</b> untuk <b>Tes Misa Besar di page home</b> pada hari Senin, 11/05/2026 jam 18:00 WIB.', '/jadwal-tugas-misa-anggota.html', '{\"target_user_id\": \"53\", \"notification_kind\": \"task_reminder\", \"reminder\": \"hari_h\", \"reminder_label\": \"Hari Ini\", \"misa_type\": \"misa_besar\", \"misa_besar_id\": 12, \"misa_name\": \"Tes Misa Besar di page home\", \"role\": \"Kamera\", \"misa_date\": \"2026-05-11\", \"misa_time\": \"18:00\", \"dedupe_key\": \"task-reminder:besar:12:153:53:hari_h\"}', '2026-05-11 23:55:35', NULL),
('notif-1778518608306-1e504b', 'tugas', 'Tugas Baru: PD', 'Anda ditugaskan sebagai <b>PD</b> untuk <b>Tes Misa Besar Notif H-1 Tanggal 13 Start 11</b> pada hari Rabu, 13/05/2026 jam 21:00 WIB.', '/jadwal-tugas-misa-anggota.html', '{\"target_user_id\": \"6\", \"misa_besar_id\": 14, \"misa_type\": \"misa_besar\", \"role\": \"PD\", \"misa_name\": \"Tes Misa Besar Notif H-1 Tanggal 13 Start 11\", \"misa_date\": \"2026-05-13\", \"misa_time\": \"21:00\"}', '2026-05-11 23:56:48', NULL),
('notif-1778518608306-3d454e', 'tugas', 'Tugas Baru: Kamera', 'Anda ditugaskan sebagai <b>Kamera</b> untuk <b>Tes Misa Besar Notif H-1 Tanggal 13 Start 11</b> pada hari Rabu, 13/05/2026 jam 21:00 WIB.', '/jadwal-tugas-misa-anggota.html', '{\"target_user_id\": \"21\", \"misa_besar_id\": 14, \"misa_type\": \"misa_besar\", \"role\": \"Kamera\", \"misa_name\": \"Tes Misa Besar Notif H-1 Tanggal 13 Start 11\", \"misa_date\": \"2026-05-13\", \"misa_time\": \"21:00\"}', '2026-05-11 23:56:48', NULL),
('notif-1778518608311-206ee6', 'tugas', 'Misa Besar Butuh Petugas', 'Ada Misa Besar baru <b>Tes Misa Besar Notif H-1 Tanggal 13 Start 11</b> pada hari Rabu, 13/05/2026 jam 21:00 WIB yang masih memiliki slot kosong: <b>Kamera</b>. Status request anggota: <b>dibuka</b>. Silakan buka halaman request tugas untuk melihat detail dan mengajukan tugas.', '/request-tugas-anggota.html?misaBesarId=14', '{\"target_user_id\": \"36\", \"notification_kind\": \"misa_besar_open_roles\", \"misa_besar_id\": 14, \"misa_type\": \"misa_besar\", \"misa_name\": \"Tes Misa Besar Notif H-1 Tanggal 13 Start 11\", \"misa_date\": \"2026-05-13\", \"misa_time\": \"21:00\", \"empty_roles\": [\"Kamera\"], \"allow_member_request\": true}', '2026-05-11 23:56:48', 'user'),
('notif-1778518608311-7e97b2', 'tugas', 'Misa Besar Butuh Petugas', 'Ada Misa Besar baru <b>Tes Misa Besar Notif H-1 Tanggal 13 Start 11</b> pada hari Rabu, 13/05/2026 jam 21:00 WIB yang masih memiliki slot kosong: <b>Kamera</b>. Status request anggota: <b>dibuka</b>. Silakan buka halaman request tugas untuk melihat detail dan mengajukan tugas.', '/request-tugas-anggota.html?misaBesarId=14', '{\"target_user_id\": \"73\", \"notification_kind\": \"misa_besar_open_roles\", \"misa_besar_id\": 14, \"misa_type\": \"misa_besar\", \"misa_name\": \"Tes Misa Besar Notif H-1 Tanggal 13 Start 11\", \"misa_date\": \"2026-05-13\", \"misa_time\": \"21:00\", \"empty_roles\": [\"Kamera\"], \"allow_member_request\": true}', '2026-05-11 23:56:48', 'user'),
('notif-1778518608312-387872', 'tugas', 'Misa Besar Butuh Petugas', 'Ada Misa Besar baru <b>Tes Misa Besar Notif H-1 Tanggal 13 Start 11</b> pada hari Rabu, 13/05/2026 jam 21:00 WIB yang masih memiliki slot kosong: <b>Kamera</b>. Status request anggota: <b>dibuka</b>. Silakan buka halaman request tugas untuk melihat detail dan mengajukan tugas.', '/request-tugas-anggota.html?misaBesarId=14', '{\"target_user_id\": \"21\", \"notification_kind\": \"misa_besar_open_roles\", \"misa_besar_id\": 14, \"misa_type\": \"misa_besar\", \"misa_name\": \"Tes Misa Besar Notif H-1 Tanggal 13 Start 11\", \"misa_date\": \"2026-05-13\", \"misa_time\": \"21:00\", \"empty_roles\": [\"Kamera\"], \"allow_member_request\": true}', '2026-05-11 23:56:48', 'user'),
('notif-1778518608312-648004', 'tugas', 'Misa Besar Butuh Petugas', 'Ada Misa Besar baru <b>Tes Misa Besar Notif H-1 Tanggal 13 Start 11</b> pada hari Rabu, 13/05/2026 jam 21:00 WIB yang masih memiliki slot kosong: <b>Kamera</b>. Status request anggota: <b>dibuka</b>. Silakan buka halaman request tugas untuk melihat detail dan mengajukan tugas.', '/request-tugas-anggota.html?misaBesarId=14', '{\"target_user_id\": \"7\", \"notification_kind\": \"misa_besar_open_roles\", \"misa_besar_id\": 14, \"misa_type\": \"misa_besar\", \"misa_name\": \"Tes Misa Besar Notif H-1 Tanggal 13 Start 11\", \"misa_date\": \"2026-05-13\", \"misa_time\": \"21:00\", \"empty_roles\": [\"Kamera\"], \"allow_member_request\": true}', '2026-05-11 23:56:48', 'user'),
('notif-1778518608312-a84efc', 'tugas', 'Misa Besar Butuh Petugas', 'Ada Misa Besar baru <b>Tes Misa Besar Notif H-1 Tanggal 13 Start 11</b> pada hari Rabu, 13/05/2026 jam 21:00 WIB yang masih memiliki slot kosong: <b>Kamera</b>. Status request anggota: <b>dibuka</b>. Silakan buka halaman request tugas untuk melihat detail dan mengajukan tugas.', '/request-tugas-anggota.html?misaBesarId=14', '{\"target_user_id\": \"67\", \"notification_kind\": \"misa_besar_open_roles\", \"misa_besar_id\": 14, \"misa_type\": \"misa_besar\", \"misa_name\": \"Tes Misa Besar Notif H-1 Tanggal 13 Start 11\", \"misa_date\": \"2026-05-13\", \"misa_time\": \"21:00\", \"empty_roles\": [\"Kamera\"], \"allow_member_request\": true}', '2026-05-11 23:56:48', 'user'),
('notif-1778518608312-d0062c', 'tugas', 'Misa Besar Butuh Petugas', 'Ada Misa Besar baru <b>Tes Misa Besar Notif H-1 Tanggal 13 Start 11</b> pada hari Rabu, 13/05/2026 jam 21:00 WIB yang masih memiliki slot kosong: <b>Kamera</b>. Status request anggota: <b>dibuka</b>. Silakan buka halaman request tugas untuk melihat detail dan mengajukan tugas.', '/request-tugas-anggota.html?misaBesarId=14', '{\"target_user_id\": \"72\", \"notification_kind\": \"misa_besar_open_roles\", \"misa_besar_id\": 14, \"misa_type\": \"misa_besar\", \"misa_name\": \"Tes Misa Besar Notif H-1 Tanggal 13 Start 11\", \"misa_date\": \"2026-05-13\", \"misa_time\": \"21:00\", \"empty_roles\": [\"Kamera\"], \"allow_member_request\": true}', '2026-05-11 23:56:48', 'user'),
('notif-1778518608312-d9922d', 'tugas', 'Misa Besar Butuh Petugas', 'Ada Misa Besar baru <b>Tes Misa Besar Notif H-1 Tanggal 13 Start 11</b> pada hari Rabu, 13/05/2026 jam 21:00 WIB yang masih memiliki slot kosong: <b>Kamera</b>. Status request anggota: <b>dibuka</b>. Silakan buka halaman request tugas untuk melihat detail dan mengajukan tugas.', '/request-tugas-anggota.html?misaBesarId=14', '{\"target_user_id\": \"60\", \"notification_kind\": \"misa_besar_open_roles\", \"misa_besar_id\": 14, \"misa_type\": \"misa_besar\", \"misa_name\": \"Tes Misa Besar Notif H-1 Tanggal 13 Start 11\", \"misa_date\": \"2026-05-13\", \"misa_time\": \"21:00\", \"empty_roles\": [\"Kamera\"], \"allow_member_request\": true}', '2026-05-11 23:56:48', 'user'),
('notif-1778518608312-e3ec8e', 'tugas', 'Misa Besar Butuh Petugas', 'Ada Misa Besar baru <b>Tes Misa Besar Notif H-1 Tanggal 13 Start 11</b> pada hari Rabu, 13/05/2026 jam 21:00 WIB yang masih memiliki slot kosong: <b>Kamera</b>. Status request anggota: <b>dibuka</b>. Silakan buka halaman request tugas untuk melihat detail dan mengajukan tugas.', '/request-tugas-anggota.html?misaBesarId=14', '{\"target_user_id\": \"20\", \"notification_kind\": \"misa_besar_open_roles\", \"misa_besar_id\": 14, \"misa_type\": \"misa_besar\", \"misa_name\": \"Tes Misa Besar Notif H-1 Tanggal 13 Start 11\", \"misa_date\": \"2026-05-13\", \"misa_time\": \"21:00\", \"empty_roles\": [\"Kamera\"], \"allow_member_request\": true}', '2026-05-11 23:56:48', 'user'),
('notif-1778518608313-1ab60f', 'tugas', 'Misa Besar Butuh Petugas', 'Ada Misa Besar baru <b>Tes Misa Besar Notif H-1 Tanggal 13 Start 11</b> pada hari Rabu, 13/05/2026 jam 21:00 WIB yang masih memiliki slot kosong: <b>Kamera</b>. Status request anggota: <b>dibuka</b>. Silakan buka halaman request tugas untuk melihat detail dan mengajukan tugas.', '/request-tugas-anggota.html?misaBesarId=14', '{\"target_user_id\": \"23\", \"notification_kind\": \"misa_besar_open_roles\", \"misa_besar_id\": 14, \"misa_type\": \"misa_besar\", \"misa_name\": \"Tes Misa Besar Notif H-1 Tanggal 13 Start 11\", \"misa_date\": \"2026-05-13\", \"misa_time\": \"21:00\", \"empty_roles\": [\"Kamera\"], \"allow_member_request\": true}', '2026-05-11 23:56:48', 'user'),
('notif-1778518608313-f00e98', 'tugas', 'Misa Besar Butuh Petugas', 'Ada Misa Besar baru <b>Tes Misa Besar Notif H-1 Tanggal 13 Start 11</b> pada hari Rabu, 13/05/2026 jam 21:00 WIB yang masih memiliki slot kosong: <b>Kamera</b>. Status request anggota: <b>dibuka</b>. Silakan buka halaman request tugas untuk melihat detail dan mengajukan tugas.', '/request-tugas-anggota.html?misaBesarId=14', '{\"target_user_id\": \"22\", \"notification_kind\": \"misa_besar_open_roles\", \"misa_besar_id\": 14, \"misa_type\": \"misa_besar\", \"misa_name\": \"Tes Misa Besar Notif H-1 Tanggal 13 Start 11\", \"misa_date\": \"2026-05-13\", \"misa_time\": \"21:00\", \"empty_roles\": [\"Kamera\"], \"allow_member_request\": true}', '2026-05-11 23:56:48', 'user'),
('notif-1778518608315-0df4cb', 'tugas', 'Misa Besar Butuh Petugas', 'Ada Misa Besar baru <b>Tes Misa Besar Notif H-1 Tanggal 13 Start 11</b> pada hari Rabu, 13/05/2026 jam 21:00 WIB yang masih memiliki slot kosong: <b>Kamera</b>. Status request anggota: <b>dibuka</b>. Silakan buka halaman request tugas untuk melihat detail dan mengajukan tugas.', '/request-tugas-anggota.html?misaBesarId=14', '{\"target_user_id\": \"75\", \"notification_kind\": \"misa_besar_open_roles\", \"misa_besar_id\": 14, \"misa_type\": \"misa_besar\", \"misa_name\": \"Tes Misa Besar Notif H-1 Tanggal 13 Start 11\", \"misa_date\": \"2026-05-13\", \"misa_time\": \"21:00\", \"empty_roles\": [\"Kamera\"], \"allow_member_request\": true}', '2026-05-11 23:56:48', 'user'),
('notif-1778518608315-3d0db1', 'tugas', 'Misa Besar Butuh Petugas', 'Ada Misa Besar baru <b>Tes Misa Besar Notif H-1 Tanggal 13 Start 11</b> pada hari Rabu, 13/05/2026 jam 21:00 WIB yang masih memiliki slot kosong: <b>Kamera</b>. Status request anggota: <b>dibuka</b>. Silakan buka halaman request tugas untuk melihat detail dan mengajukan tugas.', '/request-tugas-anggota.html?misaBesarId=14', '{\"target_user_id\": \"24\", \"notification_kind\": \"misa_besar_open_roles\", \"misa_besar_id\": 14, \"misa_type\": \"misa_besar\", \"misa_name\": \"Tes Misa Besar Notif H-1 Tanggal 13 Start 11\", \"misa_date\": \"2026-05-13\", \"misa_time\": \"21:00\", \"empty_roles\": [\"Kamera\"], \"allow_member_request\": true}', '2026-05-11 23:56:48', 'user'),
('notif-1778518608315-57cac5', 'tugas', 'Misa Besar Butuh Petugas', 'Ada Misa Besar baru <b>Tes Misa Besar Notif H-1 Tanggal 13 Start 11</b> pada hari Rabu, 13/05/2026 jam 21:00 WIB yang masih memiliki slot kosong: <b>Kamera</b>. Status request anggota: <b>dibuka</b>. Silakan buka halaman request tugas untuk melihat detail dan mengajukan tugas.', '/request-tugas-anggota.html?misaBesarId=14', '{\"target_user_id\": \"25\", \"notification_kind\": \"misa_besar_open_roles\", \"misa_besar_id\": 14, \"misa_type\": \"misa_besar\", \"misa_name\": \"Tes Misa Besar Notif H-1 Tanggal 13 Start 11\", \"misa_date\": \"2026-05-13\", \"misa_time\": \"21:00\", \"empty_roles\": [\"Kamera\"], \"allow_member_request\": true}', '2026-05-11 23:56:48', 'user'),
('notif-1778518608315-dc02f8', 'tugas', 'Misa Besar Butuh Petugas', 'Ada Misa Besar baru <b>Tes Misa Besar Notif H-1 Tanggal 13 Start 11</b> pada hari Rabu, 13/05/2026 jam 21:00 WIB yang masih memiliki slot kosong: <b>Kamera</b>. Status request anggota: <b>dibuka</b>. Silakan buka halaman request tugas untuk melihat detail dan mengajukan tugas.', '/request-tugas-anggota.html?misaBesarId=14', '{\"target_user_id\": \"61\", \"notification_kind\": \"misa_besar_open_roles\", \"misa_besar_id\": 14, \"misa_type\": \"misa_besar\", \"misa_name\": \"Tes Misa Besar Notif H-1 Tanggal 13 Start 11\", \"misa_date\": \"2026-05-13\", \"misa_time\": \"21:00\", \"empty_roles\": [\"Kamera\"], \"allow_member_request\": true}', '2026-05-11 23:56:48', 'user'),
('notif-1778518608316-114527', 'tugas', 'Misa Besar Butuh Petugas', 'Ada Misa Besar baru <b>Tes Misa Besar Notif H-1 Tanggal 13 Start 11</b> pada hari Rabu, 13/05/2026 jam 21:00 WIB yang masih memiliki slot kosong: <b>Kamera</b>. Status request anggota: <b>dibuka</b>. Silakan buka halaman request tugas untuk melihat detail dan mengajukan tugas.', '/request-tugas-anggota.html?misaBesarId=14', '{\"target_user_id\": \"53\", \"notification_kind\": \"misa_besar_open_roles\", \"misa_besar_id\": 14, \"misa_type\": \"misa_besar\", \"misa_name\": \"Tes Misa Besar Notif H-1 Tanggal 13 Start 11\", \"misa_date\": \"2026-05-13\", \"misa_time\": \"21:00\", \"empty_roles\": [\"Kamera\"], \"allow_member_request\": true}', '2026-05-11 23:56:48', 'user'),
('notif-1778518608316-4590cb', 'tugas', 'Misa Besar Butuh Petugas', 'Ada Misa Besar baru <b>Tes Misa Besar Notif H-1 Tanggal 13 Start 11</b> pada hari Rabu, 13/05/2026 jam 21:00 WIB yang masih memiliki slot kosong: <b>Kamera</b>. Status request anggota: <b>dibuka</b>. Silakan buka halaman request tugas untuk melihat detail dan mengajukan tugas.', '/request-tugas-anggota.html?misaBesarId=14', '{\"target_user_id\": \"65\", \"notification_kind\": \"misa_besar_open_roles\", \"misa_besar_id\": 14, \"misa_type\": \"misa_besar\", \"misa_name\": \"Tes Misa Besar Notif H-1 Tanggal 13 Start 11\", \"misa_date\": \"2026-05-13\", \"misa_time\": \"21:00\", \"empty_roles\": [\"Kamera\"], \"allow_member_request\": true}', '2026-05-11 23:56:48', 'user'),
('notif-1778518608316-7eb19a', 'tugas', 'Misa Besar Butuh Petugas', 'Ada Misa Besar baru <b>Tes Misa Besar Notif H-1 Tanggal 13 Start 11</b> pada hari Rabu, 13/05/2026 jam 21:00 WIB yang masih memiliki slot kosong: <b>Kamera</b>. Status request anggota: <b>dibuka</b>. Silakan buka halaman request tugas untuk melihat detail dan mengajukan tugas.', '/request-tugas-anggota.html?misaBesarId=14', '{\"target_user_id\": \"68\", \"notification_kind\": \"misa_besar_open_roles\", \"misa_besar_id\": 14, \"misa_type\": \"misa_besar\", \"misa_name\": \"Tes Misa Besar Notif H-1 Tanggal 13 Start 11\", \"misa_date\": \"2026-05-13\", \"misa_time\": \"21:00\", \"empty_roles\": [\"Kamera\"], \"allow_member_request\": true}', '2026-05-11 23:56:48', 'user'),
('notif-1778518608316-e13104', 'tugas', 'Misa Besar Butuh Petugas', 'Ada Misa Besar baru <b>Tes Misa Besar Notif H-1 Tanggal 13 Start 11</b> pada hari Rabu, 13/05/2026 jam 21:00 WIB yang masih memiliki slot kosong: <b>Kamera</b>. Status request anggota: <b>dibuka</b>. Silakan buka halaman request tugas untuk melihat detail dan mengajukan tugas.', '/request-tugas-anggota.html?misaBesarId=14', '{\"target_user_id\": \"35\", \"notification_kind\": \"misa_besar_open_roles\", \"misa_besar_id\": 14, \"misa_type\": \"misa_besar\", \"misa_name\": \"Tes Misa Besar Notif H-1 Tanggal 13 Start 11\", \"misa_date\": \"2026-05-13\", \"misa_time\": \"21:00\", \"empty_roles\": [\"Kamera\"], \"allow_member_request\": true}', '2026-05-11 23:56:48', 'user'),
('notif-1778518608316-eb4c87', 'tugas', 'Misa Besar Butuh Petugas', 'Ada Misa Besar baru <b>Tes Misa Besar Notif H-1 Tanggal 13 Start 11</b> pada hari Rabu, 13/05/2026 jam 21:00 WIB yang masih memiliki slot kosong: <b>Kamera</b>. Status request anggota: <b>dibuka</b>. Silakan buka halaman request tugas untuk melihat detail dan mengajukan tugas.', '/request-tugas-anggota.html?misaBesarId=14', '{\"target_user_id\": \"26\", \"notification_kind\": \"misa_besar_open_roles\", \"misa_besar_id\": 14, \"misa_type\": \"misa_besar\", \"misa_name\": \"Tes Misa Besar Notif H-1 Tanggal 13 Start 11\", \"misa_date\": \"2026-05-13\", \"misa_time\": \"21:00\", \"empty_roles\": [\"Kamera\"], \"allow_member_request\": true}', '2026-05-11 23:56:48', 'user');
INSERT INTO `notifications` (`id`, `type`, `title`, `body`, `url`, `data`, `created_at`, `target_role`) VALUES
('notif-1778518608317-2c9e5f', 'tugas', 'Misa Besar Butuh Petugas', 'Ada Misa Besar baru <b>Tes Misa Besar Notif H-1 Tanggal 13 Start 11</b> pada hari Rabu, 13/05/2026 jam 21:00 WIB yang masih memiliki slot kosong: <b>Kamera</b>. Status request anggota: <b>dibuka</b>. Silakan buka halaman request tugas untuk melihat detail dan mengajukan tugas.', '/request-tugas-anggota.html?misaBesarId=14', '{\"target_user_id\": \"66\", \"notification_kind\": \"misa_besar_open_roles\", \"misa_besar_id\": 14, \"misa_type\": \"misa_besar\", \"misa_name\": \"Tes Misa Besar Notif H-1 Tanggal 13 Start 11\", \"misa_date\": \"2026-05-13\", \"misa_time\": \"21:00\", \"empty_roles\": [\"Kamera\"], \"allow_member_request\": true}', '2026-05-11 23:56:48', 'user'),
('notif-1778518608317-80de91', 'tugas', 'Misa Besar Butuh Petugas', 'Ada Misa Besar baru <b>Tes Misa Besar Notif H-1 Tanggal 13 Start 11</b> pada hari Rabu, 13/05/2026 jam 21:00 WIB yang masih memiliki slot kosong: <b>Kamera</b>. Status request anggota: <b>dibuka</b>. Silakan buka halaman request tugas untuk melihat detail dan mengajukan tugas.', '/request-tugas-anggota.html?misaBesarId=14', '{\"target_user_id\": \"27\", \"notification_kind\": \"misa_besar_open_roles\", \"misa_besar_id\": 14, \"misa_type\": \"misa_besar\", \"misa_name\": \"Tes Misa Besar Notif H-1 Tanggal 13 Start 11\", \"misa_date\": \"2026-05-13\", \"misa_time\": \"21:00\", \"empty_roles\": [\"Kamera\"], \"allow_member_request\": true}', '2026-05-11 23:56:48', 'user'),
('notif-1778518608317-d3da81', 'tugas', 'Misa Besar Butuh Petugas', 'Ada Misa Besar baru <b>Tes Misa Besar Notif H-1 Tanggal 13 Start 11</b> pada hari Rabu, 13/05/2026 jam 21:00 WIB yang masih memiliki slot kosong: <b>Kamera</b>. Status request anggota: <b>dibuka</b>. Silakan buka halaman request tugas untuk melihat detail dan mengajukan tugas.', '/request-tugas-anggota.html?misaBesarId=14', '{\"target_user_id\": \"9\", \"notification_kind\": \"misa_besar_open_roles\", \"misa_besar_id\": 14, \"misa_type\": \"misa_besar\", \"misa_name\": \"Tes Misa Besar Notif H-1 Tanggal 13 Start 11\", \"misa_date\": \"2026-05-13\", \"misa_time\": \"21:00\", \"empty_roles\": [\"Kamera\"], \"allow_member_request\": true}', '2026-05-11 23:56:48', 'user'),
('notif-1778518608317-e3f918', 'tugas', 'Misa Besar Butuh Petugas', 'Ada Misa Besar baru <b>Tes Misa Besar Notif H-1 Tanggal 13 Start 11</b> pada hari Rabu, 13/05/2026 jam 21:00 WIB yang masih memiliki slot kosong: <b>Kamera</b>. Status request anggota: <b>dibuka</b>. Silakan buka halaman request tugas untuk melihat detail dan mengajukan tugas.', '/request-tugas-anggota.html?misaBesarId=14', '{\"target_user_id\": \"59\", \"notification_kind\": \"misa_besar_open_roles\", \"misa_besar_id\": 14, \"misa_type\": \"misa_besar\", \"misa_name\": \"Tes Misa Besar Notif H-1 Tanggal 13 Start 11\", \"misa_date\": \"2026-05-13\", \"misa_time\": \"21:00\", \"empty_roles\": [\"Kamera\"], \"allow_member_request\": true}', '2026-05-11 23:56:48', 'user'),
('notif-1778518608318-5f258a', 'tugas', 'Misa Besar Butuh Petugas', 'Ada Misa Besar baru <b>Tes Misa Besar Notif H-1 Tanggal 13 Start 11</b> pada hari Rabu, 13/05/2026 jam 21:00 WIB yang masih memiliki slot kosong: <b>Kamera</b>. Status request anggota: <b>dibuka</b>. Silakan buka halaman request tugas untuk melihat detail dan mengajukan tugas.', '/request-tugas-anggota.html?misaBesarId=14', '{\"target_user_id\": \"29\", \"notification_kind\": \"misa_besar_open_roles\", \"misa_besar_id\": 14, \"misa_type\": \"misa_besar\", \"misa_name\": \"Tes Misa Besar Notif H-1 Tanggal 13 Start 11\", \"misa_date\": \"2026-05-13\", \"misa_time\": \"21:00\", \"empty_roles\": [\"Kamera\"], \"allow_member_request\": true}', '2026-05-11 23:56:48', 'user'),
('notif-1778518608318-771bca', 'tugas', 'Misa Besar Butuh Petugas', 'Ada Misa Besar baru <b>Tes Misa Besar Notif H-1 Tanggal 13 Start 11</b> pada hari Rabu, 13/05/2026 jam 21:00 WIB yang masih memiliki slot kosong: <b>Kamera</b>. Status request anggota: <b>dibuka</b>. Silakan buka halaman request tugas untuk melihat detail dan mengajukan tugas.', '/request-tugas-anggota.html?misaBesarId=14', '{\"target_user_id\": \"55\", \"notification_kind\": \"misa_besar_open_roles\", \"misa_besar_id\": 14, \"misa_type\": \"misa_besar\", \"misa_name\": \"Tes Misa Besar Notif H-1 Tanggal 13 Start 11\", \"misa_date\": \"2026-05-13\", \"misa_time\": \"21:00\", \"empty_roles\": [\"Kamera\"], \"allow_member_request\": true}', '2026-05-11 23:56:48', 'user'),
('notif-1778518608318-79fab2', 'tugas', 'Misa Besar Butuh Petugas', 'Ada Misa Besar baru <b>Tes Misa Besar Notif H-1 Tanggal 13 Start 11</b> pada hari Rabu, 13/05/2026 jam 21:00 WIB yang masih memiliki slot kosong: <b>Kamera</b>. Status request anggota: <b>dibuka</b>. Silakan buka halaman request tugas untuk melihat detail dan mengajukan tugas.', '/request-tugas-anggota.html?misaBesarId=14', '{\"target_user_id\": \"30\", \"notification_kind\": \"misa_besar_open_roles\", \"misa_besar_id\": 14, \"misa_type\": \"misa_besar\", \"misa_name\": \"Tes Misa Besar Notif H-1 Tanggal 13 Start 11\", \"misa_date\": \"2026-05-13\", \"misa_time\": \"21:00\", \"empty_roles\": [\"Kamera\"], \"allow_member_request\": true}', '2026-05-11 23:56:48', 'user'),
('notif-1778518608318-e9b4b7', 'tugas', 'Misa Besar Butuh Petugas', 'Ada Misa Besar baru <b>Tes Misa Besar Notif H-1 Tanggal 13 Start 11</b> pada hari Rabu, 13/05/2026 jam 21:00 WIB yang masih memiliki slot kosong: <b>Kamera</b>. Status request anggota: <b>dibuka</b>. Silakan buka halaman request tugas untuk melihat detail dan mengajukan tugas.', '/request-tugas-anggota.html?misaBesarId=14', '{\"target_user_id\": \"28\", \"notification_kind\": \"misa_besar_open_roles\", \"misa_besar_id\": 14, \"misa_type\": \"misa_besar\", \"misa_name\": \"Tes Misa Besar Notif H-1 Tanggal 13 Start 11\", \"misa_date\": \"2026-05-13\", \"misa_time\": \"21:00\", \"empty_roles\": [\"Kamera\"], \"allow_member_request\": true}', '2026-05-11 23:56:48', 'user'),
('notif-1778518608319-3a516d', 'tugas', 'Misa Besar Butuh Petugas', 'Ada Misa Besar baru <b>Tes Misa Besar Notif H-1 Tanggal 13 Start 11</b> pada hari Rabu, 13/05/2026 jam 21:00 WIB yang masih memiliki slot kosong: <b>Kamera</b>. Status request anggota: <b>dibuka</b>. Silakan buka halaman request tugas untuk melihat detail dan mengajukan tugas.', '/request-tugas-anggota.html?misaBesarId=14', '{\"target_user_id\": \"34\", \"notification_kind\": \"misa_besar_open_roles\", \"misa_besar_id\": 14, \"misa_type\": \"misa_besar\", \"misa_name\": \"Tes Misa Besar Notif H-1 Tanggal 13 Start 11\", \"misa_date\": \"2026-05-13\", \"misa_time\": \"21:00\", \"empty_roles\": [\"Kamera\"], \"allow_member_request\": true}', '2026-05-11 23:56:48', 'user'),
('notif-1778518608319-b29f6f', 'tugas', 'Misa Besar Butuh Petugas', 'Ada Misa Besar baru <b>Tes Misa Besar Notif H-1 Tanggal 13 Start 11</b> pada hari Rabu, 13/05/2026 jam 21:00 WIB yang masih memiliki slot kosong: <b>Kamera</b>. Status request anggota: <b>dibuka</b>. Silakan buka halaman request tugas untuk melihat detail dan mengajukan tugas.', '/request-tugas-anggota.html?misaBesarId=14', '{\"target_user_id\": \"70\", \"notification_kind\": \"misa_besar_open_roles\", \"misa_besar_id\": 14, \"misa_type\": \"misa_besar\", \"misa_name\": \"Tes Misa Besar Notif H-1 Tanggal 13 Start 11\", \"misa_date\": \"2026-05-13\", \"misa_time\": \"21:00\", \"empty_roles\": [\"Kamera\"], \"allow_member_request\": true}', '2026-05-11 23:56:48', 'user'),
('notif-1778518608320-281250', 'tugas', 'Misa Besar Butuh Petugas', 'Ada Misa Besar baru <b>Tes Misa Besar Notif H-1 Tanggal 13 Start 11</b> pada hari Rabu, 13/05/2026 jam 21:00 WIB yang masih memiliki slot kosong: <b>Kamera</b>. Status request anggota: <b>dibuka</b>. Silakan buka halaman request tugas untuk melihat detail dan mengajukan tugas.', '/request-tugas-anggota.html?misaBesarId=14', '{\"target_user_id\": \"31\", \"notification_kind\": \"misa_besar_open_roles\", \"misa_besar_id\": 14, \"misa_type\": \"misa_besar\", \"misa_name\": \"Tes Misa Besar Notif H-1 Tanggal 13 Start 11\", \"misa_date\": \"2026-05-13\", \"misa_time\": \"21:00\", \"empty_roles\": [\"Kamera\"], \"allow_member_request\": true}', '2026-05-11 23:56:48', 'user'),
('notif-1778518608320-594cbd', 'tugas', 'Misa Besar Butuh Petugas', 'Ada Misa Besar baru <b>Tes Misa Besar Notif H-1 Tanggal 13 Start 11</b> pada hari Rabu, 13/05/2026 jam 21:00 WIB yang masih memiliki slot kosong: <b>Kamera</b>. Status request anggota: <b>dibuka</b>. Silakan buka halaman request tugas untuk melihat detail dan mengajukan tugas.', '/request-tugas-anggota.html?misaBesarId=14', '{\"target_user_id\": \"74\", \"notification_kind\": \"misa_besar_open_roles\", \"misa_besar_id\": 14, \"misa_type\": \"misa_besar\", \"misa_name\": \"Tes Misa Besar Notif H-1 Tanggal 13 Start 11\", \"misa_date\": \"2026-05-13\", \"misa_time\": \"21:00\", \"empty_roles\": [\"Kamera\"], \"allow_member_request\": true}', '2026-05-11 23:56:48', 'user'),
('notif-1778518608320-bed9ad', 'tugas', 'Misa Besar Butuh Petugas', 'Ada Misa Besar baru <b>Tes Misa Besar Notif H-1 Tanggal 13 Start 11</b> pada hari Rabu, 13/05/2026 jam 21:00 WIB yang masih memiliki slot kosong: <b>Kamera</b>. Status request anggota: <b>dibuka</b>. Silakan buka halaman request tugas untuk melihat detail dan mengajukan tugas.', '/request-tugas-anggota.html?misaBesarId=14', '{\"target_user_id\": \"10\", \"notification_kind\": \"misa_besar_open_roles\", \"misa_besar_id\": 14, \"misa_type\": \"misa_besar\", \"misa_name\": \"Tes Misa Besar Notif H-1 Tanggal 13 Start 11\", \"misa_date\": \"2026-05-13\", \"misa_time\": \"21:00\", \"empty_roles\": [\"Kamera\"], \"allow_member_request\": true}', '2026-05-11 23:56:48', 'user'),
('notif-1778518608320-d28c0f', 'tugas', 'Misa Besar Butuh Petugas', 'Ada Misa Besar baru <b>Tes Misa Besar Notif H-1 Tanggal 13 Start 11</b> pada hari Rabu, 13/05/2026 jam 21:00 WIB yang masih memiliki slot kosong: <b>Kamera</b>. Status request anggota: <b>dibuka</b>. Silakan buka halaman request tugas untuk melihat detail dan mengajukan tugas.', '/request-tugas-anggota.html?misaBesarId=14', '{\"target_user_id\": \"32\", \"notification_kind\": \"misa_besar_open_roles\", \"misa_besar_id\": 14, \"misa_type\": \"misa_besar\", \"misa_name\": \"Tes Misa Besar Notif H-1 Tanggal 13 Start 11\", \"misa_date\": \"2026-05-13\", \"misa_time\": \"21:00\", \"empty_roles\": [\"Kamera\"], \"allow_member_request\": true}', '2026-05-11 23:56:48', 'user'),
('notif-1778518608321-053b37', 'tugas', 'Misa Besar Butuh Petugas', 'Ada Misa Besar baru <b>Tes Misa Besar Notif H-1 Tanggal 13 Start 11</b> pada hari Rabu, 13/05/2026 jam 21:00 WIB yang masih memiliki slot kosong: <b>Kamera</b>. Status request anggota: <b>dibuka</b>. Silakan buka halaman request tugas untuk melihat detail dan mengajukan tugas.', '/request-tugas-anggota.html?misaBesarId=14', '{\"target_user_id\": \"38\", \"notification_kind\": \"misa_besar_open_roles\", \"misa_besar_id\": 14, \"misa_type\": \"misa_besar\", \"misa_name\": \"Tes Misa Besar Notif H-1 Tanggal 13 Start 11\", \"misa_date\": \"2026-05-13\", \"misa_time\": \"21:00\", \"empty_roles\": [\"Kamera\"], \"allow_member_request\": true}', '2026-05-11 23:56:48', 'user'),
('notif-1778518608321-53f5e0', 'tugas', 'Misa Besar Butuh Petugas', 'Ada Misa Besar baru <b>Tes Misa Besar Notif H-1 Tanggal 13 Start 11</b> pada hari Rabu, 13/05/2026 jam 21:00 WIB yang masih memiliki slot kosong: <b>Kamera</b>. Status request anggota: <b>dibuka</b>. Silakan buka halaman request tugas untuk melihat detail dan mengajukan tugas.', '/request-tugas-anggota.html?misaBesarId=14', '{\"target_user_id\": \"57\", \"notification_kind\": \"misa_besar_open_roles\", \"misa_besar_id\": 14, \"misa_type\": \"misa_besar\", \"misa_name\": \"Tes Misa Besar Notif H-1 Tanggal 13 Start 11\", \"misa_date\": \"2026-05-13\", \"misa_time\": \"21:00\", \"empty_roles\": [\"Kamera\"], \"allow_member_request\": true}', '2026-05-11 23:56:48', 'user'),
('notif-1778518608321-71a002', 'tugas', 'Misa Besar Butuh Petugas', 'Ada Misa Besar baru <b>Tes Misa Besar Notif H-1 Tanggal 13 Start 11</b> pada hari Rabu, 13/05/2026 jam 21:00 WIB yang masih memiliki slot kosong: <b>Kamera</b>. Status request anggota: <b>dibuka</b>. Silakan buka halaman request tugas untuk melihat detail dan mengajukan tugas.', '/request-tugas-anggota.html?misaBesarId=14', '{\"target_user_id\": \"16\", \"notification_kind\": \"misa_besar_open_roles\", \"misa_besar_id\": 14, \"misa_type\": \"misa_besar\", \"misa_name\": \"Tes Misa Besar Notif H-1 Tanggal 13 Start 11\", \"misa_date\": \"2026-05-13\", \"misa_time\": \"21:00\", \"empty_roles\": [\"Kamera\"], \"allow_member_request\": true}', '2026-05-11 23:56:48', 'user'),
('notif-1778518608321-af22cf', 'tugas', 'Misa Besar Butuh Petugas', 'Ada Misa Besar baru <b>Tes Misa Besar Notif H-1 Tanggal 13 Start 11</b> pada hari Rabu, 13/05/2026 jam 21:00 WIB yang masih memiliki slot kosong: <b>Kamera</b>. Status request anggota: <b>dibuka</b>. Silakan buka halaman request tugas untuk melihat detail dan mengajukan tugas.', '/request-tugas-anggota.html?misaBesarId=14', '{\"target_user_id\": \"39\", \"notification_kind\": \"misa_besar_open_roles\", \"misa_besar_id\": 14, \"misa_type\": \"misa_besar\", \"misa_name\": \"Tes Misa Besar Notif H-1 Tanggal 13 Start 11\", \"misa_date\": \"2026-05-13\", \"misa_time\": \"21:00\", \"empty_roles\": [\"Kamera\"], \"allow_member_request\": true}', '2026-05-11 23:56:48', 'user'),
('notif-1778518608321-bd925b', 'tugas', 'Misa Besar Butuh Petugas', 'Ada Misa Besar baru <b>Tes Misa Besar Notif H-1 Tanggal 13 Start 11</b> pada hari Rabu, 13/05/2026 jam 21:00 WIB yang masih memiliki slot kosong: <b>Kamera</b>. Status request anggota: <b>dibuka</b>. Silakan buka halaman request tugas untuk melihat detail dan mengajukan tugas.', '/request-tugas-anggota.html?misaBesarId=14', '{\"target_user_id\": \"40\", \"notification_kind\": \"misa_besar_open_roles\", \"misa_besar_id\": 14, \"misa_type\": \"misa_besar\", \"misa_name\": \"Tes Misa Besar Notif H-1 Tanggal 13 Start 11\", \"misa_date\": \"2026-05-13\", \"misa_time\": \"21:00\", \"empty_roles\": [\"Kamera\"], \"allow_member_request\": true}', '2026-05-11 23:56:48', 'user'),
('notif-1778518608322-0065c7', 'tugas', 'Misa Besar Butuh Petugas', 'Ada Misa Besar baru <b>Tes Misa Besar Notif H-1 Tanggal 13 Start 11</b> pada hari Rabu, 13/05/2026 jam 21:00 WIB yang masih memiliki slot kosong: <b>Kamera</b>. Status request anggota: <b>dibuka</b>. Silakan buka halaman request tugas untuk melihat detail dan mengajukan tugas.', '/request-tugas-anggota.html?misaBesarId=14', '{\"target_user_id\": \"54\", \"notification_kind\": \"misa_besar_open_roles\", \"misa_besar_id\": 14, \"misa_type\": \"misa_besar\", \"misa_name\": \"Tes Misa Besar Notif H-1 Tanggal 13 Start 11\", \"misa_date\": \"2026-05-13\", \"misa_time\": \"21:00\", \"empty_roles\": [\"Kamera\"], \"allow_member_request\": true}', '2026-05-11 23:56:48', 'user'),
('notif-1778518608322-276deb', 'tugas', 'Misa Besar Butuh Petugas', 'Ada Misa Besar baru <b>Tes Misa Besar Notif H-1 Tanggal 13 Start 11</b> pada hari Rabu, 13/05/2026 jam 21:00 WIB yang masih memiliki slot kosong: <b>Kamera</b>. Status request anggota: <b>dibuka</b>. Silakan buka halaman request tugas untuk melihat detail dan mengajukan tugas.', '/request-tugas-anggota.html?misaBesarId=14', '{\"target_user_id\": \"17\", \"notification_kind\": \"misa_besar_open_roles\", \"misa_besar_id\": 14, \"misa_type\": \"misa_besar\", \"misa_name\": \"Tes Misa Besar Notif H-1 Tanggal 13 Start 11\", \"misa_date\": \"2026-05-13\", \"misa_time\": \"21:00\", \"empty_roles\": [\"Kamera\"], \"allow_member_request\": true}', '2026-05-11 23:56:48', 'user'),
('notif-1778518608322-777151', 'tugas', 'Misa Besar Butuh Petugas', 'Ada Misa Besar baru <b>Tes Misa Besar Notif H-1 Tanggal 13 Start 11</b> pada hari Rabu, 13/05/2026 jam 21:00 WIB yang masih memiliki slot kosong: <b>Kamera</b>. Status request anggota: <b>dibuka</b>. Silakan buka halaman request tugas untuk melihat detail dan mengajukan tugas.', '/request-tugas-anggota.html?misaBesarId=14', '{\"target_user_id\": \"43\", \"notification_kind\": \"misa_besar_open_roles\", \"misa_besar_id\": 14, \"misa_type\": \"misa_besar\", \"misa_name\": \"Tes Misa Besar Notif H-1 Tanggal 13 Start 11\", \"misa_date\": \"2026-05-13\", \"misa_time\": \"21:00\", \"empty_roles\": [\"Kamera\"], \"allow_member_request\": true}', '2026-05-11 23:56:48', 'user'),
('notif-1778518608322-79750e', 'tugas', 'Misa Besar Butuh Petugas', 'Ada Misa Besar baru <b>Tes Misa Besar Notif H-1 Tanggal 13 Start 11</b> pada hari Rabu, 13/05/2026 jam 21:00 WIB yang masih memiliki slot kosong: <b>Kamera</b>. Status request anggota: <b>dibuka</b>. Silakan buka halaman request tugas untuk melihat detail dan mengajukan tugas.', '/request-tugas-anggota.html?misaBesarId=14', '{\"target_user_id\": \"42\", \"notification_kind\": \"misa_besar_open_roles\", \"misa_besar_id\": 14, \"misa_type\": \"misa_besar\", \"misa_name\": \"Tes Misa Besar Notif H-1 Tanggal 13 Start 11\", \"misa_date\": \"2026-05-13\", \"misa_time\": \"21:00\", \"empty_roles\": [\"Kamera\"], \"allow_member_request\": true}', '2026-05-11 23:56:48', 'user'),
('notif-1778518608322-8aa875', 'tugas', 'Misa Besar Butuh Petugas', 'Ada Misa Besar baru <b>Tes Misa Besar Notif H-1 Tanggal 13 Start 11</b> pada hari Rabu, 13/05/2026 jam 21:00 WIB yang masih memiliki slot kosong: <b>Kamera</b>. Status request anggota: <b>dibuka</b>. Silakan buka halaman request tugas untuk melihat detail dan mengajukan tugas.', '/request-tugas-anggota.html?misaBesarId=14', '{\"target_user_id\": \"41\", \"notification_kind\": \"misa_besar_open_roles\", \"misa_besar_id\": 14, \"misa_type\": \"misa_besar\", \"misa_name\": \"Tes Misa Besar Notif H-1 Tanggal 13 Start 11\", \"misa_date\": \"2026-05-13\", \"misa_time\": \"21:00\", \"empty_roles\": [\"Kamera\"], \"allow_member_request\": true}', '2026-05-11 23:56:48', 'user'),
('notif-1778518608323-1ad3d4', 'tugas', 'Misa Besar Butuh Petugas', 'Ada Misa Besar baru <b>Tes Misa Besar Notif H-1 Tanggal 13 Start 11</b> pada hari Rabu, 13/05/2026 jam 21:00 WIB yang masih memiliki slot kosong: <b>Kamera</b>. Status request anggota: <b>dibuka</b>. Silakan buka halaman request tugas untuk melihat detail dan mengajukan tugas.', '/request-tugas-anggota.html?misaBesarId=14', '{\"target_user_id\": \"56\", \"notification_kind\": \"misa_besar_open_roles\", \"misa_besar_id\": 14, \"misa_type\": \"misa_besar\", \"misa_name\": \"Tes Misa Besar Notif H-1 Tanggal 13 Start 11\", \"misa_date\": \"2026-05-13\", \"misa_time\": \"21:00\", \"empty_roles\": [\"Kamera\"], \"allow_member_request\": true}', '2026-05-11 23:56:48', 'user'),
('notif-1778518608323-512688', 'tugas', 'Misa Besar Butuh Petugas', 'Ada Misa Besar baru <b>Tes Misa Besar Notif H-1 Tanggal 13 Start 11</b> pada hari Rabu, 13/05/2026 jam 21:00 WIB yang masih memiliki slot kosong: <b>Kamera</b>. Status request anggota: <b>dibuka</b>. Silakan buka halaman request tugas untuk melihat detail dan mengajukan tugas.', '/request-tugas-anggota.html?misaBesarId=14', '{\"target_user_id\": \"44\", \"notification_kind\": \"misa_besar_open_roles\", \"misa_besar_id\": 14, \"misa_type\": \"misa_besar\", \"misa_name\": \"Tes Misa Besar Notif H-1 Tanggal 13 Start 11\", \"misa_date\": \"2026-05-13\", \"misa_time\": \"21:00\", \"empty_roles\": [\"Kamera\"], \"allow_member_request\": true}', '2026-05-11 23:56:48', 'user'),
('notif-1778518608323-c456c1', 'tugas', 'Misa Besar Butuh Petugas', 'Ada Misa Besar baru <b>Tes Misa Besar Notif H-1 Tanggal 13 Start 11</b> pada hari Rabu, 13/05/2026 jam 21:00 WIB yang masih memiliki slot kosong: <b>Kamera</b>. Status request anggota: <b>dibuka</b>. Silakan buka halaman request tugas untuk melihat detail dan mengajukan tugas.', '/request-tugas-anggota.html?misaBesarId=14', '{\"target_user_id\": \"51\", \"notification_kind\": \"misa_besar_open_roles\", \"misa_besar_id\": 14, \"misa_type\": \"misa_besar\", \"misa_name\": \"Tes Misa Besar Notif H-1 Tanggal 13 Start 11\", \"misa_date\": \"2026-05-13\", \"misa_time\": \"21:00\", \"empty_roles\": [\"Kamera\"], \"allow_member_request\": true}', '2026-05-11 23:56:48', 'user'),
('notif-1778518608324-16c9fa', 'tugas', 'Misa Besar Butuh Petugas', 'Ada Misa Besar baru <b>Tes Misa Besar Notif H-1 Tanggal 13 Start 11</b> pada hari Rabu, 13/05/2026 jam 21:00 WIB yang masih memiliki slot kosong: <b>Kamera</b>. Status request anggota: <b>dibuka</b>. Silakan buka halaman request tugas untuk melihat detail dan mengajukan tugas.', '/request-tugas-anggota.html?misaBesarId=14', '{\"target_user_id\": \"37\", \"notification_kind\": \"misa_besar_open_roles\", \"misa_besar_id\": 14, \"misa_type\": \"misa_besar\", \"misa_name\": \"Tes Misa Besar Notif H-1 Tanggal 13 Start 11\", \"misa_date\": \"2026-05-13\", \"misa_time\": \"21:00\", \"empty_roles\": [\"Kamera\"], \"allow_member_request\": true}', '2026-05-11 23:56:48', 'user'),
('notif-1778518608324-2e46e4', 'tugas', 'Misa Besar Butuh Petugas', 'Ada Misa Besar baru <b>Tes Misa Besar Notif H-1 Tanggal 13 Start 11</b> pada hari Rabu, 13/05/2026 jam 21:00 WIB yang masih memiliki slot kosong: <b>Kamera</b>. Status request anggota: <b>dibuka</b>. Silakan buka halaman request tugas untuk melihat detail dan mengajukan tugas.', '/request-tugas-anggota.html?misaBesarId=14', '{\"target_user_id\": \"69\", \"notification_kind\": \"misa_besar_open_roles\", \"misa_besar_id\": 14, \"misa_type\": \"misa_besar\", \"misa_name\": \"Tes Misa Besar Notif H-1 Tanggal 13 Start 11\", \"misa_date\": \"2026-05-13\", \"misa_time\": \"21:00\", \"empty_roles\": [\"Kamera\"], \"allow_member_request\": true}', '2026-05-11 23:56:48', 'user'),
('notif-1778518608324-3b5937', 'tugas', 'Misa Besar Butuh Petugas', 'Ada Misa Besar baru <b>Tes Misa Besar Notif H-1 Tanggal 13 Start 11</b> pada hari Rabu, 13/05/2026 jam 21:00 WIB yang masih memiliki slot kosong: <b>Kamera</b>. Status request anggota: <b>dibuka</b>. Silakan buka halaman request tugas untuk melihat detail dan mengajukan tugas.', '/request-tugas-anggota.html?misaBesarId=14', '{\"target_user_id\": \"45\", \"notification_kind\": \"misa_besar_open_roles\", \"misa_besar_id\": 14, \"misa_type\": \"misa_besar\", \"misa_name\": \"Tes Misa Besar Notif H-1 Tanggal 13 Start 11\", \"misa_date\": \"2026-05-13\", \"misa_time\": \"21:00\", \"empty_roles\": [\"Kamera\"], \"allow_member_request\": true}', '2026-05-11 23:56:48', 'user'),
('notif-1778518608324-831db7', 'tugas', 'Misa Besar Butuh Petugas', 'Ada Misa Besar baru <b>Tes Misa Besar Notif H-1 Tanggal 13 Start 11</b> pada hari Rabu, 13/05/2026 jam 21:00 WIB yang masih memiliki slot kosong: <b>Kamera</b>. Status request anggota: <b>dibuka</b>. Silakan buka halaman request tugas untuk melihat detail dan mengajukan tugas.', '/request-tugas-anggota.html?misaBesarId=14', '{\"target_user_id\": \"11\", \"notification_kind\": \"misa_besar_open_roles\", \"misa_besar_id\": 14, \"misa_type\": \"misa_besar\", \"misa_name\": \"Tes Misa Besar Notif H-1 Tanggal 13 Start 11\", \"misa_date\": \"2026-05-13\", \"misa_time\": \"21:00\", \"empty_roles\": [\"Kamera\"], \"allow_member_request\": true}', '2026-05-11 23:56:48', 'user'),
('notif-1778518608325-4d8d03', 'tugas', 'Misa Besar Butuh Petugas', 'Ada Misa Besar baru <b>Tes Misa Besar Notif H-1 Tanggal 13 Start 11</b> pada hari Rabu, 13/05/2026 jam 21:00 WIB yang masih memiliki slot kosong: <b>Kamera</b>. Status request anggota: <b>dibuka</b>. Silakan buka halaman request tugas untuk melihat detail dan mengajukan tugas.', '/request-tugas-anggota.html?misaBesarId=14', '{\"target_user_id\": \"71\", \"notification_kind\": \"misa_besar_open_roles\", \"misa_besar_id\": 14, \"misa_type\": \"misa_besar\", \"misa_name\": \"Tes Misa Besar Notif H-1 Tanggal 13 Start 11\", \"misa_date\": \"2026-05-13\", \"misa_time\": \"21:00\", \"empty_roles\": [\"Kamera\"], \"allow_member_request\": true}', '2026-05-11 23:56:48', 'user'),
('notif-1778518608325-824862', 'tugas', 'Misa Besar Butuh Petugas', 'Ada Misa Besar baru <b>Tes Misa Besar Notif H-1 Tanggal 13 Start 11</b> pada hari Rabu, 13/05/2026 jam 21:00 WIB yang masih memiliki slot kosong: <b>Kamera</b>. Status request anggota: <b>dibuka</b>. Silakan buka halaman request tugas untuk melihat detail dan mengajukan tugas.', '/request-tugas-anggota.html?misaBesarId=14', '{\"target_user_id\": \"46\", \"notification_kind\": \"misa_besar_open_roles\", \"misa_besar_id\": 14, \"misa_type\": \"misa_besar\", \"misa_name\": \"Tes Misa Besar Notif H-1 Tanggal 13 Start 11\", \"misa_date\": \"2026-05-13\", \"misa_time\": \"21:00\", \"empty_roles\": [\"Kamera\"], \"allow_member_request\": true}', '2026-05-11 23:56:48', 'user'),
('notif-1778518608325-c9942d', 'tugas', 'Misa Besar Butuh Petugas', 'Ada Misa Besar baru <b>Tes Misa Besar Notif H-1 Tanggal 13 Start 11</b> pada hari Rabu, 13/05/2026 jam 21:00 WIB yang masih memiliki slot kosong: <b>Kamera</b>. Status request anggota: <b>dibuka</b>. Silakan buka halaman request tugas untuk melihat detail dan mengajukan tugas.', '/request-tugas-anggota.html?misaBesarId=14', '{\"target_user_id\": \"76\", \"notification_kind\": \"misa_besar_open_roles\", \"misa_besar_id\": 14, \"misa_type\": \"misa_besar\", \"misa_name\": \"Tes Misa Besar Notif H-1 Tanggal 13 Start 11\", \"misa_date\": \"2026-05-13\", \"misa_time\": \"21:00\", \"empty_roles\": [\"Kamera\"], \"allow_member_request\": true}', '2026-05-11 23:56:48', 'user'),
('notif-1778518608326-0872c9', 'tugas', 'Misa Besar Butuh Petugas', 'Ada Misa Besar baru <b>Tes Misa Besar Notif H-1 Tanggal 13 Start 11</b> pada hari Rabu, 13/05/2026 jam 21:00 WIB yang masih memiliki slot kosong: <b>Kamera</b>. Status request anggota: <b>dibuka</b>. Silakan buka halaman request tugas untuk melihat detail dan mengajukan tugas.', '/request-tugas-anggota.html?misaBesarId=14', '{\"target_user_id\": \"49\", \"notification_kind\": \"misa_besar_open_roles\", \"misa_besar_id\": 14, \"misa_type\": \"misa_besar\", \"misa_name\": \"Tes Misa Besar Notif H-1 Tanggal 13 Start 11\", \"misa_date\": \"2026-05-13\", \"misa_time\": \"21:00\", \"empty_roles\": [\"Kamera\"], \"allow_member_request\": true}', '2026-05-11 23:56:48', 'user'),
('notif-1778518608326-16a817', 'tugas', 'Misa Besar Butuh Petugas', 'Ada Misa Besar baru <b>Tes Misa Besar Notif H-1 Tanggal 13 Start 11</b> pada hari Rabu, 13/05/2026 jam 21:00 WIB yang masih memiliki slot kosong: <b>Kamera</b>. Status request anggota: <b>dibuka</b>. Silakan buka halaman request tugas untuk melihat detail dan mengajukan tugas.', '/request-tugas-anggota.html?misaBesarId=14', '{\"target_user_id\": \"47\", \"notification_kind\": \"misa_besar_open_roles\", \"misa_besar_id\": 14, \"misa_type\": \"misa_besar\", \"misa_name\": \"Tes Misa Besar Notif H-1 Tanggal 13 Start 11\", \"misa_date\": \"2026-05-13\", \"misa_time\": \"21:00\", \"empty_roles\": [\"Kamera\"], \"allow_member_request\": true}', '2026-05-11 23:56:48', 'user'),
('notif-1778518608326-af3d9f', 'tugas', 'Misa Besar Butuh Petugas', 'Ada Misa Besar baru <b>Tes Misa Besar Notif H-1 Tanggal 13 Start 11</b> pada hari Rabu, 13/05/2026 jam 21:00 WIB yang masih memiliki slot kosong: <b>Kamera</b>. Status request anggota: <b>dibuka</b>. Silakan buka halaman request tugas untuk melihat detail dan mengajukan tugas.', '/request-tugas-anggota.html?misaBesarId=14', '{\"target_user_id\": \"48\", \"notification_kind\": \"misa_besar_open_roles\", \"misa_besar_id\": 14, \"misa_type\": \"misa_besar\", \"misa_name\": \"Tes Misa Besar Notif H-1 Tanggal 13 Start 11\", \"misa_date\": \"2026-05-13\", \"misa_time\": \"21:00\", \"empty_roles\": [\"Kamera\"], \"allow_member_request\": true}', '2026-05-11 23:56:48', 'user'),
('notif-1778518608326-be0639', 'tugas', 'Misa Besar Butuh Petugas', 'Ada Misa Besar baru <b>Tes Misa Besar Notif H-1 Tanggal 13 Start 11</b> pada hari Rabu, 13/05/2026 jam 21:00 WIB yang masih memiliki slot kosong: <b>Kamera</b>. Status request anggota: <b>dibuka</b>. Silakan buka halaman request tugas untuk melihat detail dan mengajukan tugas.', '/request-tugas-anggota.html?misaBesarId=14', '{\"target_user_id\": \"12\", \"notification_kind\": \"misa_besar_open_roles\", \"misa_besar_id\": 14, \"misa_type\": \"misa_besar\", \"misa_name\": \"Tes Misa Besar Notif H-1 Tanggal 13 Start 11\", \"misa_date\": \"2026-05-13\", \"misa_time\": \"21:00\", \"empty_roles\": [\"Kamera\"], \"allow_member_request\": true}', '2026-05-11 23:56:48', 'user'),
('notif-1778518608326-e7f0b4', 'tugas', 'Misa Besar Butuh Petugas', 'Ada Misa Besar baru <b>Tes Misa Besar Notif H-1 Tanggal 13 Start 11</b> pada hari Rabu, 13/05/2026 jam 21:00 WIB yang masih memiliki slot kosong: <b>Kamera</b>. Status request anggota: <b>dibuka</b>. Silakan buka halaman request tugas untuk melihat detail dan mengajukan tugas.', '/request-tugas-anggota.html?misaBesarId=14', '{\"target_user_id\": \"58\", \"notification_kind\": \"misa_besar_open_roles\", \"misa_besar_id\": 14, \"misa_type\": \"misa_besar\", \"misa_name\": \"Tes Misa Besar Notif H-1 Tanggal 13 Start 11\", \"misa_date\": \"2026-05-13\", \"misa_time\": \"21:00\", \"empty_roles\": [\"Kamera\"], \"allow_member_request\": true}', '2026-05-11 23:56:48', 'user'),
('notif-1778518608327-1ae9aa', 'tugas', 'Misa Besar Butuh Petugas', 'Ada Misa Besar baru <b>Tes Misa Besar Notif H-1 Tanggal 13 Start 11</b> pada hari Rabu, 13/05/2026 jam 21:00 WIB yang masih memiliki slot kosong: <b>Kamera</b>. Status request anggota: <b>dibuka</b>. Silakan buka halaman request tugas untuk melihat detail dan mengajukan tugas.', '/request-tugas-anggota.html?misaBesarId=14', '{\"target_user_id\": \"13\", \"notification_kind\": \"misa_besar_open_roles\", \"misa_besar_id\": 14, \"misa_type\": \"misa_besar\", \"misa_name\": \"Tes Misa Besar Notif H-1 Tanggal 13 Start 11\", \"misa_date\": \"2026-05-13\", \"misa_time\": \"21:00\", \"empty_roles\": [\"Kamera\"], \"allow_member_request\": true}', '2026-05-11 23:56:48', 'user'),
('notif-1778518608327-8af263', 'tugas', 'Misa Besar Butuh Petugas', 'Ada Misa Besar baru <b>Tes Misa Besar Notif H-1 Tanggal 13 Start 11</b> pada hari Rabu, 13/05/2026 jam 21:00 WIB yang masih memiliki slot kosong: <b>Kamera</b>. Status request anggota: <b>dibuka</b>. Silakan buka halaman request tugas untuk melihat detail dan mengajukan tugas.', '/request-tugas-anggota.html?misaBesarId=14', '{\"target_user_id\": \"15\", \"notification_kind\": \"misa_besar_open_roles\", \"misa_besar_id\": 14, \"misa_type\": \"misa_besar\", \"misa_name\": \"Tes Misa Besar Notif H-1 Tanggal 13 Start 11\", \"misa_date\": \"2026-05-13\", \"misa_time\": \"21:00\", \"empty_roles\": [\"Kamera\"], \"allow_member_request\": true}', '2026-05-11 23:56:48', 'user'),
('notif-1778518645163-8e4161', 'tugas', 'Request Tugas Berhasil: Operator', 'Anda berhasil terdaftar sebagai <b>Operator</b> untuk <b>Misa Harian</b> pada hari Rabu, 13/05/2026 jam 18:00 WIB.', '/request-tugas-anggota.html', '{\"target_user_id\": \"53\", \"notification_kind\": \"member_request_success\", \"misa_type\": \"misa_biasa\", \"misa_besar_id\": null, \"misa_name\": \"Misa Harian\", \"role\": \"Operator\", \"misa_date\": \"2026-05-13\", \"misa_time\": \"18:00\", \"source\": \"member_request\"}', '2026-05-11 23:57:25', NULL),
('notif-1778518654131-06dcf9', 'tugas', 'Request Tugas Berhasil: Kamera', 'Anda berhasil terdaftar sebagai <b>Kamera</b> untuk <b>Tes Misa Besar Notif H-1 Tanggal 13 Start 11</b> pada hari Rabu, 13/05/2026 jam 21:00 WIB.', '/request-tugas-anggota.html', '{\"target_user_id\": \"53\", \"notification_kind\": \"member_request_success\", \"misa_type\": \"misa_besar\", \"misa_besar_id\": 14, \"misa_name\": \"Tes Misa Besar Notif H-1 Tanggal 13 Start 11\", \"role\": \"Kamera\", \"misa_date\": \"2026-05-13\", \"misa_time\": \"21:00\", \"source\": \"member_request\"}', '2026-05-11 23:57:34', NULL),
('notif-1778518685676-40bd47', 'tugas', 'Tugas Baru: SPV', 'Anda ditugaskan sebagai <b>SPV</b> untuk <b>Misa Harian</b> pada hari Rabu, 13/05/2026 jam 18:00 WIB.', '/jadwal-tugas-misa-anggota.html', '{\"target_user_id\": \"6\"}', '2026-05-11 23:58:05', NULL),
('notif-1778518685676-be8891', 'tugas', 'Tugas Baru: Kameramen', 'Anda ditugaskan sebagai <b>Kameramen</b> untuk <b>Misa Harian</b> pada hari Rabu, 13/05/2026 jam 18:00 WIB.', '/jadwal-tugas-misa-anggota.html', '{\"target_user_id\": \"21\"}', '2026-05-11 23:58:05', NULL),
('notif-1778518921233-74787e', 'tugas', 'Pengingat Tugas H-1: Operator', 'H-1: Anda bertugas sebagai <b>Operator</b> untuk <b>Misa Harian</b> pada hari Rabu, 13/05/2026 jam 18:00 WIB.', '/jadwal-tugas-misa-anggota.html', '{\"target_user_id\": \"53\", \"notification_kind\": \"task_reminder\", \"reminder\": \"h_1\", \"reminder_label\": \"H-1\", \"misa_type\": \"misa_biasa\", \"misa_name\": \"Misa Harian\", \"role\": \"Operator\", \"misa_date\": \"2026-05-13\", \"misa_time\": \"18:00\", \"dedupe_key\": \"task-reminder:biasa:2026-05-13:18:00:Operator:53:h_1\"}', '2026-05-12 00:02:01', NULL),
('notif-1778518921235-c9b33a', 'tugas', 'Pengingat Tugas H-1: Kameramen', 'H-1: Anda bertugas sebagai <b>Kameramen</b> untuk <b>Misa Harian</b> pada hari Rabu, 13/05/2026 jam 18:00 WIB.', '/jadwal-tugas-misa-anggota.html', '{\"target_user_id\": \"21\", \"notification_kind\": \"task_reminder\", \"reminder\": \"h_1\", \"reminder_label\": \"H-1\", \"misa_type\": \"misa_biasa\", \"misa_name\": \"Misa Harian\", \"role\": \"Kameramen\", \"misa_date\": \"2026-05-13\", \"misa_time\": \"18:00\", \"dedupe_key\": \"task-reminder:biasa:2026-05-13:18:00:Kameramen:21:h_1\"}', '2026-05-12 00:02:01', NULL),
('notif-1778518921236-50b302', 'tugas', 'Pengingat Tugas H-1: SPV', 'H-1: Anda bertugas sebagai <b>SPV</b> untuk <b>Misa Harian</b> pada hari Rabu, 13/05/2026 jam 18:00 WIB.', '/jadwal-tugas-streaming-admin.html', '{\"target_user_id\": \"6\", \"notification_kind\": \"task_reminder\", \"reminder\": \"h_1\", \"reminder_label\": \"H-1\", \"misa_type\": \"misa_biasa\", \"misa_name\": \"Misa Harian\", \"role\": \"SPV\", \"misa_date\": \"2026-05-13\", \"misa_time\": \"18:00\", \"dedupe_key\": \"task-reminder:biasa:2026-05-13:18:00:SPV:6:h_1\"}', '2026-05-12 00:02:01', NULL),
('notif-1778518921237-05a90d', 'tugas', 'Pengingat Tugas H-1: PD', 'H-1: Anda bertugas sebagai <b>PD</b> untuk <b>Tes Misa Besar Notif H-1 Tanggal 13 Start 11</b> pada hari Rabu, 13/05/2026 jam 21:00 WIB.', '/jadwal-tugas-streaming-admin.html', '{\"target_user_id\": \"6\", \"notification_kind\": \"task_reminder\", \"reminder\": \"h_1\", \"reminder_label\": \"H-1\", \"misa_type\": \"misa_besar\", \"misa_besar_id\": 14, \"misa_name\": \"Tes Misa Besar Notif H-1 Tanggal 13 Start 11\", \"role\": \"PD\", \"misa_date\": \"2026-05-13\", \"misa_time\": \"21:00\", \"dedupe_key\": \"task-reminder:besar:14:161:6:h_1\"}', '2026-05-12 00:02:01', NULL),
('notif-1778518921238-300311', 'tugas', 'Pengingat Tugas H-1: Kamera', 'H-1: Anda bertugas sebagai <b>Kamera</b> untuk <b>Tes Misa Besar Notif H-1 Tanggal 13 Start 11</b> pada hari Rabu, 13/05/2026 jam 21:00 WIB.', '/jadwal-tugas-misa-anggota.html', '{\"target_user_id\": \"21\", \"notification_kind\": \"task_reminder\", \"reminder\": \"h_1\", \"reminder_label\": \"H-1\", \"misa_type\": \"misa_besar\", \"misa_besar_id\": 14, \"misa_name\": \"Tes Misa Besar Notif H-1 Tanggal 13 Start 11\", \"role\": \"Kamera\", \"misa_date\": \"2026-05-13\", \"misa_time\": \"21:00\", \"dedupe_key\": \"task-reminder:besar:14:162:21:h_1\"}', '2026-05-12 00:02:01', NULL),
('notif-1778518921239-be6afe', 'tugas', 'Pengingat Tugas H-1: Kamera', 'H-1: Anda bertugas sebagai <b>Kamera</b> untuk <b>Tes Misa Besar Notif H-1 Tanggal 13 Start 11</b> pada hari Rabu, 13/05/2026 jam 21:00 WIB.', '/jadwal-tugas-misa-anggota.html', '{\"target_user_id\": \"53\", \"notification_kind\": \"task_reminder\", \"reminder\": \"h_1\", \"reminder_label\": \"H-1\", \"misa_type\": \"misa_besar\", \"misa_besar_id\": 14, \"misa_name\": \"Tes Misa Besar Notif H-1 Tanggal 13 Start 11\", \"role\": \"Kamera\", \"misa_date\": \"2026-05-13\", \"misa_time\": \"21:00\", \"dedupe_key\": \"task-reminder:besar:14:162:53:h_1\"}', '2026-05-12 00:02:01', NULL),
('notif-1778537628194-02130c', 'tugas', 'Tugas Baru: Kameramen', 'Anda ditugaskan sebagai <b>Kameramen</b> untuk <b>Misa Mingguan</b> pada hari Minggu, 17/05/2026 jam 16:30 WIB.', '/jadwal-tugas-misa-anggota.html', '{\"target_user_id\": \"53\"}', '2026-05-12 05:13:48', NULL),
('notif-1778537628194-2a25e4', 'tugas', 'Tugas Baru: Operator', 'Anda ditugaskan sebagai <b>Operator</b> untuk <b>Misa Mingguan</b> pada hari Minggu, 17/05/2026 jam 16:30 WIB.', '/jadwal-tugas-misa-anggota.html', '{\"target_user_id\": \"21\"}', '2026-05-12 05:13:48', NULL),
('notif-1778537628198-42723d', 'tugas', 'Tugas Baru: Operator', 'Anda ditugaskan sebagai <b>Operator</b> untuk <b>Misa Harian</b> pada hari Rabu, 20/05/2026 jam 18:00 WIB.', '/jadwal-tugas-misa-anggota.html', '{\"target_user_id\": \"21\"}', '2026-05-12 05:13:48', NULL),
('notif-1778537628199-305d54', 'tugas', 'Tugas Baru: Kameramen', 'Anda ditugaskan sebagai <b>Kameramen</b> untuk <b>Misa Harian</b> pada hari Rabu, 20/05/2026 jam 18:00 WIB.', '/jadwal-tugas-misa-anggota.html', '{\"target_user_id\": \"53\"}', '2026-05-12 05:13:48', NULL),
('notif-1778537690844-4fae9f', 'tugas', 'Pembatalan Tugas: Aura', '<b>Aura</b> membatalkan tugas sebagai <b>Operator</b> pada <b>Misa Biasa - Misa Harian</b>, hari Rabu, 20/05/2026 jam 18:00 WIB.', '/dashboard.html', '{\"notification_kind\": \"task_cancelled_by_member\", \"member_id\": \"21\", \"member_name\": \"Aura\", \"misa_type\": \"biasa\", \"misa_name\": \"Misa Harian\", \"role\": \"Operator\", \"misa_date\": \"2026-05-20\", \"misa_time\": \"18:00\"}', '2026-05-12 05:14:50', 'admin'),
('notif-1778537690847-3daf41', 'tugas', 'Tugas Dibatalkan: Operator', 'Tugas Anda sebagai <b>Operator</b> untuk <b>Misa Biasa - Misa Harian</b> pada hari Rabu, 20/05/2026 jam 18:00 WIB telah berhasil dibatalkan.', '/pembatalan-tugas-anggota.html', '{\"target_user_id\": \"21\", \"notification_kind\": \"task_cancelled_success\", \"misa_type\": \"biasa\", \"misa_name\": \"Misa Harian\", \"role\": \"Operator\", \"misa_date\": \"2026-05-20\", \"misa_time\": \"18:00\"}', '2026-05-12 05:14:50', 'user'),
('notif-1778537921853-5f7017', 'tugas', 'Tugas Baru: OP', 'Anda ditugaskan sebagai <b>OP</b> untuk <b>Tes Misa Besar Cancel Notif</b> pada hari Kamis, 28/05/2026 jam 10:00 WIB.', '/jadwal-tugas-misa-anggota.html', '{\"target_user_id\": \"6\", \"misa_besar_id\": 15, \"misa_type\": \"misa_besar\", \"role\": \"OP\", \"misa_name\": \"Tes Misa Besar Cancel Notif\", \"misa_date\": \"2026-05-28\", \"misa_time\": \"10:00\"}', '2026-05-12 05:18:41', NULL),
('notif-1778537921853-d421a6', 'tugas', 'Tugas Baru: PD', 'Anda ditugaskan sebagai <b>PD</b> untuk <b>Tes Misa Besar Cancel Notif</b> pada hari Kamis, 28/05/2026 jam 10:00 WIB.', '/jadwal-tugas-misa-anggota.html', '{\"target_user_id\": \"21\", \"misa_besar_id\": 15, \"misa_type\": \"misa_besar\", \"role\": \"PD\", \"misa_name\": \"Tes Misa Besar Cancel Notif\", \"misa_date\": \"2026-05-28\", \"misa_time\": \"10:00\"}', '2026-05-12 05:18:41', NULL),
('notif-1778537921854-090384', 'tugas', 'Tugas Baru: Kamera', 'Anda ditugaskan sebagai <b>Kamera</b> untuk <b>Tes Misa Besar Cancel Notif</b> pada hari Kamis, 28/05/2026 jam 10:00 WIB.', '/jadwal-tugas-misa-anggota.html', '{\"target_user_id\": \"53\", \"misa_besar_id\": 15, \"misa_type\": \"misa_besar\", \"role\": \"Kamera\", \"misa_name\": \"Tes Misa Besar Cancel Notif\", \"misa_date\": \"2026-05-28\", \"misa_time\": \"10:00\"}', '2026-05-12 05:18:41', NULL),
('notif-1778537947163-381adc', 'tugas', 'Pembatalan Tugas: Aura', '<b>Aura</b> membatalkan tugas sebagai <b>PD</b> pada <b>Misa Besar - Tes Misa Besar Cancel Notif</b>, hari Kamis, 28/05/2026 jam 10:00 WIB.', '/dashboard.html', '{\"notification_kind\": \"task_cancelled_by_member\", \"member_id\": \"21\", \"member_name\": \"Aura\", \"misa_type\": \"besar\", \"misa_name\": \"Tes Misa Besar Cancel Notif\", \"role\": \"PD\", \"misa_date\": \"2026-05-28\", \"misa_time\": \"10:00\"}', '2026-05-12 05:19:07', 'admin'),
('notif-1778537947164-fc4e11', 'tugas', 'Tugas Dibatalkan: PD', 'Tugas Anda sebagai <b>PD</b> untuk <b>Misa Besar - Tes Misa Besar Cancel Notif</b> pada hari Kamis, 28/05/2026 jam 10:00 WIB telah berhasil dibatalkan.', '/pembatalan-tugas-anggota.html', '{\"target_user_id\": \"21\", \"notification_kind\": \"task_cancelled_success\", \"misa_type\": \"besar\", \"misa_name\": \"Tes Misa Besar Cancel Notif\", \"role\": \"PD\", \"misa_date\": \"2026-05-28\", \"misa_time\": \"10:00\"}', '2026-05-12 05:19:07', 'user'),
('notif-1778575602321-028975', 'tugas', 'Tugas Baru: Operator', 'Anda ditugaskan sebagai <b>Operator</b> untuk <b>Misa Harian</b> pada hari Selasa, 12/05/2026 jam 18:00 WIB.', '/jadwal-tugas-misa-anggota.html', '{\"target_user_id\": \"21\"}', '2026-05-12 15:46:42', NULL),
('notif-1778575602321-ce230e', 'tugas', 'Tugas Baru: Kameramen', 'Anda ditugaskan sebagai <b>Kameramen</b> untuk <b>Misa Harian</b> pada hari Selasa, 12/05/2026 jam 18:00 WIB.', '/jadwal-tugas-misa-anggota.html', '{\"target_user_id\": \"53\"}', '2026-05-12 15:46:42', NULL),
('notif-1778575602322-7c6a05', 'tugas', 'Tugas Baru: SPV', 'Anda ditugaskan sebagai <b>SPV</b> untuk <b>Misa Harian</b> pada hari Selasa, 12/05/2026 jam 18:00 WIB.', '/jadwal-tugas-misa-anggota.html', '{\"target_user_id\": \"6\"}', '2026-05-12 15:46:42', NULL),
('notif-1778575602328-508ee2', 'tugas', 'Tugas Baru: Operator', 'Anda ditugaskan sebagai <b>Operator</b> untuk <b>Misa Harian</b> pada hari Rabu, 20/05/2026 jam 18:00 WIB.', '/jadwal-tugas-misa-anggota.html', '{\"target_user_id\": \"6\"}', '2026-05-12 15:46:42', NULL),
('notif-1778575610184-b733e6', 'tugas', 'Pengingat Tugas Hari Ini: Operator', 'Hari Ini: Anda bertugas sebagai <b>Operator</b> untuk <b>Misa Harian</b> pada hari Selasa, 12/05/2026 jam 18:00 WIB.', '/jadwal-tugas-misa-anggota.html', '{\"target_user_id\": \"21\", \"notification_kind\": \"task_reminder\", \"reminder\": \"hari_h\", \"reminder_label\": \"Hari Ini\", \"misa_type\": \"misa_biasa\", \"misa_name\": \"Misa Harian\", \"role\": \"Operator\", \"misa_date\": \"2026-05-12\", \"misa_time\": \"18:00\", \"dedupe_key\": \"task-reminder:biasa:2026-05-12:18:00:Operator:21:hari_h\"}', '2026-05-12 15:46:50', NULL),
('notif-1778575610185-bcfd3c', 'tugas', 'Pengingat Tugas Hari Ini: Kameramen', 'Hari Ini: Anda bertugas sebagai <b>Kameramen</b> untuk <b>Misa Harian</b> pada hari Selasa, 12/05/2026 jam 18:00 WIB.', '/jadwal-tugas-misa-anggota.html', '{\"target_user_id\": \"53\", \"notification_kind\": \"task_reminder\", \"reminder\": \"hari_h\", \"reminder_label\": \"Hari Ini\", \"misa_type\": \"misa_biasa\", \"misa_name\": \"Misa Harian\", \"role\": \"Kameramen\", \"misa_date\": \"2026-05-12\", \"misa_time\": \"18:00\", \"dedupe_key\": \"task-reminder:biasa:2026-05-12:18:00:Kameramen:53:hari_h\"}', '2026-05-12 15:46:50', NULL),
('notif-1778575610186-c6ce05', 'tugas', 'Pengingat Tugas Hari Ini: SPV', 'Hari Ini: Anda bertugas sebagai <b>SPV</b> untuk <b>Misa Harian</b> pada hari Selasa, 12/05/2026 jam 18:00 WIB.', '/jadwal-tugas-streaming-admin.html', '{\"target_user_id\": \"6\", \"notification_kind\": \"task_reminder\", \"reminder\": \"hari_h\", \"reminder_label\": \"Hari Ini\", \"misa_type\": \"misa_biasa\", \"misa_name\": \"Misa Harian\", \"role\": \"SPV\", \"misa_date\": \"2026-05-12\", \"misa_time\": \"18:00\", \"dedupe_key\": \"task-reminder:biasa:2026-05-12:18:00:SPV:6:hari_h\"}', '2026-05-12 15:46:50', NULL),
('notif-1778576031281-e79bd6', 'tukar', 'Permintaan Tukar Jadwal dari Aura', '<b>Aura</b> mengajak tukeran jadwal. Jadwal dia: Misa Mingguan - Sabtu, 30/05/2026 18:00 WIB (Operator). Jadwal Anda: Misa Mingguan - Minggu, 17/05/2026 16:30 WIB (Kameramen).', '/penukaran-jadwal-tugas-anggota.html', '{\"target_user_id\": \"53\", \"exchange_request_id\": 1, \"exchange_status\": \"pending\"}', '2026-05-12 15:53:51', 'user'),
('notif-1778576178650-e997bf', 'tukar', 'Penukaran Jadwal Ditolak', 'Permintaan Anda <b>ditolak</b> oleh <b>Daflo</b>. Jadwal terkait: Misa Mingguan - Sabtu, 30/05/2026 18:00 WIB (Operator).', '/penukaran-jadwal-tugas-anggota.html', '{\"target_user_id\": \"21\", \"exchange_request_id\": 1, \"exchange_status\": \"rejected\"}', '2026-05-12 15:56:18', 'user'),
('notif-1778585548654-c48f65', 'tukar', 'Permintaan Pengganti dari Aura', '<b>Aura</b> meminta Anda menggantikan tugas <b>Operator</b> pada <b>Misa Mingguan</b>, Sabtu, 30/05/2026 jam 18:00 WIB.', NULL, '{\"target_user_id\": \"6\", \"exchange_request_id\": 2, \"exchange_status\": \"pending\"}', '2026-05-12 18:32:28', 'super_admin'),
('notif-1778585574366-481034', 'tukar', 'Penukaran Jadwal Diterima', 'Permintaan Anda sudah <b>diterima</b> oleh <b>Pria</b>. Jadwal terkait: Misa Mingguan - Sabtu, 30/05/2026 18:00 WIB (Operator).', '/penukaran-jadwal-tugas-anggota.html', '{\"target_user_id\": \"21\", \"exchange_request_id\": 2, \"exchange_status\": \"accepted\"}', '2026-05-12 18:32:54', 'user'),
('notif-1778585728176-b7eaf9', 'tukar', 'Permintaan Pengganti dari Daflo', '<b>Daflo</b> meminta Anda menggantikan tugas <b>Kamera</b> pada <b>Tes Misa Besar Cancel Notif</b>, Kamis, 28/05/2026 jam 10:00 WIB.', '/penukaran-jadwal-tugas-anggota.html', '{\"target_user_id\": \"21\", \"exchange_request_id\": 3, \"exchange_status\": \"pending\"}', '2026-05-12 18:35:28', 'user'),
('notif-1778585843625-5aef94', 'tukar', 'Penukaran Jadwal Diterima', 'Permintaan Anda sudah <b>diterima</b> oleh <b>Aura</b>. Jadwal terkait: Tes Misa Besar Cancel Notif - Kamis, 28/05/2026 10:00 WIB (Kamera).', '/penukaran-jadwal-tugas-anggota.html', '{\"target_user_id\": \"53\", \"exchange_request_id\": 3, \"exchange_status\": \"accepted\"}', '2026-05-12 18:37:23', 'user'),
('notif-1778585918309-68eebf', 'tukar', 'Permintaan Tukar Jadwal dari Aura', '<b>Aura</b> mengajak tukeran jadwal. Jadwal dia: Tes Misa Besar Cancel Notif - Kamis, 28/05/2026 10:00 WIB (Kamera). Jadwal Anda: Misa Pentahbisan - Minggu, 31/05/2026 14:56 WIB (Fotografer).', '/penukaran-jadwal-tugas-anggota.html', '{\"target_user_id\": \"53\", \"exchange_request_id\": 4, \"exchange_status\": \"pending\"}', '2026-05-12 18:38:38', 'user'),
('notif-1778585954102-841d10', 'tukar', 'Penukaran Jadwal Diterima', 'Permintaan Anda sudah <b>diterima</b> oleh <b>Daflo</b>. Jadwal terkait: Tes Misa Besar Cancel Notif - Kamis, 28/05/2026 10:00 WIB (Kamera).', '/penukaran-jadwal-tugas-anggota.html', '{\"target_user_id\": \"21\", \"exchange_request_id\": 4, \"exchange_status\": \"accepted\"}', '2026-05-12 18:39:14', 'user'),
('notif-1778639569013-6c41fb', 'tugas', 'Pengingat Tugas Hari Ini: Operator', 'Hari Ini: Anda bertugas sebagai <b>Operator</b> untuk <b>Misa Harian</b> pada hari Rabu, 13/05/2026 jam 18:00 WIB.', '/jadwal-tugas-misa-anggota.html', '{\"target_user_id\": \"53\", \"notification_kind\": \"task_reminder\", \"reminder\": \"hari_h\", \"reminder_label\": \"Hari Ini\", \"misa_type\": \"misa_biasa\", \"misa_name\": \"Misa Harian\", \"role\": \"Operator\", \"misa_date\": \"2026-05-13\", \"misa_time\": \"18:00\", \"dedupe_key\": \"task-reminder:biasa:2026-05-13:18:00:Operator:53:hari_h\"}', '2026-05-13 09:32:49', NULL),
('notif-1778639569016-e3e6bc', 'tugas', 'Pengingat Tugas Hari Ini: Kameramen', 'Hari Ini: Anda bertugas sebagai <b>Kameramen</b> untuk <b>Misa Harian</b> pada hari Rabu, 13/05/2026 jam 18:00 WIB.', '/jadwal-tugas-misa-anggota.html', '{\"target_user_id\": \"21\", \"notification_kind\": \"task_reminder\", \"reminder\": \"hari_h\", \"reminder_label\": \"Hari Ini\", \"misa_type\": \"misa_biasa\", \"misa_name\": \"Misa Harian\", \"role\": \"Kameramen\", \"misa_date\": \"2026-05-13\", \"misa_time\": \"18:00\", \"dedupe_key\": \"task-reminder:biasa:2026-05-13:18:00:Kameramen:21:hari_h\"}', '2026-05-13 09:32:49', NULL),
('notif-1778639569021-13df5d', 'tugas', 'Pengingat Tugas Hari Ini: SPV', 'Hari Ini: Anda bertugas sebagai <b>SPV</b> untuk <b>Misa Harian</b> pada hari Rabu, 13/05/2026 jam 18:00 WIB.', '/jadwal-tugas-streaming-admin.html', '{\"target_user_id\": \"6\", \"notification_kind\": \"task_reminder\", \"reminder\": \"hari_h\", \"reminder_label\": \"Hari Ini\", \"misa_type\": \"misa_biasa\", \"misa_name\": \"Misa Harian\", \"role\": \"SPV\", \"misa_date\": \"2026-05-13\", \"misa_time\": \"18:00\", \"dedupe_key\": \"task-reminder:biasa:2026-05-13:18:00:SPV:6:hari_h\"}', '2026-05-13 09:32:49', NULL),
('notif-1778639569025-c7d859', 'tugas', 'Pengingat Tugas Hari Ini: PD', 'Hari Ini: Anda bertugas sebagai <b>PD</b> untuk <b>Tes Misa Besar Notif H-1 Tanggal 13 Start 11</b> pada hari Rabu, 13/05/2026 jam 21:00 WIB.', '/jadwal-tugas-streaming-admin.html', '{\"target_user_id\": \"6\", \"notification_kind\": \"task_reminder\", \"reminder\": \"hari_h\", \"reminder_label\": \"Hari Ini\", \"misa_type\": \"misa_besar\", \"misa_besar_id\": 14, \"misa_name\": \"Tes Misa Besar Notif H-1 Tanggal 13 Start 11\", \"role\": \"PD\", \"misa_date\": \"2026-05-13\", \"misa_time\": \"21:00\", \"dedupe_key\": \"task-reminder:besar:14:161:6:hari_h\"}', '2026-05-13 09:32:49', NULL),
('notif-1778639569027-bf77f6', 'tugas', 'Pengingat Tugas Hari Ini: Kamera', 'Hari Ini: Anda bertugas sebagai <b>Kamera</b> untuk <b>Tes Misa Besar Notif H-1 Tanggal 13 Start 11</b> pada hari Rabu, 13/05/2026 jam 21:00 WIB.', '/jadwal-tugas-misa-anggota.html', '{\"target_user_id\": \"21\", \"notification_kind\": \"task_reminder\", \"reminder\": \"hari_h\", \"reminder_label\": \"Hari Ini\", \"misa_type\": \"misa_besar\", \"misa_besar_id\": 14, \"misa_name\": \"Tes Misa Besar Notif H-1 Tanggal 13 Start 11\", \"role\": \"Kamera\", \"misa_date\": \"2026-05-13\", \"misa_time\": \"21:00\", \"dedupe_key\": \"task-reminder:besar:14:162:21:hari_h\"}', '2026-05-13 09:32:49', NULL);
INSERT INTO `notifications` (`id`, `type`, `title`, `body`, `url`, `data`, `created_at`, `target_role`) VALUES
('notif-1778639569042-39a858', 'tugas', 'Pengingat Tugas Hari Ini: Kamera', 'Hari Ini: Anda bertugas sebagai <b>Kamera</b> untuk <b>Tes Misa Besar Notif H-1 Tanggal 13 Start 11</b> pada hari Rabu, 13/05/2026 jam 21:00 WIB.', '/jadwal-tugas-misa-anggota.html', '{\"target_user_id\": \"53\", \"notification_kind\": \"task_reminder\", \"reminder\": \"hari_h\", \"reminder_label\": \"Hari Ini\", \"misa_type\": \"misa_besar\", \"misa_besar_id\": 14, \"misa_name\": \"Tes Misa Besar Notif H-1 Tanggal 13 Start 11\", \"role\": \"Kamera\", \"misa_date\": \"2026-05-13\", \"misa_time\": \"21:00\", \"dedupe_key\": \"task-reminder:besar:14:162:53:hari_h\"}', '2026-05-13 09:32:49', NULL),
('notif-1778640484128-9cf88c', 'tugas', 'Tugas Baru: Operator', 'Anda ditugaskan sebagai <b>Operator</b> untuk <b>Misa Harian</b> pada hari Jumat, 01/05/2026 jam 18:00 WIB.', '/jadwal-tugas-misa-anggota.html', '{\"target_user_id\": \"6\"}', '2026-05-13 09:48:04', NULL),
('notif-1778640484129-2865a2', 'tugas', 'Tugas Baru: Kameramen', 'Anda ditugaskan sebagai <b>Kameramen</b> untuk <b>Misa Harian</b> pada hari Jumat, 01/05/2026 jam 18:00 WIB.', '/jadwal-tugas-misa-anggota.html', '{\"target_user_id\": \"5\"}', '2026-05-13 09:48:04', NULL),
('notif-1778640484130-298e81', 'tugas', 'Tugas Baru: SPV', 'Anda ditugaskan sebagai <b>SPV</b> untuk <b>Misa Harian</b> pada hari Jumat, 01/05/2026 jam 18:00 WIB.', '/jadwal-tugas-misa-anggota.html', '{\"target_user_id\": \"53\"}', '2026-05-13 09:48:04', NULL),
('notif-1778640505181-7ee5be', 'tugas', 'Tugas Baru: Operator', 'Anda ditugaskan sebagai <b>Operator</b> untuk <b>Misa Mingguan</b> pada hari Sabtu, 02/05/2026 jam 18:00 WIB.', '/jadwal-tugas-misa-anggota.html', '{\"target_user_id\": \"49\"}', '2026-05-13 09:48:25', NULL),
('notif-1778640505182-ffdf86', 'tugas', 'Tugas Baru: Kameramen', 'Anda ditugaskan sebagai <b>Kameramen</b> untuk <b>Misa Mingguan</b> pada hari Sabtu, 02/05/2026 jam 18:00 WIB.', '/jadwal-tugas-misa-anggota.html', '{\"target_user_id\": \"6\"}', '2026-05-13 09:48:25', NULL),
('notif-1778640505183-12f5c4', 'tugas', 'Tugas Baru: SPV', 'Anda ditugaskan sebagai <b>SPV</b> untuk <b>Misa Mingguan</b> pada hari Sabtu, 02/05/2026 jam 18:00 WIB.', '/jadwal-tugas-misa-anggota.html', '{\"target_user_id\": \"17\"}', '2026-05-13 09:48:25', NULL),
('notif-1778640552515-5bb910', 'tugas', 'Tugas Baru: Operator', 'Anda ditugaskan sebagai <b>Operator</b> untuk <b>Misa Mingguan</b> pada hari Minggu, 03/05/2026 jam 07:30 WIB.', '/jadwal-tugas-misa-anggota.html', '{\"target_user_id\": \"69\"}', '2026-05-13 09:49:12', NULL),
('notif-1778640552516-15a35d', 'tugas', 'Tugas Baru: Kameramen', 'Anda ditugaskan sebagai <b>Kameramen</b> untuk <b>Misa Mingguan</b> pada hari Minggu, 03/05/2026 jam 07:30 WIB.', '/jadwal-tugas-misa-anggota.html', '{\"target_user_id\": \"66\"}', '2026-05-13 09:49:12', NULL),
('notif-1778640552516-f1fa4b', 'tugas', 'Tugas Baru: SPV', 'Anda ditugaskan sebagai <b>SPV</b> untuk <b>Misa Mingguan</b> pada hari Minggu, 03/05/2026 jam 07:30 WIB.', '/jadwal-tugas-misa-anggota.html', '{\"target_user_id\": \"65\"}', '2026-05-13 09:49:12', NULL),
('notif-1778640552517-5c435a', 'tugas', 'Tugas Baru: Operator', 'Anda ditugaskan sebagai <b>Operator</b> untuk <b>Misa Mingguan</b> pada hari Minggu, 03/05/2026 jam 10:00 WIB.', '/jadwal-tugas-misa-anggota.html', '{\"target_user_id\": \"69\"}', '2026-05-13 09:49:12', NULL),
('notif-1778640552518-0364e7', 'tugas', 'Tugas Baru: Kameramen', 'Anda ditugaskan sebagai <b>Kameramen</b> untuk <b>Misa Mingguan</b> pada hari Minggu, 03/05/2026 jam 10:00 WIB.', '/jadwal-tugas-misa-anggota.html', '{\"target_user_id\": \"73\"}', '2026-05-13 09:49:12', NULL),
('notif-1778640552518-36218d', 'tugas', 'Tugas Baru: SPV', 'Anda ditugaskan sebagai <b>SPV</b> untuk <b>Misa Mingguan</b> pada hari Minggu, 03/05/2026 jam 10:00 WIB.', '/jadwal-tugas-misa-anggota.html', '{\"target_user_id\": \"65\"}', '2026-05-13 09:49:12', NULL),
('notif-1778640552519-f88b35', 'tugas', 'Tugas Baru: Operator', 'Anda ditugaskan sebagai <b>Operator</b> untuk <b>Misa Mingguan</b> pada hari Minggu, 03/05/2026 jam 16:30 WIB.', '/jadwal-tugas-misa-anggota.html', '{\"target_user_id\": \"69\"}', '2026-05-13 09:49:12', NULL),
('notif-1778640552520-853490', 'tugas', 'Tugas Baru: Kameramen', 'Anda ditugaskan sebagai <b>Kameramen</b> untuk <b>Misa Mingguan</b> pada hari Minggu, 03/05/2026 jam 16:30 WIB.', '/jadwal-tugas-misa-anggota.html', '{\"target_user_id\": \"28\"}', '2026-05-13 09:49:12', NULL),
('notif-1778640552522-14241c', 'tugas', 'Tugas Baru: SPV', 'Anda ditugaskan sebagai <b>SPV</b> untuk <b>Misa Mingguan</b> pada hari Minggu, 03/05/2026 jam 16:30 WIB.', '/jadwal-tugas-misa-anggota.html', '{\"target_user_id\": \"65\"}', '2026-05-13 09:49:12', NULL),
('notif-1778640552523-c914d9', 'tugas', 'Tugas Baru: Kameramen', 'Anda ditugaskan sebagai <b>Kameramen</b> untuk <b>Misa Mingguan</b> pada hari Minggu, 03/05/2026 jam 18:30 WIB.', '/jadwal-tugas-misa-anggota.html', '{\"target_user_id\": \"37\"}', '2026-05-13 09:49:12', NULL),
('notif-1778640552523-f60aa9', 'tugas', 'Tugas Baru: Operator', 'Anda ditugaskan sebagai <b>Operator</b> untuk <b>Misa Mingguan</b> pada hari Minggu, 03/05/2026 jam 18:30 WIB.', '/jadwal-tugas-misa-anggota.html', '{\"target_user_id\": \"29\"}', '2026-05-13 09:49:12', NULL),
('notif-1778640552524-20ae2a', 'tugas', 'Tugas Baru: SPV', 'Anda ditugaskan sebagai <b>SPV</b> untuk <b>Misa Mingguan</b> pada hari Minggu, 03/05/2026 jam 18:30 WIB.', '/jadwal-tugas-misa-anggota.html', '{\"target_user_id\": \"6\"}', '2026-05-13 09:49:12', NULL),
('notif-1778640660285-8e102f', 'tugas', 'Tugas Baru: Operator', 'Anda ditugaskan sebagai <b>Operator</b> untuk <b>Misa Harian</b> pada hari Senin, 04/05/2026 jam 18:00 WIB.', '/jadwal-tugas-misa-anggota.html', '{\"target_user_id\": \"49\"}', '2026-05-13 09:51:00', NULL),
('notif-1778640660286-dbfb67', 'tugas', 'Tugas Baru: Kameramen', 'Anda ditugaskan sebagai <b>Kameramen</b> untuk <b>Misa Harian</b> pada hari Senin, 04/05/2026 jam 18:00 WIB.', '/jadwal-tugas-misa-anggota.html', '{\"target_user_id\": \"5\"}', '2026-05-13 09:51:00', NULL),
('notif-1778641006827-b6ba55', 'tugas', 'Tugas Baru: SPV', 'Anda ditugaskan sebagai <b>SPV</b> untuk <b>Misa Harian</b> pada hari Senin, 04/05/2026 jam 18:00 WIB.', '/jadwal-tugas-misa-anggota.html', '{\"target_user_id\": \"77\"}', '2026-05-13 09:56:46', NULL),
('notif-1778641006828-9229ab', 'tugas', 'Tugas Baru: Operator', 'Anda ditugaskan sebagai <b>Operator</b> untuk <b>Misa Harian</b> pada hari Selasa, 05/05/2026 jam 18:00 WIB.', '/jadwal-tugas-misa-anggota.html', '{\"target_user_id\": \"6\"}', '2026-05-13 09:56:46', NULL),
('notif-1778641006829-076678', 'tugas', 'Tugas Baru: Kameramen', 'Anda ditugaskan sebagai <b>Kameramen</b> untuk <b>Misa Harian</b> pada hari Selasa, 05/05/2026 jam 18:00 WIB.', '/jadwal-tugas-misa-anggota.html', '{\"target_user_id\": \"53\"}', '2026-05-13 09:56:46', NULL),
('notif-1778641006829-37f5fb', 'tugas', 'Tugas Baru: SPV', 'Anda ditugaskan sebagai <b>SPV</b> untuk <b>Misa Harian</b> pada hari Selasa, 05/05/2026 jam 18:00 WIB.', '/jadwal-tugas-misa-anggota.html', '{\"target_user_id\": \"3\"}', '2026-05-13 09:56:46', NULL),
('notif-1778641006830-76f722', 'tugas', 'Tugas Baru: Kameramen', 'Anda ditugaskan sebagai <b>Kameramen</b> untuk <b>Misa Harian</b> pada hari Rabu, 06/05/2026 jam 18:00 WIB.', '/jadwal-tugas-misa-anggota.html', '{\"target_user_id\": \"59\"}', '2026-05-13 09:56:46', NULL),
('notif-1778641006830-ad7446', 'tugas', 'Tugas Baru: Operator', 'Anda ditugaskan sebagai <b>Operator</b> untuk <b>Misa Harian</b> pada hari Rabu, 06/05/2026 jam 18:00 WIB.', '/jadwal-tugas-misa-anggota.html', '{\"target_user_id\": \"5\"}', '2026-05-13 09:56:46', NULL),
('notif-1778641006831-18aa4d', 'tugas', 'Tugas Baru: SPV', 'Anda ditugaskan sebagai <b>SPV</b> untuk <b>Misa Harian</b> pada hari Rabu, 06/05/2026 jam 18:00 WIB.', '/jadwal-tugas-misa-anggota.html', '{\"target_user_id\": \"25\"}', '2026-05-13 09:56:46', NULL),
('notif-1778641006832-abb326', 'tugas', 'Tugas Baru: Operator', 'Anda ditugaskan sebagai <b>Operator</b> untuk <b>Misa Harian</b> pada hari Kamis, 07/05/2026 jam 18:00 WIB.', '/jadwal-tugas-misa-anggota.html', '{\"target_user_id\": \"49\"}', '2026-05-13 09:56:46', NULL),
('notif-1778641006832-f64e63', 'tugas', 'Tugas Baru: Kameramen', 'Anda ditugaskan sebagai <b>Kameramen</b> untuk <b>Misa Harian</b> pada hari Kamis, 07/05/2026 jam 18:00 WIB.', '/jadwal-tugas-misa-anggota.html', '{\"target_user_id\": \"7\"}', '2026-05-13 09:56:46', NULL),
('notif-1778641006833-0e9cc4', 'tugas', 'Tugas Baru: Operator', 'Anda ditugaskan sebagai <b>Operator</b> untuk <b>Misa Harian</b> pada hari Jumat, 08/05/2026 jam 18:00 WIB.', '/jadwal-tugas-misa-anggota.html', '{\"target_user_id\": \"20\"}', '2026-05-13 09:56:46', NULL),
('notif-1778641006833-b25304', 'tugas', 'Tugas Baru: SPV', 'Anda ditugaskan sebagai <b>SPV</b> untuk <b>Misa Harian</b> pada hari Kamis, 07/05/2026 jam 18:00 WIB.', '/jadwal-tugas-misa-anggota.html', '{\"target_user_id\": \"22\"}', '2026-05-13 09:56:46', NULL),
('notif-1778641006834-019baa', 'tugas', 'Tugas Baru: Kameramen', 'Anda ditugaskan sebagai <b>Kameramen</b> untuk <b>Misa Harian</b> pada hari Jumat, 08/05/2026 jam 18:00 WIB.', '/jadwal-tugas-misa-anggota.html', '{\"target_user_id\": \"49\"}', '2026-05-13 09:56:46', NULL),
('notif-1778641006835-4d6fe7', 'tugas', 'Tugas Baru: Operator', 'Anda ditugaskan sebagai <b>Operator</b> untuk <b>Misa Mingguan</b> pada hari Sabtu, 09/05/2026 jam 18:00 WIB.', '/jadwal-tugas-misa-anggota.html', '{\"target_user_id\": \"49\"}', '2026-05-13 09:56:46', NULL),
('notif-1778641006835-53d800', 'tugas', 'Tugas Baru: SPV', 'Anda ditugaskan sebagai <b>SPV</b> untuk <b>Misa Harian</b> pada hari Jumat, 08/05/2026 jam 18:00 WIB.', '/jadwal-tugas-misa-anggota.html', '{\"target_user_id\": \"25\"}', '2026-05-13 09:56:46', NULL),
('notif-1778641006836-12c245', 'tugas', 'Tugas Baru: Kameramen', 'Anda ditugaskan sebagai <b>Kameramen</b> untuk <b>Misa Mingguan</b> pada hari Sabtu, 09/05/2026 jam 18:00 WIB.', '/jadwal-tugas-misa-anggota.html', '{\"target_user_id\": \"55\"}', '2026-05-13 09:56:46', NULL),
('notif-1778641006836-e2f10d', 'tugas', 'Tugas Baru: SPV', 'Anda ditugaskan sebagai <b>SPV</b> untuk <b>Misa Mingguan</b> pada hari Sabtu, 09/05/2026 jam 18:00 WIB.', '/jadwal-tugas-misa-anggota.html', '{\"target_user_id\": \"20\"}', '2026-05-13 09:56:46', NULL),
('notif-1778641006837-8e9c99', 'tugas', 'Tugas Baru: Operator', 'Anda ditugaskan sebagai <b>Operator</b> untuk <b>Misa Mingguan</b> pada hari Minggu, 10/05/2026 jam 07:30 WIB.', '/jadwal-tugas-misa-anggota.html', '{\"target_user_id\": \"70\"}', '2026-05-13 09:56:46', NULL),
('notif-1778641006838-731e39', 'tugas', 'Tugas Baru: Kameramen', 'Anda ditugaskan sebagai <b>Kameramen</b> untuk <b>Misa Mingguan</b> pada hari Minggu, 10/05/2026 jam 07:30 WIB.', '/jadwal-tugas-misa-anggota.html', '{\"target_user_id\": \"29\"}', '2026-05-13 09:56:46', NULL),
('notif-1778641006838-7adb21', 'tugas', 'Tugas Baru: SPV', 'Anda ditugaskan sebagai <b>SPV</b> untuk <b>Misa Mingguan</b> pada hari Minggu, 10/05/2026 jam 07:30 WIB.', '/jadwal-tugas-misa-anggota.html', '{\"target_user_id\": \"23\"}', '2026-05-13 09:56:46', NULL),
('notif-1778641006839-cccda4', 'tugas', 'Tugas Baru: Operator', 'Anda ditugaskan sebagai <b>Operator</b> untuk <b>Misa Mingguan</b> pada hari Minggu, 10/05/2026 jam 10:00 WIB.', '/jadwal-tugas-misa-anggota.html', '{\"target_user_id\": \"49\"}', '2026-05-13 09:56:46', NULL),
('notif-1778641006840-607fb9', 'tugas', 'Tugas Baru: SPV', 'Anda ditugaskan sebagai <b>SPV</b> untuk <b>Misa Mingguan</b> pada hari Minggu, 10/05/2026 jam 10:00 WIB.', '/jadwal-tugas-misa-anggota.html', '{\"target_user_id\": \"16\"}', '2026-05-13 09:56:46', NULL),
('notif-1778641006840-de9770', 'tugas', 'Tugas Baru: Kameramen', 'Anda ditugaskan sebagai <b>Kameramen</b> untuk <b>Misa Mingguan</b> pada hari Minggu, 10/05/2026 jam 10:00 WIB.', '/jadwal-tugas-misa-anggota.html', '{\"target_user_id\": \"66\"}', '2026-05-13 09:56:46', NULL),
('notif-1778641006841-0a40e1', 'tugas', 'Tugas Baru: Kameramen', 'Anda ditugaskan sebagai <b>Kameramen</b> untuk <b>Misa Mingguan</b> pada hari Minggu, 10/05/2026 jam 16:30 WIB.', '/jadwal-tugas-misa-anggota.html', '{\"target_user_id\": \"49\"}', '2026-05-13 09:56:46', NULL),
('notif-1778641006841-911425', 'tugas', 'Tugas Baru: Operator', 'Anda ditugaskan sebagai <b>Operator</b> untuk <b>Misa Mingguan</b> pada hari Minggu, 10/05/2026 jam 16:30 WIB.', '/jadwal-tugas-misa-anggota.html', '{\"target_user_id\": \"42\"}', '2026-05-13 09:56:46', NULL),
('notif-1778641006842-32841f', 'tugas', 'Tugas Baru: SPV', 'Anda ditugaskan sebagai <b>SPV</b> untuk <b>Misa Mingguan</b> pada hari Minggu, 10/05/2026 jam 16:30 WIB.', '/jadwal-tugas-misa-anggota.html', '{\"target_user_id\": \"28\"}', '2026-05-13 09:56:46', NULL),
('notif-1778641006843-64c33f', 'tugas', 'Tugas Baru: Operator', 'Anda ditugaskan sebagai <b>Operator</b> untuk <b>Misa Mingguan</b> pada hari Minggu, 10/05/2026 jam 18:30 WIB.', '/jadwal-tugas-misa-anggota.html', '{\"target_user_id\": \"61\"}', '2026-05-13 09:56:46', NULL),
('notif-1778641006843-9915d8', 'tugas', 'Tugas Baru: Kameramen', 'Anda ditugaskan sebagai <b>Kameramen</b> untuk <b>Misa Mingguan</b> pada hari Minggu, 10/05/2026 jam 18:30 WIB.', '/jadwal-tugas-misa-anggota.html', '{\"target_user_id\": \"49\"}', '2026-05-13 09:56:46', NULL),
('notif-1778641006844-e58a90', 'tugas', 'Tugas Baru: SPV', 'Anda ditugaskan sebagai <b>SPV</b> untuk <b>Misa Mingguan</b> pada hari Minggu, 10/05/2026 jam 18:30 WIB.', '/jadwal-tugas-misa-anggota.html', '{\"target_user_id\": \"6\"}', '2026-05-13 09:56:46', NULL),
('notif-1778641068735-ee2bc9', 'tugas', 'Tugas Baru: Operator', 'Anda ditugaskan sebagai <b>Operator</b> untuk <b>Misa Harian</b> pada hari Senin, 11/05/2026 jam 18:00 WIB.', '/jadwal-tugas-misa-anggota.html', '{\"target_user_id\": \"10\"}', '2026-05-13 09:57:48', NULL),
('notif-1778641068736-c4e153', 'tugas', 'Tugas Baru: Kameramen', 'Anda ditugaskan sebagai <b>Kameramen</b> untuk <b>Misa Harian</b> pada hari Senin, 11/05/2026 jam 18:00 WIB.', '/jadwal-tugas-misa-anggota.html', '{\"target_user_id\": \"7\"}', '2026-05-13 09:57:48', NULL),
('notif-1778641068736-c569d7', 'tugas', 'Tugas Baru: SPV', 'Anda ditugaskan sebagai <b>SPV</b> untuk <b>Misa Harian</b> pada hari Senin, 11/05/2026 jam 18:00 WIB.', '/jadwal-tugas-misa-anggota.html', '{\"target_user_id\": \"57\"}', '2026-05-13 09:57:48', NULL),
('notif-1778641068737-2807ae', 'tugas', 'Tugas Baru: Operator', 'Anda ditugaskan sebagai <b>Operator</b> untuk <b>Misa Harian</b> pada hari Selasa, 12/05/2026 jam 18:00 WIB.', '/jadwal-tugas-misa-anggota.html', '{\"target_user_id\": \"10\"}', '2026-05-13 09:57:48', NULL),
('notif-1778641068738-6387e8', 'tugas', 'Tugas Baru: Kameramen', 'Anda ditugaskan sebagai <b>Kameramen</b> untuk <b>Misa Harian</b> pada hari Selasa, 12/05/2026 jam 18:00 WIB.', '/jadwal-tugas-misa-anggota.html', '{\"target_user_id\": \"71\"}', '2026-05-13 09:57:48', NULL),
('notif-1778641068738-729e4d', 'tugas', 'Tugas Baru: SPV', 'Anda ditugaskan sebagai <b>SPV</b> untuk <b>Misa Harian</b> pada hari Selasa, 12/05/2026 jam 18:00 WIB.', '/jadwal-tugas-misa-anggota.html', '{\"target_user_id\": \"57\"}', '2026-05-13 09:57:48', NULL),
('notif-1778641134045-b69901', 'tugas', 'Tugas Baru: Operator', 'Anda ditugaskan sebagai <b>Operator</b> untuk <b>Misa Harian</b> pada hari Rabu, 13/05/2026 jam 18:00 WIB.', '/jadwal-tugas-misa-anggota.html', '{\"target_user_id\": \"49\"}', '2026-05-13 09:58:54', NULL),
('notif-1778641134046-cfc201', 'tugas', 'Tugas Baru: Kameramen', 'Anda ditugaskan sebagai <b>Kameramen</b> untuk <b>Misa Harian</b> pada hari Rabu, 13/05/2026 jam 18:00 WIB.', '/jadwal-tugas-misa-anggota.html', '{\"target_user_id\": \"22\"}', '2026-05-13 09:58:54', NULL),
('notif-1778641134047-bd66e8', 'tugas', 'Tugas Baru: SPV', 'Anda ditugaskan sebagai <b>SPV</b> untuk <b>Misa Harian</b> pada hari Rabu, 13/05/2026 jam 18:00 WIB.', '/jadwal-tugas-misa-anggota.html', '{\"target_user_id\": \"25\"}', '2026-05-13 09:58:54', NULL),
('notif-1778641134048-5e3e0d', 'tugas', 'Tugas Baru: Operator', 'Anda ditugaskan sebagai <b>Operator</b> untuk <b>Misa Harian</b> pada hari Kamis, 14/05/2026 jam 18:00 WIB.', '/jadwal-tugas-misa-anggota.html', '{\"target_user_id\": \"74\"}', '2026-05-13 09:58:54', NULL),
('notif-1778641134049-49122a', 'tugas', 'Tugas Baru: Kameramen', 'Anda ditugaskan sebagai <b>Kameramen</b> untuk <b>Misa Harian</b> pada hari Kamis, 14/05/2026 jam 18:00 WIB.', '/jadwal-tugas-misa-anggota.html', '{\"target_user_id\": \"67\"}', '2026-05-13 09:58:54', NULL),
('notif-1778641134049-5875c5', 'tugas', 'Tugas Baru: SPV', 'Anda ditugaskan sebagai <b>SPV</b> untuk <b>Misa Harian</b> pada hari Kamis, 14/05/2026 jam 18:00 WIB.', '/jadwal-tugas-misa-anggota.html', '{\"target_user_id\": \"20\"}', '2026-05-13 09:58:54', NULL),
('notif-1778641134050-44a89b', 'tugas', 'Tugas Baru: Operator', 'Anda ditugaskan sebagai <b>Operator</b> untuk <b>Misa Harian</b> pada hari Jumat, 15/05/2026 jam 18:00 WIB.', '/jadwal-tugas-misa-anggota.html', '{\"target_user_id\": \"21\"}', '2026-05-13 09:58:54', NULL),
('notif-1778641134051-983d51', 'tugas', 'Tugas Baru: Kameramen', 'Anda ditugaskan sebagai <b>Kameramen</b> untuk <b>Misa Harian</b> pada hari Jumat, 15/05/2026 jam 18:00 WIB.', '/jadwal-tugas-misa-anggota.html', '{\"target_user_id\": \"51\"}', '2026-05-13 09:58:54', NULL),
('notif-1778641134052-0716c5', 'tugas', 'Tugas Baru: SPV', 'Anda ditugaskan sebagai <b>SPV</b> untuk <b>Misa Harian</b> pada hari Jumat, 15/05/2026 jam 18:00 WIB.', '/jadwal-tugas-misa-anggota.html', '{\"target_user_id\": \"14\"}', '2026-05-13 09:58:54', NULL),
('notif-1778641134053-6716bb', 'tugas', 'Tugas Baru: Kameramen', 'Anda ditugaskan sebagai <b>Kameramen</b> untuk <b>Misa Mingguan</b> pada hari Sabtu, 16/05/2026 jam 18:00 WIB.', '/jadwal-tugas-misa-anggota.html', '{\"target_user_id\": \"72\"}', '2026-05-13 09:58:54', NULL),
('notif-1778641134053-dc3dc5', 'tugas', 'Tugas Baru: Operator', 'Anda ditugaskan sebagai <b>Operator</b> untuk <b>Misa Mingguan</b> pada hari Sabtu, 16/05/2026 jam 18:00 WIB.', '/jadwal-tugas-misa-anggota.html', '{\"target_user_id\": \"23\"}', '2026-05-13 09:58:54', NULL),
('notif-1778641134054-587ace', 'tugas', 'Tugas Baru: SPV', 'Anda ditugaskan sebagai <b>SPV</b> untuk <b>Misa Mingguan</b> pada hari Sabtu, 16/05/2026 jam 18:00 WIB.', '/jadwal-tugas-misa-anggota.html', '{\"target_user_id\": \"12\"}', '2026-05-13 09:58:54', NULL),
('notif-1778641139741-7f6f4f', 'tugas', 'Pengingat Tugas H-1: Operator', 'H-1: Anda bertugas sebagai <b>Operator</b> untuk <b>Misa Harian</b> pada hari Kamis, 14/05/2026 jam 18:00 WIB.', '/jadwal-tugas-misa-anggota.html', '{\"target_user_id\": \"74\", \"notification_kind\": \"task_reminder\", \"reminder\": \"h_1\", \"reminder_label\": \"H-1\", \"misa_type\": \"misa_biasa\", \"misa_name\": \"Misa Harian\", \"role\": \"Operator\", \"misa_date\": \"2026-05-14\", \"misa_time\": \"18:00\", \"dedupe_key\": \"task-reminder:biasa:2026-05-14:18:00:Operator:74:h_1\"}', '2026-05-13 09:58:59', NULL),
('notif-1778641139744-a8fa42', 'tugas', 'Pengingat Tugas H-1: Kameramen', 'H-1: Anda bertugas sebagai <b>Kameramen</b> untuk <b>Misa Harian</b> pada hari Kamis, 14/05/2026 jam 18:00 WIB.', '/jadwal-tugas-misa-anggota.html', '{\"target_user_id\": \"67\", \"notification_kind\": \"task_reminder\", \"reminder\": \"h_1\", \"reminder_label\": \"H-1\", \"misa_type\": \"misa_biasa\", \"misa_name\": \"Misa Harian\", \"role\": \"Kameramen\", \"misa_date\": \"2026-05-14\", \"misa_time\": \"18:00\", \"dedupe_key\": \"task-reminder:biasa:2026-05-14:18:00:Kameramen:67:h_1\"}', '2026-05-13 09:58:59', NULL),
('notif-1778641139747-f9b7c0', 'tugas', 'Pengingat Tugas H-1: SPV', 'H-1: Anda bertugas sebagai <b>SPV</b> untuk <b>Misa Harian</b> pada hari Kamis, 14/05/2026 jam 18:00 WIB.', '/jadwal-tugas-misa-anggota.html', '{\"target_user_id\": \"20\", \"notification_kind\": \"task_reminder\", \"reminder\": \"h_1\", \"reminder_label\": \"H-1\", \"misa_type\": \"misa_biasa\", \"misa_name\": \"Misa Harian\", \"role\": \"SPV\", \"misa_date\": \"2026-05-14\", \"misa_time\": \"18:00\", \"dedupe_key\": \"task-reminder:biasa:2026-05-14:18:00:SPV:20:h_1\"}', '2026-05-13 09:58:59', NULL),
('notif-1778641139750-858c1b', 'tugas', 'Pengingat Tugas Hari Ini: Operator', 'Hari Ini: Anda bertugas sebagai <b>Operator</b> untuk <b>Misa Harian</b> pada hari Rabu, 13/05/2026 jam 18:00 WIB.', '/jadwal-tugas-misa-anggota.html', '{\"target_user_id\": \"49\", \"notification_kind\": \"task_reminder\", \"reminder\": \"hari_h\", \"reminder_label\": \"Hari Ini\", \"misa_type\": \"misa_biasa\", \"misa_name\": \"Misa Harian\", \"role\": \"Operator\", \"misa_date\": \"2026-05-13\", \"misa_time\": \"18:00\", \"dedupe_key\": \"task-reminder:biasa:2026-05-13:18:00:Operator:49:hari_h\"}', '2026-05-13 09:58:59', NULL),
('notif-1778641139752-390363', 'tugas', 'Pengingat Tugas Hari Ini: Kameramen', 'Hari Ini: Anda bertugas sebagai <b>Kameramen</b> untuk <b>Misa Harian</b> pada hari Rabu, 13/05/2026 jam 18:00 WIB.', '/jadwal-tugas-misa-anggota.html', '{\"target_user_id\": \"22\", \"notification_kind\": \"task_reminder\", \"reminder\": \"hari_h\", \"reminder_label\": \"Hari Ini\", \"misa_type\": \"misa_biasa\", \"misa_name\": \"Misa Harian\", \"role\": \"Kameramen\", \"misa_date\": \"2026-05-13\", \"misa_time\": \"18:00\", \"dedupe_key\": \"task-reminder:biasa:2026-05-13:18:00:Kameramen:22:hari_h\"}', '2026-05-13 09:58:59', NULL),
('notif-1778641139756-a08a58', 'tugas', 'Pengingat Tugas Hari Ini: SPV', 'Hari Ini: Anda bertugas sebagai <b>SPV</b> untuk <b>Misa Harian</b> pada hari Rabu, 13/05/2026 jam 18:00 WIB.', '/jadwal-tugas-misa-anggota.html', '{\"target_user_id\": \"25\", \"notification_kind\": \"task_reminder\", \"reminder\": \"hari_h\", \"reminder_label\": \"Hari Ini\", \"misa_type\": \"misa_biasa\", \"misa_name\": \"Misa Harian\", \"role\": \"SPV\", \"misa_date\": \"2026-05-13\", \"misa_time\": \"18:00\", \"dedupe_key\": \"task-reminder:biasa:2026-05-13:18:00:SPV:25:hari_h\"}', '2026-05-13 09:58:59', NULL),
('notif-1778641259063-2239eb', 'tugas', 'Tugas Baru: Operator', 'Anda ditugaskan sebagai <b>Operator</b> untuk <b>Misa Mingguan</b> pada hari Minggu, 17/05/2026 jam 07:30 WIB.', '/jadwal-tugas-misa-anggota.html', '{\"target_user_id\": \"70\"}', '2026-05-13 10:00:59', NULL),
('notif-1778641259064-eb9868', 'tugas', 'Tugas Baru: Kameramen', 'Anda ditugaskan sebagai <b>Kameramen</b> untuk <b>Misa Mingguan</b> pada hari Minggu, 17/05/2026 jam 07:30 WIB.', '/jadwal-tugas-misa-anggota.html', '{\"target_user_id\": \"29\"}', '2026-05-13 10:00:59', NULL),
('notif-1778641259065-67037d', 'tugas', 'Tugas Baru: SPV', 'Anda ditugaskan sebagai <b>SPV</b> untuk <b>Misa Mingguan</b> pada hari Minggu, 17/05/2026 jam 07:30 WIB.', '/jadwal-tugas-misa-anggota.html', '{\"target_user_id\": \"23\"}', '2026-05-13 10:00:59', NULL),
('notif-1778641259066-9ac97d', 'tugas', 'Tugas Baru: Operator', 'Anda ditugaskan sebagai <b>Operator</b> untuk <b>Misa Mingguan</b> pada hari Minggu, 17/05/2026 jam 10:00 WIB.', '/jadwal-tugas-misa-anggota.html', '{\"target_user_id\": \"68\"}', '2026-05-13 10:00:59', NULL),
('notif-1778641259067-76382c', 'tugas', 'Tugas Baru: Kameramen', 'Anda ditugaskan sebagai <b>Kameramen</b> untuk <b>Misa Mingguan</b> pada hari Minggu, 17/05/2026 jam 10:00 WIB.', '/jadwal-tugas-misa-anggota.html', '{\"target_user_id\": \"61\"}', '2026-05-13 10:00:59', NULL),
('notif-1778641259068-e3e287', 'tugas', 'Tugas Baru: SPV', 'Anda ditugaskan sebagai <b>SPV</b> untuk <b>Misa Mingguan</b> pada hari Minggu, 17/05/2026 jam 10:00 WIB.', '/jadwal-tugas-misa-anggota.html', '{\"target_user_id\": \"73\"}', '2026-05-13 10:00:59', NULL),
('notif-1778641259069-a3a3a9', 'tugas', 'Tugas Baru: Operator', 'Anda ditugaskan sebagai <b>Operator</b> untuk <b>Misa Mingguan</b> pada hari Minggu, 17/05/2026 jam 16:30 WIB.', '/jadwal-tugas-misa-anggota.html', '{\"target_user_id\": \"58\"}', '2026-05-13 10:00:59', NULL),
('notif-1778641259070-02577e', 'tugas', 'Tugas Baru: SPV', 'Anda ditugaskan sebagai <b>SPV</b> untuk <b>Misa Mingguan</b> pada hari Minggu, 17/05/2026 jam 16:30 WIB.', '/jadwal-tugas-misa-anggota.html', '{\"target_user_id\": \"8\"}', '2026-05-13 10:00:59', NULL),
('notif-1778641259070-19f2eb', 'tugas', 'Tugas Baru: Kameramen', 'Anda ditugaskan sebagai <b>Kameramen</b> untuk <b>Misa Mingguan</b> pada hari Minggu, 17/05/2026 jam 16:30 WIB.', '/jadwal-tugas-misa-anggota.html', '{\"target_user_id\": \"72\"}', '2026-05-13 10:00:59', NULL),
('notif-1778641259071-278d20', 'tugas', 'Tugas Baru: Operator', 'Anda ditugaskan sebagai <b>Operator</b> untuk <b>Misa Mingguan</b> pada hari Minggu, 17/05/2026 jam 18:30 WIB.', '/jadwal-tugas-misa-anggota.html', '{\"target_user_id\": \"16\"}', '2026-05-13 10:00:59', NULL),
('notif-1778641259072-f5dfdf', 'tugas', 'Tugas Baru: Kameramen', 'Anda ditugaskan sebagai <b>Kameramen</b> untuk <b>Misa Mingguan</b> pada hari Minggu, 17/05/2026 jam 18:30 WIB.', '/jadwal-tugas-misa-anggota.html', '{\"target_user_id\": \"51\"}', '2026-05-13 10:00:59', NULL),
('notif-1778641259073-3e24e9', 'tugas', 'Tugas Baru: SPV', 'Anda ditugaskan sebagai <b>SPV</b> untuk <b>Misa Mingguan</b> pada hari Minggu, 17/05/2026 jam 18:30 WIB.', '/jadwal-tugas-misa-anggota.html', '{\"target_user_id\": \"14\"}', '2026-05-13 10:00:59', NULL),
('notif-1778641259074-2bbddc', 'tugas', 'Tugas Baru: Operator', 'Anda ditugaskan sebagai <b>Operator</b> untuk <b>Misa Harian</b> pada hari Senin, 18/05/2026 jam 18:00 WIB.', '/jadwal-tugas-misa-anggota.html', '{\"target_user_id\": \"59\"}', '2026-05-13 10:00:59', NULL),
('notif-1778641259075-ce4de6', 'tugas', 'Tugas Baru: Kameramen', 'Anda ditugaskan sebagai <b>Kameramen</b> untuk <b>Misa Harian</b> pada hari Senin, 18/05/2026 jam 18:00 WIB.', '/jadwal-tugas-misa-anggota.html', '{\"target_user_id\": \"5\"}', '2026-05-13 10:00:59', NULL),
('notif-1778641259076-54af25', 'tugas', 'Tugas Baru: SPV', 'Anda ditugaskan sebagai <b>SPV</b> untuk <b>Misa Harian</b> pada hari Senin, 18/05/2026 jam 18:00 WIB.', '/jadwal-tugas-misa-anggota.html', '{\"target_user_id\": \"35\"}', '2026-05-13 10:00:59', NULL),
('notif-1778641559467-95422f', 'tugas', 'Tugas Baru: Operator', 'Anda ditugaskan sebagai <b>Operator</b> untuk <b>Misa Harian</b> pada hari Selasa, 19/05/2026 jam 18:00 WIB.', '/jadwal-tugas-misa-anggota.html', '{\"target_user_id\": \"45\"}', '2026-05-13 10:05:59', NULL),
('notif-1778641559468-b695ce', 'tugas', 'Tugas Baru: Kameramen', 'Anda ditugaskan sebagai <b>Kameramen</b> untuk <b>Misa Harian</b> pada hari Selasa, 19/05/2026 jam 18:00 WIB.', '/jadwal-tugas-misa-anggota.html', '{\"target_user_id\": \"49\"}', '2026-05-13 10:05:59', NULL),
('notif-1778641559469-c8199f', 'tugas', 'Tugas Baru: SPV', 'Anda ditugaskan sebagai <b>SPV</b> untuk <b>Misa Harian</b> pada hari Selasa, 19/05/2026 jam 18:00 WIB.', '/jadwal-tugas-misa-anggota.html', '{\"target_user_id\": \"22\"}', '2026-05-13 10:05:59', NULL),
('notif-1778641559470-b2fd72', 'tugas', 'Tugas Baru: Operator', 'Anda ditugaskan sebagai <b>Operator</b> untuk <b>Misa Harian</b> pada hari Rabu, 20/05/2026 jam 18:00 WIB.', '/jadwal-tugas-misa-anggota.html', '{\"target_user_id\": \"74\"}', '2026-05-13 10:05:59', NULL),
('notif-1778641559471-788d03', 'tugas', 'Tugas Baru: SPV', 'Anda ditugaskan sebagai <b>SPV</b> untuk <b>Misa Harian</b> pada hari Rabu, 20/05/2026 jam 18:00 WIB.', '/jadwal-tugas-misa-anggota.html', '{\"target_user_id\": \"7\"}', '2026-05-13 10:05:59', NULL),
('notif-1778641559471-a818b1', 'tugas', 'Tugas Baru: Kameramen', 'Anda ditugaskan sebagai <b>Kameramen</b> untuk <b>Misa Harian</b> pada hari Rabu, 20/05/2026 jam 18:00 WIB.', '/jadwal-tugas-misa-anggota.html', '{\"target_user_id\": \"67\"}', '2026-05-13 10:05:59', NULL),
('notif-1778641559472-8bedd7', 'tugas', 'Tugas Baru: Operator', 'Anda ditugaskan sebagai <b>Operator</b> untuk <b>Misa Harian</b> pada hari Kamis, 21/05/2026 jam 18:00 WIB.', '/jadwal-tugas-misa-anggota.html', '{\"target_user_id\": \"53\"}', '2026-05-13 10:05:59', NULL),
('notif-1778641559473-669134', 'tugas', 'Tugas Baru: Kameramen', 'Anda ditugaskan sebagai <b>Kameramen</b> untuk <b>Misa Harian</b> pada hari Kamis, 21/05/2026 jam 18:00 WIB.', '/jadwal-tugas-misa-anggota.html', '{\"target_user_id\": \"68\"}', '2026-05-13 10:05:59', NULL),
('notif-1778641559474-23088c', 'tugas', 'Tugas Baru: SPV', 'Anda ditugaskan sebagai <b>SPV</b> untuk <b>Misa Harian</b> pada hari Kamis, 21/05/2026 jam 18:00 WIB.', '/jadwal-tugas-misa-anggota.html', '{\"target_user_id\": \"3\"}', '2026-05-13 10:05:59', NULL),
('notif-1778641559475-8c8e53', 'tugas', 'Tugas Baru: Operator', 'Anda ditugaskan sebagai <b>Operator</b> untuk <b>Misa Harian</b> pada hari Jumat, 22/05/2026 jam 18:00 WIB.', '/jadwal-tugas-misa-anggota.html', '{\"target_user_id\": \"54\"}', '2026-05-13 10:05:59', NULL),
('notif-1778641559476-1a7eee', 'tugas', 'Tugas Baru: Kameramen', 'Anda ditugaskan sebagai <b>Kameramen</b> untuk <b>Misa Harian</b> pada hari Jumat, 22/05/2026 jam 18:00 WIB.', '/jadwal-tugas-misa-anggota.html', '{\"target_user_id\": \"51\"}', '2026-05-13 10:05:59', NULL),
('notif-1778641559476-de9306', 'tugas', 'Tugas Baru: SPV', 'Anda ditugaskan sebagai <b>SPV</b> untuk <b>Misa Harian</b> pada hari Jumat, 22/05/2026 jam 18:00 WIB.', '/jadwal-tugas-misa-anggota.html', '{\"target_user_id\": \"40\"}', '2026-05-13 10:05:59', NULL),
('notif-1778641559477-64de04', 'tugas', 'Tugas Baru: Operator', 'Anda ditugaskan sebagai <b>Operator</b> untuk <b>Misa Mingguan</b> pada hari Sabtu, 23/05/2026 jam 18:00 WIB.', '/jadwal-tugas-misa-anggota.html', '{\"target_user_id\": \"12\"}', '2026-05-13 10:05:59', NULL),
('notif-1778641559478-5a93cc', 'tugas', 'Tugas Baru: Kameramen', 'Anda ditugaskan sebagai <b>Kameramen</b> untuk <b>Misa Mingguan</b> pada hari Sabtu, 23/05/2026 jam 18:00 WIB.', '/jadwal-tugas-misa-anggota.html', '{\"target_user_id\": \"59\"}', '2026-05-13 10:05:59', NULL),
('notif-1778641559479-219438', 'tugas', 'Tugas Baru: SPV', 'Anda ditugaskan sebagai <b>SPV</b> untuk <b>Misa Mingguan</b> pada hari Sabtu, 23/05/2026 jam 18:00 WIB.', '/jadwal-tugas-misa-anggota.html', '{\"target_user_id\": \"14\"}', '2026-05-13 10:05:59', NULL),
('notif-1778641559480-15e827', 'tugas', 'Tugas Baru: Operator', 'Anda ditugaskan sebagai <b>Operator</b> untuk <b>Misa Mingguan</b> pada hari Minggu, 24/05/2026 jam 07:30 WIB.', '/jadwal-tugas-misa-anggota.html', '{\"target_user_id\": \"37\"}', '2026-05-13 10:05:59', NULL),
('notif-1778641559480-4039e3', 'tugas', 'Tugas Baru: Kameramen', 'Anda ditugaskan sebagai <b>Kameramen</b> untuk <b>Misa Mingguan</b> pada hari Minggu, 24/05/2026 jam 07:30 WIB.', '/jadwal-tugas-misa-anggota.html', '{\"target_user_id\": \"29\"}', '2026-05-13 10:05:59', NULL),
('notif-1778641559482-05fbc1', 'tugas', 'Tugas Baru: Operator', 'Anda ditugaskan sebagai <b>Operator</b> untuk <b>Misa Mingguan</b> pada hari Minggu, 24/05/2026 jam 10:00 WIB.', '/jadwal-tugas-misa-anggota.html', '{\"target_user_id\": \"49\"}', '2026-05-13 10:05:59', NULL),
('notif-1778641559482-dc8013', 'tugas', 'Tugas Baru: Kameramen', 'Anda ditugaskan sebagai <b>Kameramen</b> untuk <b>Misa Mingguan</b> pada hari Minggu, 24/05/2026 jam 10:00 WIB.', '/jadwal-tugas-misa-anggota.html', '{\"target_user_id\": \"61\"}', '2026-05-13 10:05:59', NULL),
('notif-1778641559483-b54688', 'tugas', 'Tugas Baru: SPV', 'Anda ditugaskan sebagai <b>SPV</b> untuk <b>Misa Mingguan</b> pada hari Minggu, 24/05/2026 jam 10:00 WIB.', '/jadwal-tugas-misa-anggota.html', '{\"target_user_id\": \"16\"}', '2026-05-13 10:05:59', NULL),
('notif-1778641559484-252258', 'tugas', 'Tugas Baru: Operator', 'Anda ditugaskan sebagai <b>Operator</b> untuk <b>Misa Mingguan</b> pada hari Minggu, 24/05/2026 jam 16:30 WIB.', '/jadwal-tugas-misa-anggota.html', '{\"target_user_id\": \"58\"}', '2026-05-13 10:05:59', NULL),
('notif-1778641559485-c30142', 'tugas', 'Tugas Baru: Kameramen', 'Anda ditugaskan sebagai <b>Kameramen</b> untuk <b>Misa Mingguan</b> pada hari Minggu, 24/05/2026 jam 16:30 WIB.', '/jadwal-tugas-misa-anggota.html', '{\"target_user_id\": \"71\"}', '2026-05-13 10:05:59', NULL),
('notif-1778641559485-ed2fd2', 'tugas', 'Tugas Baru: SPV', 'Anda ditugaskan sebagai <b>SPV</b> untuk <b>Misa Mingguan</b> pada hari Minggu, 24/05/2026 jam 16:30 WIB.', '/jadwal-tugas-misa-anggota.html', '{\"target_user_id\": \"45\"}', '2026-05-13 10:05:59', NULL),
('notif-1778641559486-404469', 'tugas', 'Tugas Baru: Operator', 'Anda ditugaskan sebagai <b>Operator</b> untuk <b>Misa Mingguan</b> pada hari Minggu, 24/05/2026 jam 18:30 WIB.', '/jadwal-tugas-misa-anggota.html', '{\"target_user_id\": \"8\"}', '2026-05-13 10:05:59', NULL),
('notif-1778641559487-bedb7a', 'tugas', 'Tugas Baru: Kameramen', 'Anda ditugaskan sebagai <b>Kameramen</b> untuk <b>Misa Mingguan</b> pada hari Minggu, 24/05/2026 jam 18:30 WIB.', '/jadwal-tugas-misa-anggota.html', '{\"target_user_id\": \"13\"}', '2026-05-13 10:05:59', NULL),
('notif-1778641559488-80f62d', 'tugas', 'Tugas Baru: Operator', 'Anda ditugaskan sebagai <b>Operator</b> untuk <b>Misa Harian</b> pada hari Senin, 25/05/2026 jam 18:00 WIB.', '/jadwal-tugas-misa-anggota.html', '{\"target_user_id\": \"49\"}', '2026-05-13 10:05:59', NULL),
('notif-1778641559489-2c3634', 'tugas', 'Tugas Baru: Kameramen', 'Anda ditugaskan sebagai <b>Kameramen</b> untuk <b>Misa Harian</b> pada hari Senin, 25/05/2026 jam 18:00 WIB.', '/jadwal-tugas-misa-anggota.html', '{\"target_user_id\": \"5\"}', '2026-05-13 10:05:59', NULL),
('notif-1778641559490-413c6b', 'tugas', 'Tugas Baru: SPV', 'Anda ditugaskan sebagai <b>SPV</b> untuk <b>Misa Harian</b> pada hari Senin, 25/05/2026 jam 18:00 WIB.', '/jadwal-tugas-misa-anggota.html', '{\"target_user_id\": \"21\"}', '2026-05-13 10:05:59', NULL),
('notif-1778641559490-63a3e7', 'tugas', 'Tugas Baru: Operator', 'Anda ditugaskan sebagai <b>Operator</b> untuk <b>Misa Harian</b> pada hari Selasa, 26/05/2026 jam 18:00 WIB.', '/jadwal-tugas-misa-anggota.html', '{\"target_user_id\": \"21\"}', '2026-05-13 10:05:59', NULL),
('notif-1778641559491-9f826d', 'tugas', 'Tugas Baru: Kameramen', 'Anda ditugaskan sebagai <b>Kameramen</b> untuk <b>Misa Harian</b> pada hari Selasa, 26/05/2026 jam 18:00 WIB.', '/jadwal-tugas-misa-anggota.html', '{\"target_user_id\": \"40\"}', '2026-05-13 10:05:59', NULL),
('notif-1778641559492-126eb9', 'tugas', 'Tugas Baru: SPV', 'Anda ditugaskan sebagai <b>SPV</b> untuk <b>Misa Harian</b> pada hari Selasa, 26/05/2026 jam 18:00 WIB.', '/jadwal-tugas-misa-anggota.html', '{\"target_user_id\": \"35\"}', '2026-05-13 10:05:59', NULL),
('notif-1778641559493-0fcb79', 'tugas', 'Tugas Baru: Kameramen', 'Anda ditugaskan sebagai <b>Kameramen</b> untuk <b>Misa Harian</b> pada hari Rabu, 27/05/2026 jam 18:00 WIB.', '/jadwal-tugas-misa-anggota.html', '{\"target_user_id\": \"67\"}', '2026-05-13 10:05:59', NULL),
('notif-1778641559493-b0572b', 'tugas', 'Tugas Baru: Operator', 'Anda ditugaskan sebagai <b>Operator</b> untuk <b>Misa Harian</b> pada hari Rabu, 27/05/2026 jam 18:00 WIB.', '/jadwal-tugas-misa-anggota.html', '{\"target_user_id\": \"10\"}', '2026-05-13 10:05:59', NULL),
('notif-1778641559494-f05681', 'tugas', 'Tugas Baru: SPV', 'Anda ditugaskan sebagai <b>SPV</b> untuk <b>Misa Harian</b> pada hari Rabu, 27/05/2026 jam 18:00 WIB.', '/jadwal-tugas-misa-anggota.html', '{\"target_user_id\": \"74\"}', '2026-05-13 10:05:59', NULL),
('notif-1778641559495-2003d3', 'tugas', 'Tugas Baru: Operator', 'Anda ditugaskan sebagai <b>Operator</b> untuk <b>Misa Harian</b> pada hari Kamis, 28/05/2026 jam 18:00 WIB.', '/jadwal-tugas-misa-anggota.html', '{\"target_user_id\": \"54\"}', '2026-05-13 10:05:59', NULL),
('notif-1778641559496-542fef', 'tugas', 'Tugas Baru: SPV', 'Anda ditugaskan sebagai <b>SPV</b> untuk <b>Misa Harian</b> pada hari Kamis, 28/05/2026 jam 18:00 WIB.', '/jadwal-tugas-misa-anggota.html', '{\"target_user_id\": \"30\"}', '2026-05-13 10:05:59', NULL),
('notif-1778641559497-243e4a', 'tugas', 'Tugas Baru: Kameramen', 'Anda ditugaskan sebagai <b>Kameramen</b> untuk <b>Misa Harian</b> pada hari Jumat, 29/05/2026 jam 18:00 WIB.', '/jadwal-tugas-misa-anggota.html', '{\"target_user_id\": \"30\"}', '2026-05-13 10:05:59', NULL),
('notif-1778641559498-b0ecd3', 'tugas', 'Tugas Baru: Operator', 'Anda ditugaskan sebagai <b>Operator</b> untuk <b>Misa Mingguan</b> pada hari Sabtu, 30/05/2026 jam 18:00 WIB.', '/jadwal-tugas-misa-anggota.html', '{\"target_user_id\": \"49\"}', '2026-05-13 10:05:59', NULL),
('notif-1778641559500-ec05d5', 'tugas', 'Tugas Baru: Operator', 'Anda ditugaskan sebagai <b>Operator</b> untuk <b>Misa Mingguan</b> pada hari Minggu, 31/05/2026 jam 07:30 WIB.', '/jadwal-tugas-misa-anggota.html', '{\"target_user_id\": \"29\"}', '2026-05-13 10:05:59', NULL),
('notif-1778641559501-9d4ee6', 'tugas', 'Tugas Baru: Kameramen', 'Anda ditugaskan sebagai <b>Kameramen</b> untuk <b>Misa Mingguan</b> pada hari Minggu, 31/05/2026 jam 07:30 WIB.', '/jadwal-tugas-misa-anggota.html', '{\"target_user_id\": \"37\"}', '2026-05-13 10:05:59', NULL),
('notif-1778641559501-a7b03c', 'tugas', 'Tugas Baru: SPV', 'Anda ditugaskan sebagai <b>SPV</b> untuk <b>Misa Mingguan</b> pada hari Minggu, 31/05/2026 jam 07:30 WIB.', '/jadwal-tugas-misa-anggota.html', '{\"target_user_id\": \"49\"}', '2026-05-13 10:05:59', NULL),
('notif-1778641559502-2af158', 'tugas', 'Tugas Baru: Operator', 'Anda ditugaskan sebagai <b>Operator</b> untuk <b>Misa Mingguan</b> pada hari Minggu, 31/05/2026 jam 10:00 WIB.', '/jadwal-tugas-misa-anggota.html', '{\"target_user_id\": \"61\"}', '2026-05-13 10:05:59', NULL),
('notif-1778641559503-92f71d', 'tugas', 'Tugas Baru: Kameramen', 'Anda ditugaskan sebagai <b>Kameramen</b> untuk <b>Misa Mingguan</b> pada hari Minggu, 31/05/2026 jam 10:00 WIB.', '/jadwal-tugas-misa-anggota.html', '{\"target_user_id\": \"73\"}', '2026-05-13 10:05:59', NULL),
('notif-1778641559504-9d55cc', 'tugas', 'Tugas Baru: SPV', 'Anda ditugaskan sebagai <b>SPV</b> untuk <b>Misa Mingguan</b> pada hari Minggu, 31/05/2026 jam 10:00 WIB.', '/jadwal-tugas-misa-anggota.html', '{\"target_user_id\": \"47\"}', '2026-05-13 10:05:59', NULL),
('notif-1778641559505-0d1273', 'tugas', 'Tugas Baru: Operator', 'Anda ditugaskan sebagai <b>Operator</b> untuk <b>Misa Mingguan</b> pada hari Minggu, 31/05/2026 jam 16:30 WIB.', '/jadwal-tugas-misa-anggota.html', '{\"target_user_id\": \"45\"}', '2026-05-13 10:05:59', NULL),
('notif-1778641559506-fd232b', 'tugas', 'Tugas Baru: Kameramen', 'Anda ditugaskan sebagai <b>Kameramen</b> untuk <b>Misa Mingguan</b> pada hari Minggu, 31/05/2026 jam 16:30 WIB.', '/jadwal-tugas-misa-anggota.html', '{\"target_user_id\": \"58\"}', '2026-05-13 10:05:59', NULL),
('notif-1778641559507-83b440', 'tugas', 'Tugas Baru: Operator', 'Anda ditugaskan sebagai <b>Operator</b> untuk <b>Misa Mingguan</b> pada hari Minggu, 31/05/2026 jam 18:30 WIB.', '/jadwal-tugas-misa-anggota.html', '{\"target_user_id\": \"49\"}', '2026-05-13 10:05:59', NULL),
('notif-1778641559507-ed3cbb', 'tugas', 'Tugas Baru: SPV', 'Anda ditugaskan sebagai <b>SPV</b> untuk <b>Misa Mingguan</b> pada hari Minggu, 31/05/2026 jam 16:30 WIB.', '/jadwal-tugas-misa-anggota.html', '{\"target_user_id\": \"49\"}', '2026-05-13 10:05:59', NULL),
('notif-1778644510671-c758c4', 'tugas', 'Tugas Baru: Kameramen', 'Anda ditugaskan sebagai <b>Kameramen</b> untuk <b>Misa Mingguan</b> pada hari Minggu, 31/05/2026 jam 18:30 WIB.', '/jadwal-tugas-misa-anggota.html', '{\"target_user_id\": \"78\"}', '2026-05-13 10:55:10', NULL),
('notif-1778653205563-32fe49', 'tugas', 'Pengingat target tugas bulan ini', 'Target tugas Misa Biasa bulan <b>Mei 2026</b> belum terpenuhi. Saat ini Anda memiliki <b>0</b> tugas dari target minimum <b>2</b>; masih kurang <b>2</b> tugas. Silakan mengambil/request jadwal yang masih kosong.', '/request-tugas-anggota.html', '{\"target_user_id\": \"36\", \"notification_kind\": \"monthly_task_requirement\", \"period_year\": 2026, \"period_month\": 5, \"target_minimum\": 2, \"current_total\": 0, \"shortage\": 2, \"dedupe_key\": \"monthly-monitoring:2026-05:36:daily_current:2026-05-13:target2\"}', '2026-05-13 13:20:05', 'user'),
('notif-1778653205568-88f2ef', 'tugas', 'Pengingat target tugas bulan ini', 'Target tugas Misa Biasa bulan <b>Mei 2026</b> belum terpenuhi. Saat ini Anda memiliki <b>0</b> tugas dari target minimum <b>2</b>; masih kurang <b>2</b> tugas. Silakan mengambil/request jadwal yang masih kosong.', '/request-tugas-anggota.html', '{\"target_user_id\": \"60\", \"notification_kind\": \"monthly_task_requirement\", \"period_year\": 2026, \"period_month\": 5, \"target_minimum\": 2, \"current_total\": 0, \"shortage\": 2, \"dedupe_key\": \"monthly-monitoring:2026-05:60:daily_current:2026-05-13:target2\"}', '2026-05-13 13:20:05', 'user'),
('notif-1778653205571-c5eb97', 'tugas', 'Pengingat target tugas bulan ini', 'Target tugas Misa Biasa bulan <b>Mei 2026</b> belum terpenuhi. Saat ini Anda memiliki <b>0</b> tugas dari target minimum <b>2</b>; masih kurang <b>2</b> tugas. Silakan mengambil/request jadwal yang masih kosong.', '/request-tugas-anggota.html', '{\"target_user_id\": \"24\", \"notification_kind\": \"monthly_task_requirement\", \"period_year\": 2026, \"period_month\": 5, \"target_minimum\": 2, \"current_total\": 0, \"shortage\": 2, \"dedupe_key\": \"monthly-monitoring:2026-05:24:daily_current:2026-05-13:target2\"}', '2026-05-13 13:20:05', 'user'),
('notif-1778653205574-4b81fa', 'tugas', 'Pengingat target tugas bulan ini', 'Target tugas Misa Biasa bulan <b>Mei 2026</b> belum terpenuhi. Saat ini Anda memiliki <b>0</b> tugas dari target minimum <b>2</b>; masih kurang <b>2</b> tugas. Silakan mengambil/request jadwal yang masih kosong.', '/request-tugas-anggota.html', '{\"target_user_id\": \"75\", \"notification_kind\": \"monthly_task_requirement\", \"period_year\": 2026, \"period_month\": 5, \"target_minimum\": 2, \"current_total\": 0, \"shortage\": 2, \"dedupe_key\": \"monthly-monitoring:2026-05:75:daily_current:2026-05-13:target2\"}', '2026-05-13 13:20:05', 'user'),
('notif-1778653205576-0411dc', 'tugas', 'Pengingat target tugas bulan ini', 'Target tugas Misa Biasa bulan <b>Mei 2026</b> belum terpenuhi. Saat ini Anda memiliki <b>0</b> tugas dari target minimum <b>2</b>; masih kurang <b>2</b> tugas. Silakan mengambil/request jadwal yang masih kosong.', '/request-tugas-anggota.html', '{\"target_user_id\": \"26\", \"notification_kind\": \"monthly_task_requirement\", \"period_year\": 2026, \"period_month\": 5, \"target_minimum\": 2, \"current_total\": 0, \"shortage\": 2, \"dedupe_key\": \"monthly-monitoring:2026-05:26:daily_current:2026-05-13:target2\"}', '2026-05-13 13:20:05', 'user'),
('notif-1778653205578-9c9ca6', 'tugas', 'Pengingat target tugas bulan ini', 'Target tugas Misa Biasa bulan <b>Mei 2026</b> belum terpenuhi. Saat ini Anda memiliki <b>0</b> tugas dari target minimum <b>2</b>; masih kurang <b>2</b> tugas. Silakan mengambil/request jadwal yang masih kosong.', '/request-tugas-anggota.html', '{\"target_user_id\": \"27\", \"notification_kind\": \"monthly_task_requirement\", \"period_year\": 2026, \"period_month\": 5, \"target_minimum\": 2, \"current_total\": 0, \"shortage\": 2, \"dedupe_key\": \"monthly-monitoring:2026-05:27:daily_current:2026-05-13:target2\"}', '2026-05-13 13:20:05', 'user'),
('notif-1778653205580-2efca9', 'tugas', 'Pengingat target tugas bulan ini', 'Target tugas Misa Biasa bulan <b>Mei 2026</b> belum terpenuhi. Saat ini Anda memiliki <b>1</b> tugas dari target minimum <b>2</b>; masih kurang <b>1</b> tugas. Silakan mengambil/request jadwal yang masih kosong.', '/request-tugas-anggota.html', '{\"target_user_id\": \"77\", \"notification_kind\": \"monthly_task_requirement\", \"period_year\": 2026, \"period_month\": 5, \"target_minimum\": 2, \"current_total\": 1, \"shortage\": 1, \"dedupe_key\": \"monthly-monitoring:2026-05:77:daily_current:2026-05-13:target2\"}', '2026-05-13 13:20:05', 'user'),
('notif-1778653205581-73e7a7', 'tugas', 'Pengingat target tugas bulan ini', 'Target tugas Misa Biasa bulan <b>Mei 2026</b> belum terpenuhi. Saat ini Anda memiliki <b>1</b> tugas dari target minimum <b>2</b>; masih kurang <b>1</b> tugas. Silakan mengambil/request jadwal yang masih kosong.', '/request-tugas-anggota.html', '{\"target_user_id\": \"55\", \"notification_kind\": \"monthly_task_requirement\", \"period_year\": 2026, \"period_month\": 5, \"target_minimum\": 2, \"current_total\": 1, \"shortage\": 1, \"dedupe_key\": \"monthly-monitoring:2026-05:55:daily_current:2026-05-13:target2\"}', '2026-05-13 13:20:05', 'user'),
('notif-1778653205583-335338', 'tugas', 'Pengingat target tugas bulan ini', 'Target tugas Misa Biasa bulan <b>Mei 2026</b> belum terpenuhi. Saat ini Anda memiliki <b>0</b> tugas dari target minimum <b>2</b>; masih kurang <b>2</b> tugas. Silakan mengambil/request jadwal yang masih kosong.', '/request-tugas-anggota.html', '{\"target_user_id\": \"34\", \"notification_kind\": \"monthly_task_requirement\", \"period_year\": 2026, \"period_month\": 5, \"target_minimum\": 2, \"current_total\": 0, \"shortage\": 2, \"dedupe_key\": \"monthly-monitoring:2026-05:34:daily_current:2026-05-13:target2\"}', '2026-05-13 13:20:05', 'user'),
('notif-1778653205585-7cc889', 'tugas', 'Pengingat target tugas bulan ini', 'Target tugas Misa Biasa bulan <b>Mei 2026</b> belum terpenuhi. Saat ini Anda memiliki <b>0</b> tugas dari target minimum <b>2</b>; masih kurang <b>2</b> tugas. Silakan mengambil/request jadwal yang masih kosong.', '/request-tugas-anggota.html', '{\"target_user_id\": \"31\", \"notification_kind\": \"monthly_task_requirement\", \"period_year\": 2026, \"period_month\": 5, \"target_minimum\": 2, \"current_total\": 0, \"shortage\": 2, \"dedupe_key\": \"monthly-monitoring:2026-05:31:daily_current:2026-05-13:target2\"}', '2026-05-13 13:20:05', 'user'),
('notif-1778653205586-882055', 'tugas', 'Pengingat target tugas bulan ini', 'Target tugas Misa Biasa bulan <b>Mei 2026</b> belum terpenuhi. Saat ini Anda memiliki <b>0</b> tugas dari target minimum <b>2</b>; masih kurang <b>2</b> tugas. Silakan mengambil/request jadwal yang masih kosong.', '/request-tugas-anggota.html', '{\"target_user_id\": \"32\", \"notification_kind\": \"monthly_task_requirement\", \"period_year\": 2026, \"period_month\": 5, \"target_minimum\": 2, \"current_total\": 0, \"shortage\": 2, \"dedupe_key\": \"monthly-monitoring:2026-05:32:daily_current:2026-05-13:target2\"}', '2026-05-13 13:20:05', 'user'),
('notif-1778653205588-0b78df', 'tugas', 'Pengingat target tugas bulan ini', 'Target tugas Misa Biasa bulan <b>Mei 2026</b> belum terpenuhi. Saat ini Anda memiliki <b>0</b> tugas dari target minimum <b>2</b>; masih kurang <b>2</b> tugas. Silakan mengambil/request jadwal yang masih kosong.', '/request-tugas-anggota.html', '{\"target_user_id\": \"38\", \"notification_kind\": \"monthly_task_requirement\", \"period_year\": 2026, \"period_month\": 5, \"target_minimum\": 2, \"current_total\": 0, \"shortage\": 2, \"dedupe_key\": \"monthly-monitoring:2026-05:38:daily_current:2026-05-13:target2\"}', '2026-05-13 13:20:05', 'user'),
('notif-1778653205590-39372f', 'tugas', 'Pengingat target tugas bulan ini', 'Target tugas Misa Biasa bulan <b>Mei 2026</b> belum terpenuhi. Saat ini Anda memiliki <b>0</b> tugas dari target minimum <b>2</b>; masih kurang <b>2</b> tugas. Silakan mengambil/request jadwal yang masih kosong.', '/request-tugas-anggota.html', '{\"target_user_id\": \"39\", \"notification_kind\": \"monthly_task_requirement\", \"period_year\": 2026, \"period_month\": 5, \"target_minimum\": 2, \"current_total\": 0, \"shortage\": 2, \"dedupe_key\": \"monthly-monitoring:2026-05:39:daily_current:2026-05-13:target2\"}', '2026-05-13 13:20:05', 'user'),
('notif-1778653205592-d05831', 'tugas', 'Pengingat target tugas bulan ini', 'Target tugas Misa Biasa bulan <b>Mei 2026</b> belum terpenuhi. Saat ini Anda memiliki <b>0</b> tugas dari target minimum <b>2</b>; masih kurang <b>2</b> tugas. Silakan mengambil/request jadwal yang masih kosong.', '/request-tugas-anggota.html', '{\"target_user_id\": \"41\", \"notification_kind\": \"monthly_task_requirement\", \"period_year\": 2026, \"period_month\": 5, \"target_minimum\": 2, \"current_total\": 0, \"shortage\": 2, \"dedupe_key\": \"monthly-monitoring:2026-05:41:daily_current:2026-05-13:target2\"}', '2026-05-13 13:20:05', 'user'),
('notif-1778653205594-cc0853', 'tugas', 'Pengingat target tugas bulan ini', 'Target tugas Misa Biasa bulan <b>Mei 2026</b> belum terpenuhi. Saat ini Anda memiliki <b>1</b> tugas dari target minimum <b>2</b>; masih kurang <b>1</b> tugas. Silakan mengambil/request jadwal yang masih kosong.', '/request-tugas-anggota.html', '{\"target_user_id\": \"42\", \"notification_kind\": \"monthly_task_requirement\", \"period_year\": 2026, \"period_month\": 5, \"target_minimum\": 2, \"current_total\": 1, \"shortage\": 1, \"dedupe_key\": \"monthly-monitoring:2026-05:42:daily_current:2026-05-13:target2\"}', '2026-05-13 13:20:05', 'user'),
('notif-1778653205597-772762', 'tugas', 'Pengingat target tugas bulan ini', 'Target tugas Misa Biasa bulan <b>Mei 2026</b> belum terpenuhi. Saat ini Anda memiliki <b>1</b> tugas dari target minimum <b>2</b>; masih kurang <b>1</b> tugas. Silakan mengambil/request jadwal yang masih kosong.', '/jadwal-tugas-streaming-admin.html', '{\"target_user_id\": \"17\", \"notification_kind\": \"monthly_task_requirement\", \"period_year\": 2026, \"period_month\": 5, \"target_minimum\": 2, \"current_total\": 1, \"shortage\": 1, \"dedupe_key\": \"monthly-monitoring:2026-05:17:daily_current:2026-05-13:target2\"}', '2026-05-13 13:20:05', 'admin');
INSERT INTO `notifications` (`id`, `type`, `title`, `body`, `url`, `data`, `created_at`, `target_role`) VALUES
('notif-1778653205600-243bad', 'tugas', 'Pengingat target tugas bulan ini', 'Target tugas Misa Biasa bulan <b>Mei 2026</b> belum terpenuhi. Saat ini Anda memiliki <b>0</b> tugas dari target minimum <b>2</b>; masih kurang <b>2</b> tugas. Silakan mengambil/request jadwal yang masih kosong.', '/request-tugas-anggota.html', '{\"target_user_id\": \"43\", \"notification_kind\": \"monthly_task_requirement\", \"period_year\": 2026, \"period_month\": 5, \"target_minimum\": 2, \"current_total\": 0, \"shortage\": 2, \"dedupe_key\": \"monthly-monitoring:2026-05:43:daily_current:2026-05-13:target2\"}', '2026-05-13 13:20:05', 'user'),
('notif-1778653205603-a16edb', 'tugas', 'Pengingat target tugas bulan ini', 'Target tugas Misa Biasa bulan <b>Mei 2026</b> belum terpenuhi. Saat ini Anda memiliki <b>0</b> tugas dari target minimum <b>2</b>; masih kurang <b>2</b> tugas. Silakan mengambil/request jadwal yang masih kosong.', '/request-tugas-anggota.html', '{\"target_user_id\": \"44\", \"notification_kind\": \"monthly_task_requirement\", \"period_year\": 2026, \"period_month\": 5, \"target_minimum\": 2, \"current_total\": 0, \"shortage\": 2, \"dedupe_key\": \"monthly-monitoring:2026-05:44:daily_current:2026-05-13:target2\"}', '2026-05-13 13:20:05', 'user'),
('notif-1778653205605-6f38f2', 'tugas', 'Pengingat target tugas bulan ini', 'Target tugas Misa Biasa bulan <b>Mei 2026</b> belum terpenuhi. Saat ini Anda memiliki <b>0</b> tugas dari target minimum <b>2</b>; masih kurang <b>2</b> tugas. Silakan mengambil/request jadwal yang masih kosong.', '/request-tugas-anggota.html', '{\"target_user_id\": \"56\", \"notification_kind\": \"monthly_task_requirement\", \"period_year\": 2026, \"period_month\": 5, \"target_minimum\": 2, \"current_total\": 0, \"shortage\": 2, \"dedupe_key\": \"monthly-monitoring:2026-05:56:daily_current:2026-05-13:target2\"}', '2026-05-13 13:20:05', 'user'),
('notif-1778653205607-eabac6', 'tugas', 'Pengingat target tugas bulan ini', 'Target tugas Misa Biasa bulan <b>Mei 2026</b> belum terpenuhi. Saat ini Anda memiliki <b>0</b> tugas dari target minimum <b>2</b>; masih kurang <b>2</b> tugas. Silakan mengambil/request jadwal yang masih kosong.', '/jadwal-tugas-streaming-admin.html', '{\"target_user_id\": \"4\", \"notification_kind\": \"monthly_task_requirement\", \"period_year\": 2026, \"period_month\": 5, \"target_minimum\": 2, \"current_total\": 0, \"shortage\": 2, \"dedupe_key\": \"monthly-monitoring:2026-05:4:daily_current:2026-05-13:target2\"}', '2026-05-13 13:20:05', 'admin'),
('notif-1778653205608-4d3666', 'tugas', 'Pengingat target tugas bulan ini', 'Target tugas Misa Biasa bulan <b>Mei 2026</b> belum terpenuhi. Saat ini Anda memiliki <b>0</b> tugas dari target minimum <b>2</b>; masih kurang <b>2</b> tugas. Silakan mengambil/request jadwal yang masih kosong.', '/request-tugas-anggota.html', '{\"target_user_id\": \"11\", \"notification_kind\": \"monthly_task_requirement\", \"period_year\": 2026, \"period_month\": 5, \"target_minimum\": 2, \"current_total\": 0, \"shortage\": 2, \"dedupe_key\": \"monthly-monitoring:2026-05:11:daily_current:2026-05-13:target2\"}', '2026-05-13 13:20:05', 'user'),
('notif-1778653205610-799165', 'tugas', 'Pengingat target tugas bulan ini', 'Target tugas Misa Biasa bulan <b>Mei 2026</b> belum terpenuhi. Saat ini Anda memiliki <b>0</b> tugas dari target minimum <b>2</b>; masih kurang <b>2</b> tugas. Silakan mengambil/request jadwal yang masih kosong.', '/request-tugas-anggota.html', '{\"target_user_id\": \"46\", \"notification_kind\": \"monthly_task_requirement\", \"period_year\": 2026, \"period_month\": 5, \"target_minimum\": 2, \"current_total\": 0, \"shortage\": 2, \"dedupe_key\": \"monthly-monitoring:2026-05:46:daily_current:2026-05-13:target2\"}', '2026-05-13 13:20:05', 'user'),
('notif-1778653205611-b71360', 'tugas', 'Pengingat target tugas bulan ini', 'Target tugas Misa Biasa bulan <b>Mei 2026</b> belum terpenuhi. Saat ini Anda memiliki <b>1</b> tugas dari target minimum <b>2</b>; masih kurang <b>1</b> tugas. Silakan mengambil/request jadwal yang masih kosong.', '/request-tugas-anggota.html', '{\"target_user_id\": \"47\", \"notification_kind\": \"monthly_task_requirement\", \"period_year\": 2026, \"period_month\": 5, \"target_minimum\": 2, \"current_total\": 1, \"shortage\": 1, \"dedupe_key\": \"monthly-monitoring:2026-05:47:daily_current:2026-05-13:target2\"}', '2026-05-13 13:20:05', 'user'),
('notif-1778653205613-524042', 'tugas', 'Pengingat target tugas bulan ini', 'Target tugas Misa Biasa bulan <b>Mei 2026</b> belum terpenuhi. Saat ini Anda memiliki <b>0</b> tugas dari target minimum <b>2</b>; masih kurang <b>2</b> tugas. Silakan mengambil/request jadwal yang masih kosong.', '/request-tugas-anggota.html', '{\"target_user_id\": \"48\", \"notification_kind\": \"monthly_task_requirement\", \"period_year\": 2026, \"period_month\": 5, \"target_minimum\": 2, \"current_total\": 0, \"shortage\": 2, \"dedupe_key\": \"monthly-monitoring:2026-05:48:daily_current:2026-05-13:target2\"}', '2026-05-13 13:20:05', 'user'),
('notif-1778653205617-0b9ebe', 'tugas', 'Pengingat target tugas bulan ini', 'Target tugas Misa Biasa bulan <b>Mei 2026</b> belum terpenuhi. Saat ini Anda memiliki <b>1</b> tugas dari target minimum <b>2</b>; masih kurang <b>1</b> tugas. Silakan mengambil/request jadwal yang masih kosong.', '/request-tugas-anggota.html', '{\"target_user_id\": \"13\", \"notification_kind\": \"monthly_task_requirement\", \"period_year\": 2026, \"period_month\": 5, \"target_minimum\": 2, \"current_total\": 1, \"shortage\": 1, \"dedupe_key\": \"monthly-monitoring:2026-05:13:daily_current:2026-05-13:target2\"}', '2026-05-13 13:20:05', 'user'),
('notif-1778653205619-4262ac', 'tugas', 'Pengingat target tugas bulan ini', 'Target tugas Misa Biasa bulan <b>Mei 2026</b> belum terpenuhi. Saat ini Anda memiliki <b>0</b> tugas dari target minimum <b>2</b>; masih kurang <b>2</b> tugas. Silakan mengambil/request jadwal yang masih kosong.', '/request-tugas-anggota.html', '{\"target_user_id\": \"15\", \"notification_kind\": \"monthly_task_requirement\", \"period_year\": 2026, \"period_month\": 5, \"target_minimum\": 2, \"current_total\": 0, \"shortage\": 2, \"dedupe_key\": \"monthly-monitoring:2026-05:15:daily_current:2026-05-13:target2\"}', '2026-05-13 13:20:05', 'user'),
('notif-1778653205621-baf868', 'tugas', 'Pengingat target tugas bulan ini', 'Target tugas Misa Biasa bulan <b>Mei 2026</b> belum terpenuhi. Saat ini Anda memiliki <b>0</b> tugas dari target minimum <b>2</b>; masih kurang <b>2</b> tugas. Silakan mengambil/request jadwal yang masih kosong.', '/request-tugas-anggota.html', '{\"target_user_id\": \"18\", \"notification_kind\": \"monthly_task_requirement\", \"period_year\": 2026, \"period_month\": 5, \"target_minimum\": 2, \"current_total\": 0, \"shortage\": 2, \"dedupe_key\": \"monthly-monitoring:2026-05:18:daily_current:2026-05-13:target2\"}', '2026-05-13 13:20:05', 'user'),
('notif-1778653383771-5d78de', 'tugas', 'Pengingat target tugas bulan ini', 'Target tugas Misa Biasa bulan <b>Mei 2026</b> belum terpenuhi. Saat ini Anda memiliki <b>0</b> tugas dari target minimum <b>3</b>; masih kurang <b>3</b> tugas. Silakan mengambil/request jadwal yang masih kosong.', '/request-tugas-anggota.html', '{\"target_user_id\": \"36\", \"notification_kind\": \"monthly_task_requirement\", \"period_year\": 2026, \"period_month\": 5, \"target_minimum\": 3, \"current_total\": 0, \"shortage\": 3, \"dedupe_key\": \"monthly-monitoring:2026-05:36:daily_current:2026-05-13:target3\"}', '2026-05-13 13:23:03', 'user'),
('notif-1778653383774-f1b997', 'tugas', 'Pengingat target tugas bulan ini', 'Target tugas Misa Biasa bulan <b>Mei 2026</b> belum terpenuhi. Saat ini Anda memiliki <b>2</b> tugas dari target minimum <b>3</b>; masih kurang <b>1</b> tugas. Silakan mengambil/request jadwal yang masih kosong.', '/request-tugas-anggota.html', '{\"target_user_id\": \"72\", \"notification_kind\": \"monthly_task_requirement\", \"period_year\": 2026, \"period_month\": 5, \"target_minimum\": 3, \"current_total\": 2, \"shortage\": 1, \"dedupe_key\": \"monthly-monitoring:2026-05:72:daily_current:2026-05-13:target3\"}', '2026-05-13 13:23:03', 'user'),
('notif-1778653383777-2f5889', 'tugas', 'Pengingat target tugas bulan ini', 'Target tugas Misa Biasa bulan <b>Mei 2026</b> belum terpenuhi. Saat ini Anda memiliki <b>0</b> tugas dari target minimum <b>3</b>; masih kurang <b>3</b> tugas. Silakan mengambil/request jadwal yang masih kosong.', '/request-tugas-anggota.html', '{\"target_user_id\": \"60\", \"notification_kind\": \"monthly_task_requirement\", \"period_year\": 2026, \"period_month\": 5, \"target_minimum\": 3, \"current_total\": 0, \"shortage\": 3, \"dedupe_key\": \"monthly-monitoring:2026-05:60:daily_current:2026-05-13:target3\"}', '2026-05-13 13:23:03', 'user'),
('notif-1778653383779-bd096b', 'tugas', 'Pengingat target tugas bulan ini', 'Target tugas Misa Biasa bulan <b>Mei 2026</b> belum terpenuhi. Saat ini Anda memiliki <b>0</b> tugas dari target minimum <b>3</b>; masih kurang <b>3</b> tugas. Silakan mengambil/request jadwal yang masih kosong.', '/request-tugas-anggota.html', '{\"target_user_id\": \"24\", \"notification_kind\": \"monthly_task_requirement\", \"period_year\": 2026, \"period_month\": 5, \"target_minimum\": 3, \"current_total\": 0, \"shortage\": 3, \"dedupe_key\": \"monthly-monitoring:2026-05:24:daily_current:2026-05-13:target3\"}', '2026-05-13 13:23:03', 'user'),
('notif-1778653383782-383706', 'tugas', 'Pengingat target tugas bulan ini', 'Target tugas Misa Biasa bulan <b>Mei 2026</b> belum terpenuhi. Saat ini Anda memiliki <b>0</b> tugas dari target minimum <b>3</b>; masih kurang <b>3</b> tugas. Silakan mengambil/request jadwal yang masih kosong.', '/request-tugas-anggota.html', '{\"target_user_id\": \"75\", \"notification_kind\": \"monthly_task_requirement\", \"period_year\": 2026, \"period_month\": 5, \"target_minimum\": 3, \"current_total\": 0, \"shortage\": 3, \"dedupe_key\": \"monthly-monitoring:2026-05:75:daily_current:2026-05-13:target3\"}', '2026-05-13 13:23:03', 'user'),
('notif-1778653383785-07f13a', 'tugas', 'Pengingat target tugas bulan ini', 'Target tugas Misa Biasa bulan <b>Mei 2026</b> belum terpenuhi. Saat ini Anda memiliki <b>2</b> tugas dari target minimum <b>3</b>; masih kurang <b>1</b> tugas. Silakan mengambil/request jadwal yang masih kosong.', '/request-tugas-anggota.html', '{\"target_user_id\": \"35\", \"notification_kind\": \"monthly_task_requirement\", \"period_year\": 2026, \"period_month\": 5, \"target_minimum\": 3, \"current_total\": 2, \"shortage\": 1, \"dedupe_key\": \"monthly-monitoring:2026-05:35:daily_current:2026-05-13:target3\"}', '2026-05-13 13:23:03', 'user'),
('notif-1778653383788-14199b', 'tugas', 'Pengingat target tugas bulan ini', 'Target tugas Misa Biasa bulan <b>Mei 2026</b> belum terpenuhi. Saat ini Anda memiliki <b>2</b> tugas dari target minimum <b>3</b>; masih kurang <b>1</b> tugas. Silakan mengambil/request jadwal yang masih kosong.', '/jadwal-tugas-streaming-admin.html', '{\"target_user_id\": \"3\", \"notification_kind\": \"monthly_task_requirement\", \"period_year\": 2026, \"period_month\": 5, \"target_minimum\": 3, \"current_total\": 2, \"shortage\": 1, \"dedupe_key\": \"monthly-monitoring:2026-05:3:daily_current:2026-05-13:target3\"}', '2026-05-13 13:23:03', 'admin'),
('notif-1778653383792-ee6834', 'tugas', 'Pengingat target tugas bulan ini', 'Target tugas Misa Biasa bulan <b>Mei 2026</b> belum terpenuhi. Saat ini Anda memiliki <b>0</b> tugas dari target minimum <b>3</b>; masih kurang <b>3</b> tugas. Silakan mengambil/request jadwal yang masih kosong.', '/request-tugas-anggota.html', '{\"target_user_id\": \"26\", \"notification_kind\": \"monthly_task_requirement\", \"period_year\": 2026, \"period_month\": 5, \"target_minimum\": 3, \"current_total\": 0, \"shortage\": 3, \"dedupe_key\": \"monthly-monitoring:2026-05:26:daily_current:2026-05-13:target3\"}', '2026-05-13 13:23:03', 'user'),
('notif-1778653383796-b0acc8', 'tugas', 'Pengingat target tugas bulan ini', 'Target tugas Misa Biasa bulan <b>Mei 2026</b> belum terpenuhi. Saat ini Anda memiliki <b>2</b> tugas dari target minimum <b>3</b>; masih kurang <b>1</b> tugas. Silakan mengambil/request jadwal yang masih kosong.', '/jadwal-tugas-streaming-admin.html', '{\"target_user_id\": \"8\", \"notification_kind\": \"monthly_task_requirement\", \"period_year\": 2026, \"period_month\": 5, \"target_minimum\": 3, \"current_total\": 2, \"shortage\": 1, \"dedupe_key\": \"monthly-monitoring:2026-05:8:daily_current:2026-05-13:target3\"}', '2026-05-13 13:23:03', 'admin'),
('notif-1778653383800-bf6a2a', 'tugas', 'Pengingat target tugas bulan ini', 'Target tugas Misa Biasa bulan <b>Mei 2026</b> belum terpenuhi. Saat ini Anda memiliki <b>2</b> tugas dari target minimum <b>3</b>; masih kurang <b>1</b> tugas. Silakan mengambil/request jadwal yang masih kosong.', '/request-tugas-anggota.html', '{\"target_user_id\": \"68\", \"notification_kind\": \"monthly_task_requirement\", \"period_year\": 2026, \"period_month\": 5, \"target_minimum\": 3, \"current_total\": 2, \"shortage\": 1, \"dedupe_key\": \"monthly-monitoring:2026-05:68:daily_current:2026-05-13:target3\"}', '2026-05-13 13:23:03', 'user'),
('notif-1778653383802-91ec32', 'tugas', 'Pengingat target tugas bulan ini', 'Target tugas Misa Biasa bulan <b>Mei 2026</b> belum terpenuhi. Saat ini Anda memiliki <b>2</b> tugas dari target minimum <b>3</b>; masih kurang <b>1</b> tugas. Silakan mengambil/request jadwal yang masih kosong.', '/request-tugas-anggota.html', '{\"target_user_id\": \"66\", \"notification_kind\": \"monthly_task_requirement\", \"period_year\": 2026, \"period_month\": 5, \"target_minimum\": 3, \"current_total\": 2, \"shortage\": 1, \"dedupe_key\": \"monthly-monitoring:2026-05:66:daily_current:2026-05-13:target3\"}', '2026-05-13 13:23:03', 'user'),
('notif-1778653383805-2d75c6', 'tugas', 'Pengingat target tugas bulan ini', 'Target tugas Misa Biasa bulan <b>Mei 2026</b> belum terpenuhi. Saat ini Anda memiliki <b>0</b> tugas dari target minimum <b>3</b>; masih kurang <b>3</b> tugas. Silakan mengambil/request jadwal yang masih kosong.', '/request-tugas-anggota.html', '{\"target_user_id\": \"27\", \"notification_kind\": \"monthly_task_requirement\", \"period_year\": 2026, \"period_month\": 5, \"target_minimum\": 3, \"current_total\": 0, \"shortage\": 3, \"dedupe_key\": \"monthly-monitoring:2026-05:27:daily_current:2026-05-13:target3\"}', '2026-05-13 13:23:03', 'user'),
('notif-1778653383808-0829ce', 'tugas', 'Pengingat target tugas bulan ini', 'Target tugas Misa Biasa bulan <b>Mei 2026</b> belum terpenuhi. Saat ini Anda memiliki <b>2</b> tugas dari target minimum <b>3</b>; masih kurang <b>1</b> tugas. Silakan mengambil/request jadwal yang masih kosong.', '/request-tugas-anggota.html', '{\"target_user_id\": \"28\", \"notification_kind\": \"monthly_task_requirement\", \"period_year\": 2026, \"period_month\": 5, \"target_minimum\": 3, \"current_total\": 2, \"shortage\": 1, \"dedupe_key\": \"monthly-monitoring:2026-05:28:daily_current:2026-05-13:target3\"}', '2026-05-13 13:23:03', 'user'),
('notif-1778653383811-b102e8', 'tugas', 'Pengingat target tugas bulan ini', 'Target tugas Misa Biasa bulan <b>Mei 2026</b> belum terpenuhi. Saat ini Anda memiliki <b>1</b> tugas dari target minimum <b>3</b>; masih kurang <b>2</b> tugas. Silakan mengambil/request jadwal yang masih kosong.', '/request-tugas-anggota.html', '{\"target_user_id\": \"77\", \"notification_kind\": \"monthly_task_requirement\", \"period_year\": 2026, \"period_month\": 5, \"target_minimum\": 3, \"current_total\": 1, \"shortage\": 2, \"dedupe_key\": \"monthly-monitoring:2026-05:77:daily_current:2026-05-13:target3\"}', '2026-05-13 13:23:03', 'user'),
('notif-1778653383814-d55643', 'tugas', 'Pengingat target tugas bulan ini', 'Target tugas Misa Biasa bulan <b>Mei 2026</b> belum terpenuhi. Saat ini Anda memiliki <b>1</b> tugas dari target minimum <b>3</b>; masih kurang <b>2</b> tugas. Silakan mengambil/request jadwal yang masih kosong.', '/request-tugas-anggota.html', '{\"target_user_id\": \"55\", \"notification_kind\": \"monthly_task_requirement\", \"period_year\": 2026, \"period_month\": 5, \"target_minimum\": 3, \"current_total\": 1, \"shortage\": 2, \"dedupe_key\": \"monthly-monitoring:2026-05:55:daily_current:2026-05-13:target3\"}', '2026-05-13 13:23:03', 'user'),
('notif-1778653383818-9f44ea', 'tugas', 'Pengingat target tugas bulan ini', 'Target tugas Misa Biasa bulan <b>Mei 2026</b> belum terpenuhi. Saat ini Anda memiliki <b>2</b> tugas dari target minimum <b>3</b>; masih kurang <b>1</b> tugas. Silakan mengambil/request jadwal yang masih kosong.', '/request-tugas-anggota.html', '{\"target_user_id\": \"30\", \"notification_kind\": \"monthly_task_requirement\", \"period_year\": 2026, \"period_month\": 5, \"target_minimum\": 3, \"current_total\": 2, \"shortage\": 1, \"dedupe_key\": \"monthly-monitoring:2026-05:30:daily_current:2026-05-13:target3\"}', '2026-05-13 13:23:03', 'user'),
('notif-1778653383820-88d89b', 'tugas', 'Pengingat target tugas bulan ini', 'Target tugas Misa Biasa bulan <b>Mei 2026</b> belum terpenuhi. Saat ini Anda memiliki <b>0</b> tugas dari target minimum <b>3</b>; masih kurang <b>3</b> tugas. Silakan mengambil/request jadwal yang masih kosong.', '/request-tugas-anggota.html', '{\"target_user_id\": \"34\", \"notification_kind\": \"monthly_task_requirement\", \"period_year\": 2026, \"period_month\": 5, \"target_minimum\": 3, \"current_total\": 0, \"shortage\": 3, \"dedupe_key\": \"monthly-monitoring:2026-05:34:daily_current:2026-05-13:target3\"}', '2026-05-13 13:23:03', 'user'),
('notif-1778653383823-e51445', 'tugas', 'Pengingat target tugas bulan ini', 'Target tugas Misa Biasa bulan <b>Mei 2026</b> belum terpenuhi. Saat ini Anda memiliki <b>2</b> tugas dari target minimum <b>3</b>; masih kurang <b>1</b> tugas. Silakan mengambil/request jadwal yang masih kosong.', '/request-tugas-anggota.html', '{\"target_user_id\": \"70\", \"notification_kind\": \"monthly_task_requirement\", \"period_year\": 2026, \"period_month\": 5, \"target_minimum\": 3, \"current_total\": 2, \"shortage\": 1, \"dedupe_key\": \"monthly-monitoring:2026-05:70:daily_current:2026-05-13:target3\"}', '2026-05-13 13:23:03', 'user'),
('notif-1778653383827-8ad8d5', 'tugas', 'Pengingat target tugas bulan ini', 'Target tugas Misa Biasa bulan <b>Mei 2026</b> belum terpenuhi. Saat ini Anda memiliki <b>0</b> tugas dari target minimum <b>3</b>; masih kurang <b>3</b> tugas. Silakan mengambil/request jadwal yang masih kosong.', '/request-tugas-anggota.html', '{\"target_user_id\": \"31\", \"notification_kind\": \"monthly_task_requirement\", \"period_year\": 2026, \"period_month\": 5, \"target_minimum\": 3, \"current_total\": 0, \"shortage\": 3, \"dedupe_key\": \"monthly-monitoring:2026-05:31:daily_current:2026-05-13:target3\"}', '2026-05-13 13:23:03', 'user'),
('notif-1778653383834-59e9ad', 'tugas', 'Pengingat target tugas bulan ini', 'Target tugas Misa Biasa bulan <b>Mei 2026</b> belum terpenuhi. Saat ini Anda memiliki <b>0</b> tugas dari target minimum <b>3</b>; masih kurang <b>3</b> tugas. Silakan mengambil/request jadwal yang masih kosong.', '/request-tugas-anggota.html', '{\"target_user_id\": \"32\", \"notification_kind\": \"monthly_task_requirement\", \"period_year\": 2026, \"period_month\": 5, \"target_minimum\": 3, \"current_total\": 0, \"shortage\": 3, \"dedupe_key\": \"monthly-monitoring:2026-05:32:daily_current:2026-05-13:target3\"}', '2026-05-13 13:23:03', 'user'),
('notif-1778653383836-053a7f', 'tugas', 'Pengingat target tugas bulan ini', 'Target tugas Misa Biasa bulan <b>Mei 2026</b> belum terpenuhi. Saat ini Anda memiliki <b>0</b> tugas dari target minimum <b>3</b>; masih kurang <b>3</b> tugas. Silakan mengambil/request jadwal yang masih kosong.', '/request-tugas-anggota.html', '{\"target_user_id\": \"38\", \"notification_kind\": \"monthly_task_requirement\", \"period_year\": 2026, \"period_month\": 5, \"target_minimum\": 3, \"current_total\": 0, \"shortage\": 3, \"dedupe_key\": \"monthly-monitoring:2026-05:38:daily_current:2026-05-13:target3\"}', '2026-05-13 13:23:03', 'user'),
('notif-1778653383839-d7bb84', 'tugas', 'Pengingat target tugas bulan ini', 'Target tugas Misa Biasa bulan <b>Mei 2026</b> belum terpenuhi. Saat ini Anda memiliki <b>0</b> tugas dari target minimum <b>3</b>; masih kurang <b>3</b> tugas. Silakan mengambil/request jadwal yang masih kosong.', '/request-tugas-anggota.html', '{\"target_user_id\": \"39\", \"notification_kind\": \"monthly_task_requirement\", \"period_year\": 2026, \"period_month\": 5, \"target_minimum\": 3, \"current_total\": 0, \"shortage\": 3, \"dedupe_key\": \"monthly-monitoring:2026-05:39:daily_current:2026-05-13:target3\"}', '2026-05-13 13:23:03', 'user'),
('notif-1778653383841-fd2dfd', 'tugas', 'Pengingat target tugas bulan ini', 'Target tugas Misa Biasa bulan <b>Mei 2026</b> belum terpenuhi. Saat ini Anda memiliki <b>2</b> tugas dari target minimum <b>3</b>; masih kurang <b>1</b> tugas. Silakan mengambil/request jadwal yang masih kosong.', '/request-tugas-anggota.html', '{\"target_user_id\": \"57\", \"notification_kind\": \"monthly_task_requirement\", \"period_year\": 2026, \"period_month\": 5, \"target_minimum\": 3, \"current_total\": 2, \"shortage\": 1, \"dedupe_key\": \"monthly-monitoring:2026-05:57:daily_current:2026-05-13:target3\"}', '2026-05-13 13:23:03', 'user'),
('notif-1778653383844-c7ad7b', 'tugas', 'Pengingat target tugas bulan ini', 'Target tugas Misa Biasa bulan <b>Mei 2026</b> belum terpenuhi. Saat ini Anda memiliki <b>2</b> tugas dari target minimum <b>3</b>; masih kurang <b>1</b> tugas. Silakan mengambil/request jadwal yang masih kosong.', '/request-tugas-anggota.html', '{\"target_user_id\": \"40\", \"notification_kind\": \"monthly_task_requirement\", \"period_year\": 2026, \"period_month\": 5, \"target_minimum\": 3, \"current_total\": 2, \"shortage\": 1, \"dedupe_key\": \"monthly-monitoring:2026-05:40:daily_current:2026-05-13:target3\"}', '2026-05-13 13:23:03', 'user'),
('notif-1778653383846-5141be', 'tugas', 'Pengingat target tugas bulan ini', 'Target tugas Misa Biasa bulan <b>Mei 2026</b> belum terpenuhi. Saat ini Anda memiliki <b>0</b> tugas dari target minimum <b>3</b>; masih kurang <b>3</b> tugas. Silakan mengambil/request jadwal yang masih kosong.', '/request-tugas-anggota.html', '{\"target_user_id\": \"41\", \"notification_kind\": \"monthly_task_requirement\", \"period_year\": 2026, \"period_month\": 5, \"target_minimum\": 3, \"current_total\": 0, \"shortage\": 3, \"dedupe_key\": \"monthly-monitoring:2026-05:41:daily_current:2026-05-13:target3\"}', '2026-05-13 13:23:03', 'user'),
('notif-1778653383848-c96ed8', 'tugas', 'Pengingat target tugas bulan ini', 'Target tugas Misa Biasa bulan <b>Mei 2026</b> belum terpenuhi. Saat ini Anda memiliki <b>1</b> tugas dari target minimum <b>3</b>; masih kurang <b>2</b> tugas. Silakan mengambil/request jadwal yang masih kosong.', '/request-tugas-anggota.html', '{\"target_user_id\": \"42\", \"notification_kind\": \"monthly_task_requirement\", \"period_year\": 2026, \"period_month\": 5, \"target_minimum\": 3, \"current_total\": 1, \"shortage\": 2, \"dedupe_key\": \"monthly-monitoring:2026-05:42:daily_current:2026-05-13:target3\"}', '2026-05-13 13:23:03', 'user'),
('notif-1778653383850-6a0231', 'tugas', 'Pengingat target tugas bulan ini', 'Target tugas Misa Biasa bulan <b>Mei 2026</b> belum terpenuhi. Saat ini Anda memiliki <b>2</b> tugas dari target minimum <b>3</b>; masih kurang <b>1</b> tugas. Silakan mengambil/request jadwal yang masih kosong.', '/request-tugas-anggota.html', '{\"target_user_id\": \"54\", \"notification_kind\": \"monthly_task_requirement\", \"period_year\": 2026, \"period_month\": 5, \"target_minimum\": 3, \"current_total\": 2, \"shortage\": 1, \"dedupe_key\": \"monthly-monitoring:2026-05:54:daily_current:2026-05-13:target3\"}', '2026-05-13 13:23:03', 'user'),
('notif-1778653383852-54dd73', 'tugas', 'Pengingat target tugas bulan ini', 'Target tugas Misa Biasa bulan <b>Mei 2026</b> belum terpenuhi. Saat ini Anda memiliki <b>1</b> tugas dari target minimum <b>3</b>; masih kurang <b>2</b> tugas. Silakan mengambil/request jadwal yang masih kosong.', '/jadwal-tugas-streaming-admin.html', '{\"target_user_id\": \"17\", \"notification_kind\": \"monthly_task_requirement\", \"period_year\": 2026, \"period_month\": 5, \"target_minimum\": 3, \"current_total\": 1, \"shortage\": 2, \"dedupe_key\": \"monthly-monitoring:2026-05:17:daily_current:2026-05-13:target3\"}', '2026-05-13 13:23:03', 'admin'),
('notif-1778653383854-ce2e33', 'tugas', 'Pengingat target tugas bulan ini', 'Target tugas Misa Biasa bulan <b>Mei 2026</b> belum terpenuhi. Saat ini Anda memiliki <b>0</b> tugas dari target minimum <b>3</b>; masih kurang <b>3</b> tugas. Silakan mengambil/request jadwal yang masih kosong.', '/request-tugas-anggota.html', '{\"target_user_id\": \"43\", \"notification_kind\": \"monthly_task_requirement\", \"period_year\": 2026, \"period_month\": 5, \"target_minimum\": 3, \"current_total\": 0, \"shortage\": 3, \"dedupe_key\": \"monthly-monitoring:2026-05:43:daily_current:2026-05-13:target3\"}', '2026-05-13 13:23:03', 'user'),
('notif-1778653383857-020d86', 'tugas', 'Pengingat target tugas bulan ini', 'Target tugas Misa Biasa bulan <b>Mei 2026</b> belum terpenuhi. Saat ini Anda memiliki <b>0</b> tugas dari target minimum <b>3</b>; masih kurang <b>3</b> tugas. Silakan mengambil/request jadwal yang masih kosong.', '/request-tugas-anggota.html', '{\"target_user_id\": \"44\", \"notification_kind\": \"monthly_task_requirement\", \"period_year\": 2026, \"period_month\": 5, \"target_minimum\": 3, \"current_total\": 0, \"shortage\": 3, \"dedupe_key\": \"monthly-monitoring:2026-05:44:daily_current:2026-05-13:target3\"}', '2026-05-13 13:23:03', 'user'),
('notif-1778653383859-8a18d9', 'tugas', 'Pengingat target tugas bulan ini', 'Target tugas Misa Biasa bulan <b>Mei 2026</b> belum terpenuhi. Saat ini Anda memiliki <b>0</b> tugas dari target minimum <b>3</b>; masih kurang <b>3</b> tugas. Silakan mengambil/request jadwal yang masih kosong.', '/request-tugas-anggota.html', '{\"target_user_id\": \"56\", \"notification_kind\": \"monthly_task_requirement\", \"period_year\": 2026, \"period_month\": 5, \"target_minimum\": 3, \"current_total\": 0, \"shortage\": 3, \"dedupe_key\": \"monthly-monitoring:2026-05:56:daily_current:2026-05-13:target3\"}', '2026-05-13 13:23:03', 'user'),
('notif-1778653383860-ba9d9c', 'tugas', 'Pengingat target tugas bulan ini', 'Target tugas Misa Biasa bulan <b>Mei 2026</b> belum terpenuhi. Saat ini Anda memiliki <b>0</b> tugas dari target minimum <b>3</b>; masih kurang <b>3</b> tugas. Silakan mengambil/request jadwal yang masih kosong.', '/jadwal-tugas-streaming-admin.html', '{\"target_user_id\": \"4\", \"notification_kind\": \"monthly_task_requirement\", \"period_year\": 2026, \"period_month\": 5, \"target_minimum\": 3, \"current_total\": 0, \"shortage\": 3, \"dedupe_key\": \"monthly-monitoring:2026-05:4:daily_current:2026-05-13:target3\"}', '2026-05-13 13:23:03', 'admin'),
('notif-1778653383862-5768af', 'tugas', 'Pengingat target tugas bulan ini', 'Target tugas Misa Biasa bulan <b>Mei 2026</b> belum terpenuhi. Saat ini Anda memiliki <b>0</b> tugas dari target minimum <b>3</b>; masih kurang <b>3</b> tugas. Silakan mengambil/request jadwal yang masih kosong.', '/request-tugas-anggota.html', '{\"target_user_id\": \"11\", \"notification_kind\": \"monthly_task_requirement\", \"period_year\": 2026, \"period_month\": 5, \"target_minimum\": 3, \"current_total\": 0, \"shortage\": 3, \"dedupe_key\": \"monthly-monitoring:2026-05:11:daily_current:2026-05-13:target3\"}', '2026-05-13 13:23:03', 'user'),
('notif-1778653383863-f3929f', 'tugas', 'Pengingat target tugas bulan ini', 'Target tugas Misa Biasa bulan <b>Mei 2026</b> belum terpenuhi. Saat ini Anda memiliki <b>0</b> tugas dari target minimum <b>3</b>; masih kurang <b>3</b> tugas. Silakan mengambil/request jadwal yang masih kosong.', '/request-tugas-anggota.html', '{\"target_user_id\": \"46\", \"notification_kind\": \"monthly_task_requirement\", \"period_year\": 2026, \"period_month\": 5, \"target_minimum\": 3, \"current_total\": 0, \"shortage\": 3, \"dedupe_key\": \"monthly-monitoring:2026-05:46:daily_current:2026-05-13:target3\"}', '2026-05-13 13:23:03', 'user'),
('notif-1778653383865-63c9f2', 'tugas', 'Pengingat target tugas bulan ini', 'Target tugas Misa Biasa bulan <b>Mei 2026</b> belum terpenuhi. Saat ini Anda memiliki <b>2</b> tugas dari target minimum <b>3</b>; masih kurang <b>1</b> tugas. Silakan mengambil/request jadwal yang masih kosong.', '/request-tugas-anggota.html', '{\"target_user_id\": \"71\", \"notification_kind\": \"monthly_task_requirement\", \"period_year\": 2026, \"period_month\": 5, \"target_minimum\": 3, \"current_total\": 2, \"shortage\": 1, \"dedupe_key\": \"monthly-monitoring:2026-05:71:daily_current:2026-05-13:target3\"}', '2026-05-13 13:23:03', 'user'),
('notif-1778653383867-045c37', 'tugas', 'Pengingat target tugas bulan ini', 'Target tugas Misa Biasa bulan <b>Mei 2026</b> belum terpenuhi. Saat ini Anda memiliki <b>1</b> tugas dari target minimum <b>3</b>; masih kurang <b>2</b> tugas. Silakan mengambil/request jadwal yang masih kosong.', '/request-tugas-anggota.html', '{\"target_user_id\": \"47\", \"notification_kind\": \"monthly_task_requirement\", \"period_year\": 2026, \"period_month\": 5, \"target_minimum\": 3, \"current_total\": 1, \"shortage\": 2, \"dedupe_key\": \"monthly-monitoring:2026-05:47:daily_current:2026-05-13:target3\"}', '2026-05-13 13:23:03', 'user'),
('notif-1778653383870-187a24', 'tugas', 'Pengingat target tugas bulan ini', 'Target tugas Misa Biasa bulan <b>Mei 2026</b> belum terpenuhi. Saat ini Anda memiliki <b>0</b> tugas dari target minimum <b>3</b>; masih kurang <b>3</b> tugas. Silakan mengambil/request jadwal yang masih kosong.', '/request-tugas-anggota.html', '{\"target_user_id\": \"48\", \"notification_kind\": \"monthly_task_requirement\", \"period_year\": 2026, \"period_month\": 5, \"target_minimum\": 3, \"current_total\": 0, \"shortage\": 3, \"dedupe_key\": \"monthly-monitoring:2026-05:48:daily_current:2026-05-13:target3\"}', '2026-05-13 13:23:03', 'user'),
('notif-1778653383871-c72fa3', 'tugas', 'Pengingat target tugas bulan ini', 'Target tugas Misa Biasa bulan <b>Mei 2026</b> belum terpenuhi. Saat ini Anda memiliki <b>2</b> tugas dari target minimum <b>3</b>; masih kurang <b>1</b> tugas. Silakan mengambil/request jadwal yang masih kosong.', '/request-tugas-anggota.html', '{\"target_user_id\": \"12\", \"notification_kind\": \"monthly_task_requirement\", \"period_year\": 2026, \"period_month\": 5, \"target_minimum\": 3, \"current_total\": 2, \"shortage\": 1, \"dedupe_key\": \"monthly-monitoring:2026-05:12:daily_current:2026-05-13:target3\"}', '2026-05-13 13:23:03', 'user'),
('notif-1778653383873-162349', 'tugas', 'Pengingat target tugas bulan ini', 'Target tugas Misa Biasa bulan <b>Mei 2026</b> belum terpenuhi. Saat ini Anda memiliki <b>1</b> tugas dari target minimum <b>3</b>; masih kurang <b>2</b> tugas. Silakan mengambil/request jadwal yang masih kosong.', '/request-tugas-anggota.html', '{\"target_user_id\": \"13\", \"notification_kind\": \"monthly_task_requirement\", \"period_year\": 2026, \"period_month\": 5, \"target_minimum\": 3, \"current_total\": 1, \"shortage\": 2, \"dedupe_key\": \"monthly-monitoring:2026-05:13:daily_current:2026-05-13:target3\"}', '2026-05-13 13:23:03', 'user'),
('notif-1778653383874-4f7272', 'tugas', 'Pengingat target tugas bulan ini', 'Target tugas Misa Biasa bulan <b>Mei 2026</b> belum terpenuhi. Saat ini Anda memiliki <b>0</b> tugas dari target minimum <b>3</b>; masih kurang <b>3</b> tugas. Silakan mengambil/request jadwal yang masih kosong.', '/request-tugas-anggota.html', '{\"target_user_id\": \"15\", \"notification_kind\": \"monthly_task_requirement\", \"period_year\": 2026, \"period_month\": 5, \"target_minimum\": 3, \"current_total\": 0, \"shortage\": 3, \"dedupe_key\": \"monthly-monitoring:2026-05:15:daily_current:2026-05-13:target3\"}', '2026-05-13 13:23:03', 'user'),
('notif-1778653383876-3db331', 'tugas', 'Pengingat target tugas bulan ini', 'Target tugas Misa Biasa bulan <b>Mei 2026</b> belum terpenuhi. Saat ini Anda memiliki <b>0</b> tugas dari target minimum <b>3</b>; masih kurang <b>3</b> tugas. Silakan mengambil/request jadwal yang masih kosong.', '/request-tugas-anggota.html', '{\"target_user_id\": \"18\", \"notification_kind\": \"monthly_task_requirement\", \"period_year\": 2026, \"period_month\": 5, \"target_minimum\": 3, \"current_total\": 0, \"shortage\": 3, \"dedupe_key\": \"monthly-monitoring:2026-05:18:daily_current:2026-05-13:target3\"}', '2026-05-13 13:23:03', 'user'),
('notif-1778667846699-81fcca', 'tugas', 'Request Tugas Berhasil: Kameramen', 'Anda berhasil terdaftar sebagai <b>Kameramen</b> untuk <b>Misa Mingguan</b> pada hari Minggu, 31/05/2026 jam 18:30 WIB.', '/request-tugas-anggota.html', '{\"target_user_id\": \"21\", \"notification_kind\": \"member_request_success\", \"misa_type\": \"misa_biasa\", \"misa_besar_id\": null, \"misa_name\": \"Misa Mingguan\", \"role\": \"Kameramen\", \"misa_date\": \"2026-05-31\", \"misa_time\": \"18:30\", \"source\": \"member_request\"}', '2026-05-13 17:24:06', NULL),
('notif-1778667885962-67a720', 'tugas', 'Pembatalan Tugas: Aura', '<b>Aura</b> membatalkan tugas sebagai <b>Kameramen</b> pada <b>Misa Biasa - Misa Mingguan</b>, hari Minggu, 31/05/2026 jam 18:30 WIB.', '/dashboard.html', '{\"notification_kind\": \"task_cancelled_by_member\", \"member_id\": \"21\", \"member_name\": \"Aura\", \"misa_type\": \"biasa\", \"misa_name\": \"Misa Mingguan\", \"role\": \"Kameramen\", \"misa_date\": \"2026-05-31\", \"misa_time\": \"18:30\"}', '2026-05-13 17:24:45', 'admin'),
('notif-1778667885963-32c3d1', 'tugas', 'Tugas Dibatalkan: Kameramen', 'Tugas Anda sebagai <b>Kameramen</b> untuk <b>Misa Biasa - Misa Mingguan</b> pada hari Minggu, 31/05/2026 jam 18:30 WIB telah berhasil dibatalkan.', '/pembatalan-tugas-anggota.html', '{\"target_user_id\": \"21\", \"notification_kind\": \"task_cancelled_success\", \"misa_type\": \"biasa\", \"misa_name\": \"Misa Mingguan\", \"role\": \"Kameramen\", \"misa_date\": \"2026-05-31\", \"misa_time\": \"18:30\"}', '2026-05-13 17:24:45', 'user'),
('notif-1778678421451-aee6ac', 'tugas', 'Tugas Baru: OP', 'Anda ditugaskan sebagai <b>OP</b> untuk <b>Perayaan Ekaristi Hari Raya Kenaikan Tuhan Hari Rabu 18.00</b> pada hari Rabu, 13/05/2026 jam 18:00 WIB.', '/jadwal-tugas-misa-anggota.html', '{\"target_user_id\": \"49\", \"misa_besar_id\": 16, \"misa_type\": \"misa_besar\", \"role\": \"OP\", \"misa_name\": \"Perayaan Ekaristi Hari Raya Kenaikan Tuhan Hari Rabu 18.00\", \"misa_date\": \"2026-05-13\", \"misa_time\": \"18:00\"}', '2026-05-13 20:20:21', NULL),
('notif-1778678421454-17ae83', 'tugas', 'Tugas Baru: Kamera', 'Anda ditugaskan sebagai <b>Kamera</b> untuk <b>Perayaan Ekaristi Hari Raya Kenaikan Tuhan Hari Rabu 18.00</b> pada hari Rabu, 13/05/2026 jam 18:00 WIB.', '/jadwal-tugas-misa-anggota.html', '{\"target_user_id\": \"22\", \"misa_besar_id\": 16, \"misa_type\": \"misa_besar\", \"role\": \"Kamera\", \"misa_name\": \"Perayaan Ekaristi Hari Raya Kenaikan Tuhan Hari Rabu 18.00\", \"misa_date\": \"2026-05-13\", \"misa_time\": \"18:00\"}', '2026-05-13 20:20:21', NULL),
('notif-1778678421454-87badf', 'tugas', 'Tugas Baru: Supervisor', 'Anda ditugaskan sebagai <b>Supervisor</b> untuk <b>Perayaan Ekaristi Hari Raya Kenaikan Tuhan Hari Rabu 18.00</b> pada hari Rabu, 13/05/2026 jam 18:00 WIB.', '/jadwal-tugas-misa-anggota.html', '{\"target_user_id\": \"25\", \"misa_besar_id\": 16, \"misa_type\": \"misa_besar\", \"role\": \"Supervisor\", \"misa_name\": \"Perayaan Ekaristi Hari Raya Kenaikan Tuhan Hari Rabu 18.00\", \"misa_date\": \"2026-05-13\", \"misa_time\": \"18:00\"}', '2026-05-13 20:20:21', NULL),
('notif-1778678504572-95878a', 'tugas', 'Tugas Baru: OP', 'Anda ditugaskan sebagai <b>OP</b> untuk <b>Perayaan Ekaristi Hari Raya Kenaikan Tuhan Hari Kamis 07.30</b> pada hari Kamis, 14/05/2026 jam 07:30 WIB.', '/jadwal-tugas-misa-anggota.html', '{\"target_user_id\": \"59\", \"misa_besar_id\": 17, \"misa_type\": \"misa_besar\", \"role\": \"OP\", \"misa_name\": \"Perayaan Ekaristi Hari Raya Kenaikan Tuhan Hari Kamis 07.30\", \"misa_date\": \"2026-05-14\", \"misa_time\": \"07:30\"}', '2026-05-13 20:21:44', NULL),
('notif-1778678504573-29a327', 'tugas', 'Tugas Baru: Kamera', 'Anda ditugaskan sebagai <b>Kamera</b> untuk <b>Perayaan Ekaristi Hari Raya Kenaikan Tuhan Hari Kamis 07.30</b> pada hari Kamis, 14/05/2026 jam 07:30 WIB.', '/jadwal-tugas-misa-anggota.html', '{\"target_user_id\": \"65\", \"misa_besar_id\": 17, \"misa_type\": \"misa_besar\", \"role\": \"Kamera\", \"misa_name\": \"Perayaan Ekaristi Hari Raya Kenaikan Tuhan Hari Kamis 07.30\", \"misa_date\": \"2026-05-14\", \"misa_time\": \"07:30\"}', '2026-05-13 20:21:44', NULL),
('notif-1778678504577-96085a', 'tugas', 'Tugas Baru: Supervisor', 'Anda ditugaskan sebagai <b>Supervisor</b> untuk <b>Perayaan Ekaristi Hari Raya Kenaikan Tuhan Hari Kamis 07.30</b> pada hari Kamis, 14/05/2026 jam 07:30 WIB.', '/jadwal-tugas-misa-anggota.html', '{\"target_user_id\": \"66\", \"misa_besar_id\": 17, \"misa_type\": \"misa_besar\", \"role\": \"Supervisor\", \"misa_name\": \"Perayaan Ekaristi Hari Raya Kenaikan Tuhan Hari Kamis 07.30\", \"misa_date\": \"2026-05-14\", \"misa_time\": \"07:30\"}', '2026-05-13 20:21:44', NULL),
('notif-1778678570211-0477e9', 'tugas', 'Tugas Baru: Supervisor', 'Anda ditugaskan sebagai <b>Supervisor</b> untuk <b>Perayaan Ekaristi Hari Raya Kenaikan Tuhan Hari Kamis 10.00</b> pada hari Kamis, 14/05/2026 jam 10:00 WIB.', '/jadwal-tugas-misa-anggota.html', '{\"target_user_id\": \"27\", \"misa_besar_id\": 18, \"misa_type\": \"misa_besar\", \"role\": \"Supervisor\", \"misa_name\": \"Perayaan Ekaristi Hari Raya Kenaikan Tuhan Hari Kamis 10.00\", \"misa_date\": \"2026-05-14\", \"misa_time\": \"10:00\"}', '2026-05-13 20:22:50', NULL),
('notif-1778678570211-415aa2', 'tugas', 'Tugas Baru: OP', 'Anda ditugaskan sebagai <b>OP</b> untuk <b>Perayaan Ekaristi Hari Raya Kenaikan Tuhan Hari Kamis 10.00</b> pada hari Kamis, 14/05/2026 jam 10:00 WIB.', '/jadwal-tugas-misa-anggota.html', '{\"target_user_id\": \"69\", \"misa_besar_id\": 18, \"misa_type\": \"misa_besar\", \"role\": \"OP\", \"misa_name\": \"Perayaan Ekaristi Hari Raya Kenaikan Tuhan Hari Kamis 10.00\", \"misa_date\": \"2026-05-14\", \"misa_time\": \"10:00\"}', '2026-05-13 20:22:50', NULL),
('notif-1778678570211-e29438', 'tugas', 'Tugas Baru: Kamera', 'Anda ditugaskan sebagai <b>Kamera</b> untuk <b>Perayaan Ekaristi Hari Raya Kenaikan Tuhan Hari Kamis 10.00</b> pada hari Kamis, 14/05/2026 jam 10:00 WIB.', '/jadwal-tugas-misa-anggota.html', '{\"target_user_id\": \"68\", \"misa_besar_id\": 18, \"misa_type\": \"misa_besar\", \"role\": \"Kamera\", \"misa_name\": \"Perayaan Ekaristi Hari Raya Kenaikan Tuhan Hari Kamis 10.00\", \"misa_date\": \"2026-05-14\", \"misa_time\": \"10:00\"}', '2026-05-13 20:22:50', NULL),
('notif-1778678650031-07c786', 'tugas', 'Tugas Baru: Kamera', 'Anda ditugaskan sebagai <b>Kamera</b> untuk <b>Perayaan Ekaristi Hari Raya Kenaikan Tuhan Hari Kamis 16.30</b> pada hari Kamis, 14/05/2026 jam 16:30 WIB.', '/jadwal-tugas-misa-anggota.html', '{\"target_user_id\": \"61\", \"misa_besar_id\": 19, \"misa_type\": \"misa_besar\", \"role\": \"Kamera\", \"misa_name\": \"Perayaan Ekaristi Hari Raya Kenaikan Tuhan Hari Kamis 16.30\", \"misa_date\": \"2026-05-14\", \"misa_time\": \"16:30\"}', '2026-05-13 20:24:10', NULL),
('notif-1778678650031-941fad', 'tugas', 'Tugas Baru: Supervisor', 'Anda ditugaskan sebagai <b>Supervisor</b> untuk <b>Perayaan Ekaristi Hari Raya Kenaikan Tuhan Hari Kamis 16.30</b> pada hari Kamis, 14/05/2026 jam 16:30 WIB.', '/jadwal-tugas-misa-anggota.html', '{\"target_user_id\": \"71\", \"misa_besar_id\": 19, \"misa_type\": \"misa_besar\", \"role\": \"Supervisor\", \"misa_name\": \"Perayaan Ekaristi Hari Raya Kenaikan Tuhan Hari Kamis 16.30\", \"misa_date\": \"2026-05-14\", \"misa_time\": \"16:30\"}', '2026-05-13 20:24:10', NULL),
('notif-1778678650031-b30934', 'tugas', 'Tugas Baru: OP', 'Anda ditugaskan sebagai <b>OP</b> untuk <b>Perayaan Ekaristi Hari Raya Kenaikan Tuhan Hari Kamis 16.30</b> pada hari Kamis, 14/05/2026 jam 16:30 WIB.', '/jadwal-tugas-misa-anggota.html', '{\"target_user_id\": \"70\", \"misa_besar_id\": 19, \"misa_type\": \"misa_besar\", \"role\": \"OP\", \"misa_name\": \"Perayaan Ekaristi Hari Raya Kenaikan Tuhan Hari Kamis 16.30\", \"misa_date\": \"2026-05-14\", \"misa_time\": \"16:30\"}', '2026-05-13 20:24:10', NULL),
('notif-1778678706934-1bc375', 'tugas', 'Tugas Baru: PD', 'Anda ditugaskan sebagai <b>PD</b> untuk <b>Perayaan Ekaristi Hari Raya Kenaikan Tuhan Hari Kamis 18.30</b> pada hari Kamis, 14/05/2026 jam 18:30 WIB.', '/jadwal-tugas-misa-anggota.html', '{\"target_user_id\": \"67\", \"misa_besar_id\": 20, \"misa_type\": \"misa_besar\", \"role\": \"PD\", \"misa_name\": \"Perayaan Ekaristi Hari Raya Kenaikan Tuhan Hari Kamis 18.30\", \"misa_date\": \"2026-05-14\", \"misa_time\": \"18:30\"}', '2026-05-13 20:25:06', NULL),
('notif-1778678706934-656606', 'tugas', 'Tugas Baru: OP', 'Anda ditugaskan sebagai <b>OP</b> untuk <b>Perayaan Ekaristi Hari Raya Kenaikan Tuhan Hari Kamis 18.30</b> pada hari Kamis, 14/05/2026 jam 18:30 WIB.', '/jadwal-tugas-misa-anggota.html', '{\"target_user_id\": \"74\", \"misa_besar_id\": 20, \"misa_type\": \"misa_besar\", \"role\": \"OP\", \"misa_name\": \"Perayaan Ekaristi Hari Raya Kenaikan Tuhan Hari Kamis 18.30\", \"misa_date\": \"2026-05-14\", \"misa_time\": \"18:30\"}', '2026-05-13 20:25:06', NULL),
('notif-1778678706934-8ab059', 'tugas', 'Tugas Baru: Kamera', 'Anda ditugaskan sebagai <b>Kamera</b> untuk <b>Perayaan Ekaristi Hari Raya Kenaikan Tuhan Hari Kamis 18.30</b> pada hari Kamis, 14/05/2026 jam 18:30 WIB.', '/jadwal-tugas-misa-anggota.html', '{\"target_user_id\": \"20\", \"misa_besar_id\": 20, \"misa_type\": \"misa_besar\", \"role\": \"Kamera\", \"misa_name\": \"Perayaan Ekaristi Hari Raya Kenaikan Tuhan Hari Kamis 18.30\", \"misa_date\": \"2026-05-14\", \"misa_time\": \"18:30\"}', '2026-05-13 20:25:06', NULL),
('notif-1778681303444-170747', 'tugas', 'Pengingat Tugas Hari Ini: OP', 'Hari Ini: Anda bertugas sebagai <b>OP</b> untuk <b>Perayaan Ekaristi Hari Raya Kenaikan Tuhan Hari Rabu 18.00</b> pada hari Rabu, 13/05/2026 jam 18:00 WIB.', '/jadwal-tugas-misa-anggota.html', '{\"target_user_id\": \"49\", \"notification_kind\": \"task_reminder\", \"reminder\": \"hari_h\", \"reminder_label\": \"Hari Ini\", \"misa_type\": \"misa_besar\", \"misa_besar_id\": 16, \"misa_name\": \"Perayaan Ekaristi Hari Raya Kenaikan Tuhan Hari Rabu 18.00\", \"role\": \"OP\", \"misa_date\": \"2026-05-13\", \"misa_time\": \"18:00\", \"dedupe_key\": \"task-reminder:besar:16:166:49:hari_h\"}', '2026-05-13 21:08:23', NULL),
('notif-1778681303447-9c94e5', 'tugas', 'Pengingat Tugas Hari Ini: Kamera', 'Hari Ini: Anda bertugas sebagai <b>Kamera</b> untuk <b>Perayaan Ekaristi Hari Raya Kenaikan Tuhan Hari Rabu 18.00</b> pada hari Rabu, 13/05/2026 jam 18:00 WIB.', '/jadwal-tugas-misa-anggota.html', '{\"target_user_id\": \"22\", \"notification_kind\": \"task_reminder\", \"reminder\": \"hari_h\", \"reminder_label\": \"Hari Ini\", \"misa_type\": \"misa_besar\", \"misa_besar_id\": 16, \"misa_name\": \"Perayaan Ekaristi Hari Raya Kenaikan Tuhan Hari Rabu 18.00\", \"role\": \"Kamera\", \"misa_date\": \"2026-05-13\", \"misa_time\": \"18:00\", \"dedupe_key\": \"task-reminder:besar:16:167:22:hari_h\"}', '2026-05-13 21:08:23', NULL),
('notif-1778681303448-f4f897', 'tugas', 'Pengingat Tugas Hari Ini: Supervisor', 'Hari Ini: Anda bertugas sebagai <b>Supervisor</b> untuk <b>Perayaan Ekaristi Hari Raya Kenaikan Tuhan Hari Rabu 18.00</b> pada hari Rabu, 13/05/2026 jam 18:00 WIB.', '/jadwal-tugas-misa-anggota.html', '{\"target_user_id\": \"25\", \"notification_kind\": \"task_reminder\", \"reminder\": \"hari_h\", \"reminder_label\": \"Hari Ini\", \"misa_type\": \"misa_besar\", \"misa_besar_id\": 16, \"misa_name\": \"Perayaan Ekaristi Hari Raya Kenaikan Tuhan Hari Rabu 18.00\", \"role\": \"Supervisor\", \"misa_date\": \"2026-05-13\", \"misa_time\": \"18:00\", \"dedupe_key\": \"task-reminder:besar:16:168:25:hari_h\"}', '2026-05-13 21:08:23', NULL),
('notif-1778681303450-a140c0', 'tugas', 'Pengingat Tugas H-1: OP', 'H-1: Anda bertugas sebagai <b>OP</b> untuk <b>Perayaan Ekaristi Hari Raya Kenaikan Tuhan Hari Kamis 07.30</b> pada hari Kamis, 14/05/2026 jam 07:30 WIB.', '/jadwal-tugas-misa-anggota.html', '{\"target_user_id\": \"59\", \"notification_kind\": \"task_reminder\", \"reminder\": \"h_1\", \"reminder_label\": \"H-1\", \"misa_type\": \"misa_besar\", \"misa_besar_id\": 17, \"misa_name\": \"Perayaan Ekaristi Hari Raya Kenaikan Tuhan Hari Kamis 07.30\", \"role\": \"OP\", \"misa_date\": \"2026-05-14\", \"misa_time\": \"07:30\", \"dedupe_key\": \"task-reminder:besar:17:169:59:h_1\"}', '2026-05-13 21:08:23', NULL),
('notif-1778681303452-e64416', 'tugas', 'Pengingat Tugas H-1: Kamera', 'H-1: Anda bertugas sebagai <b>Kamera</b> untuk <b>Perayaan Ekaristi Hari Raya Kenaikan Tuhan Hari Kamis 07.30</b> pada hari Kamis, 14/05/2026 jam 07:30 WIB.', '/jadwal-tugas-misa-anggota.html', '{\"target_user_id\": \"65\", \"notification_kind\": \"task_reminder\", \"reminder\": \"h_1\", \"reminder_label\": \"H-1\", \"misa_type\": \"misa_besar\", \"misa_besar_id\": 17, \"misa_name\": \"Perayaan Ekaristi Hari Raya Kenaikan Tuhan Hari Kamis 07.30\", \"role\": \"Kamera\", \"misa_date\": \"2026-05-14\", \"misa_time\": \"07:30\", \"dedupe_key\": \"task-reminder:besar:17:170:65:h_1\"}', '2026-05-13 21:08:23', NULL),
('notif-1778681303454-457890', 'tugas', 'Pengingat Tugas H-1: Supervisor', 'H-1: Anda bertugas sebagai <b>Supervisor</b> untuk <b>Perayaan Ekaristi Hari Raya Kenaikan Tuhan Hari Kamis 07.30</b> pada hari Kamis, 14/05/2026 jam 07:30 WIB.', '/jadwal-tugas-misa-anggota.html', '{\"target_user_id\": \"66\", \"notification_kind\": \"task_reminder\", \"reminder\": \"h_1\", \"reminder_label\": \"H-1\", \"misa_type\": \"misa_besar\", \"misa_besar_id\": 17, \"misa_name\": \"Perayaan Ekaristi Hari Raya Kenaikan Tuhan Hari Kamis 07.30\", \"role\": \"Supervisor\", \"misa_date\": \"2026-05-14\", \"misa_time\": \"07:30\", \"dedupe_key\": \"task-reminder:besar:17:171:66:h_1\"}', '2026-05-13 21:08:23', NULL),
('notif-1778681303456-46e450', 'tugas', 'Pengingat Tugas H-1: OP', 'H-1: Anda bertugas sebagai <b>OP</b> untuk <b>Perayaan Ekaristi Hari Raya Kenaikan Tuhan Hari Kamis 10.00</b> pada hari Kamis, 14/05/2026 jam 10:00 WIB.', '/jadwal-tugas-misa-anggota.html', '{\"target_user_id\": \"69\", \"notification_kind\": \"task_reminder\", \"reminder\": \"h_1\", \"reminder_label\": \"H-1\", \"misa_type\": \"misa_besar\", \"misa_besar_id\": 18, \"misa_name\": \"Perayaan Ekaristi Hari Raya Kenaikan Tuhan Hari Kamis 10.00\", \"role\": \"OP\", \"misa_date\": \"2026-05-14\", \"misa_time\": \"10:00\", \"dedupe_key\": \"task-reminder:besar:18:172:69:h_1\"}', '2026-05-13 21:08:23', NULL),
('notif-1778681303457-5f51cf', 'tugas', 'Pengingat Tugas H-1: Kamera', 'H-1: Anda bertugas sebagai <b>Kamera</b> untuk <b>Perayaan Ekaristi Hari Raya Kenaikan Tuhan Hari Kamis 10.00</b> pada hari Kamis, 14/05/2026 jam 10:00 WIB.', '/jadwal-tugas-misa-anggota.html', '{\"target_user_id\": \"68\", \"notification_kind\": \"task_reminder\", \"reminder\": \"h_1\", \"reminder_label\": \"H-1\", \"misa_type\": \"misa_besar\", \"misa_besar_id\": 18, \"misa_name\": \"Perayaan Ekaristi Hari Raya Kenaikan Tuhan Hari Kamis 10.00\", \"role\": \"Kamera\", \"misa_date\": \"2026-05-14\", \"misa_time\": \"10:00\", \"dedupe_key\": \"task-reminder:besar:18:173:68:h_1\"}', '2026-05-13 21:08:23', NULL),
('notif-1778681303459-408aae', 'tugas', 'Pengingat Tugas H-1: Supervisor', 'H-1: Anda bertugas sebagai <b>Supervisor</b> untuk <b>Perayaan Ekaristi Hari Raya Kenaikan Tuhan Hari Kamis 10.00</b> pada hari Kamis, 14/05/2026 jam 10:00 WIB.', '/jadwal-tugas-misa-anggota.html', '{\"target_user_id\": \"27\", \"notification_kind\": \"task_reminder\", \"reminder\": \"h_1\", \"reminder_label\": \"H-1\", \"misa_type\": \"misa_besar\", \"misa_besar_id\": 18, \"misa_name\": \"Perayaan Ekaristi Hari Raya Kenaikan Tuhan Hari Kamis 10.00\", \"role\": \"Supervisor\", \"misa_date\": \"2026-05-14\", \"misa_time\": \"10:00\", \"dedupe_key\": \"task-reminder:besar:18:174:27:h_1\"}', '2026-05-13 21:08:23', NULL),
('notif-1778681303460-618c88', 'tugas', 'Pengingat Tugas H-1: OP', 'H-1: Anda bertugas sebagai <b>OP</b> untuk <b>Perayaan Ekaristi Hari Raya Kenaikan Tuhan Hari Kamis 16.30</b> pada hari Kamis, 14/05/2026 jam 16:30 WIB.', '/jadwal-tugas-misa-anggota.html', '{\"target_user_id\": \"70\", \"notification_kind\": \"task_reminder\", \"reminder\": \"h_1\", \"reminder_label\": \"H-1\", \"misa_type\": \"misa_besar\", \"misa_besar_id\": 19, \"misa_name\": \"Perayaan Ekaristi Hari Raya Kenaikan Tuhan Hari Kamis 16.30\", \"role\": \"OP\", \"misa_date\": \"2026-05-14\", \"misa_time\": \"16:30\", \"dedupe_key\": \"task-reminder:besar:19:175:70:h_1\"}', '2026-05-13 21:08:23', NULL),
('notif-1778681303462-9f294b', 'tugas', 'Pengingat Tugas H-1: Kamera', 'H-1: Anda bertugas sebagai <b>Kamera</b> untuk <b>Perayaan Ekaristi Hari Raya Kenaikan Tuhan Hari Kamis 16.30</b> pada hari Kamis, 14/05/2026 jam 16:30 WIB.', '/jadwal-tugas-misa-anggota.html', '{\"target_user_id\": \"61\", \"notification_kind\": \"task_reminder\", \"reminder\": \"h_1\", \"reminder_label\": \"H-1\", \"misa_type\": \"misa_besar\", \"misa_besar_id\": 19, \"misa_name\": \"Perayaan Ekaristi Hari Raya Kenaikan Tuhan Hari Kamis 16.30\", \"role\": \"Kamera\", \"misa_date\": \"2026-05-14\", \"misa_time\": \"16:30\", \"dedupe_key\": \"task-reminder:besar:19:176:61:h_1\"}', '2026-05-13 21:08:23', NULL);
INSERT INTO `notifications` (`id`, `type`, `title`, `body`, `url`, `data`, `created_at`, `target_role`) VALUES
('notif-1778681303467-c98fdf', 'tugas', 'Pengingat Tugas H-1: Supervisor', 'H-1: Anda bertugas sebagai <b>Supervisor</b> untuk <b>Perayaan Ekaristi Hari Raya Kenaikan Tuhan Hari Kamis 16.30</b> pada hari Kamis, 14/05/2026 jam 16:30 WIB.', '/jadwal-tugas-misa-anggota.html', '{\"target_user_id\": \"71\", \"notification_kind\": \"task_reminder\", \"reminder\": \"h_1\", \"reminder_label\": \"H-1\", \"misa_type\": \"misa_besar\", \"misa_besar_id\": 19, \"misa_name\": \"Perayaan Ekaristi Hari Raya Kenaikan Tuhan Hari Kamis 16.30\", \"role\": \"Supervisor\", \"misa_date\": \"2026-05-14\", \"misa_time\": \"16:30\", \"dedupe_key\": \"task-reminder:besar:19:177:71:h_1\"}', '2026-05-13 21:08:23', NULL),
('notif-1778681303469-43b419', 'tugas', 'Pengingat Tugas H-1: PD', 'H-1: Anda bertugas sebagai <b>PD</b> untuk <b>Perayaan Ekaristi Hari Raya Kenaikan Tuhan Hari Kamis 18.30</b> pada hari Kamis, 14/05/2026 jam 18:30 WIB.', '/jadwal-tugas-misa-anggota.html', '{\"target_user_id\": \"67\", \"notification_kind\": \"task_reminder\", \"reminder\": \"h_1\", \"reminder_label\": \"H-1\", \"misa_type\": \"misa_besar\", \"misa_besar_id\": 20, \"misa_name\": \"Perayaan Ekaristi Hari Raya Kenaikan Tuhan Hari Kamis 18.30\", \"role\": \"PD\", \"misa_date\": \"2026-05-14\", \"misa_time\": \"18:30\", \"dedupe_key\": \"task-reminder:besar:20:178:67:h_1\"}', '2026-05-13 21:08:23', NULL),
('notif-1778681303470-3c0c95', 'tugas', 'Pengingat Tugas H-1: OP', 'H-1: Anda bertugas sebagai <b>OP</b> untuk <b>Perayaan Ekaristi Hari Raya Kenaikan Tuhan Hari Kamis 18.30</b> pada hari Kamis, 14/05/2026 jam 18:30 WIB.', '/jadwal-tugas-misa-anggota.html', '{\"target_user_id\": \"74\", \"notification_kind\": \"task_reminder\", \"reminder\": \"h_1\", \"reminder_label\": \"H-1\", \"misa_type\": \"misa_besar\", \"misa_besar_id\": 20, \"misa_name\": \"Perayaan Ekaristi Hari Raya Kenaikan Tuhan Hari Kamis 18.30\", \"role\": \"OP\", \"misa_date\": \"2026-05-14\", \"misa_time\": \"18:30\", \"dedupe_key\": \"task-reminder:besar:20:179:74:h_1\"}', '2026-05-13 21:08:23', NULL),
('notif-1778681303472-5cb101', 'tugas', 'Pengingat Tugas H-1: Kamera', 'H-1: Anda bertugas sebagai <b>Kamera</b> untuk <b>Perayaan Ekaristi Hari Raya Kenaikan Tuhan Hari Kamis 18.30</b> pada hari Kamis, 14/05/2026 jam 18:30 WIB.', '/jadwal-tugas-misa-anggota.html', '{\"target_user_id\": \"20\", \"notification_kind\": \"task_reminder\", \"reminder\": \"h_1\", \"reminder_label\": \"H-1\", \"misa_type\": \"misa_besar\", \"misa_besar_id\": 20, \"misa_name\": \"Perayaan Ekaristi Hari Raya Kenaikan Tuhan Hari Kamis 18.30\", \"role\": \"Kamera\", \"misa_date\": \"2026-05-14\", \"misa_time\": \"18:30\", \"dedupe_key\": \"task-reminder:besar:20:180:20:h_1\"}', '2026-05-13 21:08:23', NULL),
('notif-1778681303548-351875', 'tugas', 'Pengingat target tugas bulan ini', 'Target tugas Misa Biasa bulan <b>Mei 2026</b> belum terpenuhi. Saat ini Anda memiliki <b>2</b> tugas dari target minimum <b>3</b>; masih kurang <b>1</b> tugas. Silakan mengambil/request jadwal yang masih kosong.', '/request-tugas-anggota.html', '{\"target_user_id\": \"22\", \"notification_kind\": \"monthly_task_requirement\", \"period_year\": 2026, \"period_month\": 5, \"target_minimum\": 3, \"current_total\": 2, \"shortage\": 1, \"dedupe_key\": \"monthly-monitoring:2026-05:22:daily_current:2026-05-13:target3\"}', '2026-05-13 21:08:23', 'user'),
('notif-1778681303552-333ec1', 'tugas', 'Pengingat target tugas bulan ini', 'Target tugas Misa Biasa bulan <b>Mei 2026</b> belum terpenuhi. Saat ini Anda memiliki <b>2</b> tugas dari target minimum <b>3</b>; masih kurang <b>1</b> tugas. Silakan mengambil/request jadwal yang masih kosong.', '/request-tugas-anggota.html', '{\"target_user_id\": \"25\", \"notification_kind\": \"monthly_task_requirement\", \"period_year\": 2026, \"period_month\": 5, \"target_minimum\": 3, \"current_total\": 2, \"shortage\": 1, \"dedupe_key\": \"monthly-monitoring:2026-05:25:daily_current:2026-05-13:target3\"}', '2026-05-13 21:08:23', 'user'),
('notif-1778692272219-9a0652', 'tugas', 'Pengingat Tugas H-1: Kameramen', 'H-1: Anda bertugas sebagai <b>Kameramen</b> untuk <b>Misa Harian</b> pada hari Jumat, 15/05/2026 jam 18:00 WIB.', '/jadwal-tugas-misa-anggota.html', '{\"target_user_id\": \"51\", \"notification_kind\": \"task_reminder\", \"reminder\": \"h_1\", \"reminder_label\": \"H-1\", \"misa_type\": \"misa_biasa\", \"misa_name\": \"Misa Harian\", \"role\": \"Kameramen\", \"misa_date\": \"2026-05-15\", \"misa_time\": \"18:00\", \"dedupe_key\": \"task-reminder:biasa:2026-05-15:18:00:Kameramen:51:h_1\"}', '2026-05-14 00:11:12', NULL),
('notif-1778692272222-d74db7', 'tugas', 'Pengingat Tugas H-1: Operator', 'H-1: Anda bertugas sebagai <b>Operator</b> untuk <b>Misa Harian</b> pada hari Jumat, 15/05/2026 jam 18:00 WIB.', '/jadwal-tugas-misa-anggota.html', '{\"target_user_id\": \"21\", \"notification_kind\": \"task_reminder\", \"reminder\": \"h_1\", \"reminder_label\": \"H-1\", \"misa_type\": \"misa_biasa\", \"misa_name\": \"Misa Harian\", \"role\": \"Operator\", \"misa_date\": \"2026-05-15\", \"misa_time\": \"18:00\", \"dedupe_key\": \"task-reminder:biasa:2026-05-15:18:00:Operator:21:h_1\"}', '2026-05-14 00:11:12', NULL),
('notif-1778692272224-be4003', 'tugas', 'Pengingat Tugas H-1: SPV', 'H-1: Anda bertugas sebagai <b>SPV</b> untuk <b>Misa Harian</b> pada hari Jumat, 15/05/2026 jam 18:00 WIB.', '/jadwal-tugas-misa-anggota.html', '{\"target_user_id\": \"14\", \"notification_kind\": \"task_reminder\", \"reminder\": \"h_1\", \"reminder_label\": \"H-1\", \"misa_type\": \"misa_biasa\", \"misa_name\": \"Misa Harian\", \"role\": \"SPV\", \"misa_date\": \"2026-05-15\", \"misa_time\": \"18:00\", \"dedupe_key\": \"task-reminder:biasa:2026-05-15:18:00:SPV:14:h_1\"}', '2026-05-14 00:11:12', NULL),
('notif-1778692272226-83dbf3', 'tugas', 'Pengingat Tugas Hari Ini: Kameramen', 'Hari Ini: Anda bertugas sebagai <b>Kameramen</b> untuk <b>Misa Harian</b> pada hari Kamis, 14/05/2026 jam 18:00 WIB.', '/jadwal-tugas-misa-anggota.html', '{\"target_user_id\": \"67\", \"notification_kind\": \"task_reminder\", \"reminder\": \"hari_h\", \"reminder_label\": \"Hari Ini\", \"misa_type\": \"misa_biasa\", \"misa_name\": \"Misa Harian\", \"role\": \"Kameramen\", \"misa_date\": \"2026-05-14\", \"misa_time\": \"18:00\", \"dedupe_key\": \"task-reminder:biasa:2026-05-14:18:00:Kameramen:67:hari_h\"}', '2026-05-14 00:11:12', NULL),
('notif-1778692272228-643dd4', 'tugas', 'Pengingat Tugas Hari Ini: Operator', 'Hari Ini: Anda bertugas sebagai <b>Operator</b> untuk <b>Misa Harian</b> pada hari Kamis, 14/05/2026 jam 18:00 WIB.', '/jadwal-tugas-misa-anggota.html', '{\"target_user_id\": \"74\", \"notification_kind\": \"task_reminder\", \"reminder\": \"hari_h\", \"reminder_label\": \"Hari Ini\", \"misa_type\": \"misa_biasa\", \"misa_name\": \"Misa Harian\", \"role\": \"Operator\", \"misa_date\": \"2026-05-14\", \"misa_time\": \"18:00\", \"dedupe_key\": \"task-reminder:biasa:2026-05-14:18:00:Operator:74:hari_h\"}', '2026-05-14 00:11:12', NULL),
('notif-1778692272230-495c9e', 'tugas', 'Pengingat Tugas Hari Ini: SPV', 'Hari Ini: Anda bertugas sebagai <b>SPV</b> untuk <b>Misa Harian</b> pada hari Kamis, 14/05/2026 jam 18:00 WIB.', '/jadwal-tugas-misa-anggota.html', '{\"target_user_id\": \"20\", \"notification_kind\": \"task_reminder\", \"reminder\": \"hari_h\", \"reminder_label\": \"Hari Ini\", \"misa_type\": \"misa_biasa\", \"misa_name\": \"Misa Harian\", \"role\": \"SPV\", \"misa_date\": \"2026-05-14\", \"misa_time\": \"18:00\", \"dedupe_key\": \"task-reminder:biasa:2026-05-14:18:00:SPV:20:hari_h\"}', '2026-05-14 00:11:12', NULL),
('notif-1778692272234-5e08c7', 'tugas', 'Pengingat Tugas Hari Ini: OP', 'Hari Ini: Anda bertugas sebagai <b>OP</b> untuk <b>Perayaan Ekaristi Hari Raya Kenaikan Tuhan Hari Kamis 07.30</b> pada hari Kamis, 14/05/2026 jam 07:30 WIB.', '/jadwal-tugas-misa-anggota.html', '{\"target_user_id\": \"59\", \"notification_kind\": \"task_reminder\", \"reminder\": \"hari_h\", \"reminder_label\": \"Hari Ini\", \"misa_type\": \"misa_besar\", \"misa_besar_id\": 17, \"misa_name\": \"Perayaan Ekaristi Hari Raya Kenaikan Tuhan Hari Kamis 07.30\", \"role\": \"OP\", \"misa_date\": \"2026-05-14\", \"misa_time\": \"07:30\", \"dedupe_key\": \"task-reminder:besar:17:169:59:hari_h\"}', '2026-05-14 00:11:12', NULL),
('notif-1778692272236-cdf91c', 'tugas', 'Pengingat Tugas Hari Ini: Kamera', 'Hari Ini: Anda bertugas sebagai <b>Kamera</b> untuk <b>Perayaan Ekaristi Hari Raya Kenaikan Tuhan Hari Kamis 07.30</b> pada hari Kamis, 14/05/2026 jam 07:30 WIB.', '/jadwal-tugas-misa-anggota.html', '{\"target_user_id\": \"65\", \"notification_kind\": \"task_reminder\", \"reminder\": \"hari_h\", \"reminder_label\": \"Hari Ini\", \"misa_type\": \"misa_besar\", \"misa_besar_id\": 17, \"misa_name\": \"Perayaan Ekaristi Hari Raya Kenaikan Tuhan Hari Kamis 07.30\", \"role\": \"Kamera\", \"misa_date\": \"2026-05-14\", \"misa_time\": \"07:30\", \"dedupe_key\": \"task-reminder:besar:17:170:65:hari_h\"}', '2026-05-14 00:11:12', NULL),
('notif-1778692272238-116639', 'tugas', 'Pengingat Tugas Hari Ini: Supervisor', 'Hari Ini: Anda bertugas sebagai <b>Supervisor</b> untuk <b>Perayaan Ekaristi Hari Raya Kenaikan Tuhan Hari Kamis 07.30</b> pada hari Kamis, 14/05/2026 jam 07:30 WIB.', '/jadwal-tugas-misa-anggota.html', '{\"target_user_id\": \"66\", \"notification_kind\": \"task_reminder\", \"reminder\": \"hari_h\", \"reminder_label\": \"Hari Ini\", \"misa_type\": \"misa_besar\", \"misa_besar_id\": 17, \"misa_name\": \"Perayaan Ekaristi Hari Raya Kenaikan Tuhan Hari Kamis 07.30\", \"role\": \"Supervisor\", \"misa_date\": \"2026-05-14\", \"misa_time\": \"07:30\", \"dedupe_key\": \"task-reminder:besar:17:171:66:hari_h\"}', '2026-05-14 00:11:12', NULL),
('notif-1778692272240-6a50f5', 'tugas', 'Pengingat Tugas Hari Ini: OP', 'Hari Ini: Anda bertugas sebagai <b>OP</b> untuk <b>Perayaan Ekaristi Hari Raya Kenaikan Tuhan Hari Kamis 10.00</b> pada hari Kamis, 14/05/2026 jam 10:00 WIB.', '/jadwal-tugas-misa-anggota.html', '{\"target_user_id\": \"69\", \"notification_kind\": \"task_reminder\", \"reminder\": \"hari_h\", \"reminder_label\": \"Hari Ini\", \"misa_type\": \"misa_besar\", \"misa_besar_id\": 18, \"misa_name\": \"Perayaan Ekaristi Hari Raya Kenaikan Tuhan Hari Kamis 10.00\", \"role\": \"OP\", \"misa_date\": \"2026-05-14\", \"misa_time\": \"10:00\", \"dedupe_key\": \"task-reminder:besar:18:172:69:hari_h\"}', '2026-05-14 00:11:12', NULL),
('notif-1778692272243-de7885', 'tugas', 'Pengingat Tugas Hari Ini: Kamera', 'Hari Ini: Anda bertugas sebagai <b>Kamera</b> untuk <b>Perayaan Ekaristi Hari Raya Kenaikan Tuhan Hari Kamis 10.00</b> pada hari Kamis, 14/05/2026 jam 10:00 WIB.', '/jadwal-tugas-misa-anggota.html', '{\"target_user_id\": \"68\", \"notification_kind\": \"task_reminder\", \"reminder\": \"hari_h\", \"reminder_label\": \"Hari Ini\", \"misa_type\": \"misa_besar\", \"misa_besar_id\": 18, \"misa_name\": \"Perayaan Ekaristi Hari Raya Kenaikan Tuhan Hari Kamis 10.00\", \"role\": \"Kamera\", \"misa_date\": \"2026-05-14\", \"misa_time\": \"10:00\", \"dedupe_key\": \"task-reminder:besar:18:173:68:hari_h\"}', '2026-05-14 00:11:12', NULL),
('notif-1778692272245-d3582c', 'tugas', 'Pengingat Tugas Hari Ini: Supervisor', 'Hari Ini: Anda bertugas sebagai <b>Supervisor</b> untuk <b>Perayaan Ekaristi Hari Raya Kenaikan Tuhan Hari Kamis 10.00</b> pada hari Kamis, 14/05/2026 jam 10:00 WIB.', '/jadwal-tugas-misa-anggota.html', '{\"target_user_id\": \"27\", \"notification_kind\": \"task_reminder\", \"reminder\": \"hari_h\", \"reminder_label\": \"Hari Ini\", \"misa_type\": \"misa_besar\", \"misa_besar_id\": 18, \"misa_name\": \"Perayaan Ekaristi Hari Raya Kenaikan Tuhan Hari Kamis 10.00\", \"role\": \"Supervisor\", \"misa_date\": \"2026-05-14\", \"misa_time\": \"10:00\", \"dedupe_key\": \"task-reminder:besar:18:174:27:hari_h\"}', '2026-05-14 00:11:12', NULL),
('notif-1778692272247-cd5d8a', 'tugas', 'Pengingat Tugas Hari Ini: OP', 'Hari Ini: Anda bertugas sebagai <b>OP</b> untuk <b>Perayaan Ekaristi Hari Raya Kenaikan Tuhan Hari Kamis 16.30</b> pada hari Kamis, 14/05/2026 jam 16:30 WIB.', '/jadwal-tugas-misa-anggota.html', '{\"target_user_id\": \"70\", \"notification_kind\": \"task_reminder\", \"reminder\": \"hari_h\", \"reminder_label\": \"Hari Ini\", \"misa_type\": \"misa_besar\", \"misa_besar_id\": 19, \"misa_name\": \"Perayaan Ekaristi Hari Raya Kenaikan Tuhan Hari Kamis 16.30\", \"role\": \"OP\", \"misa_date\": \"2026-05-14\", \"misa_time\": \"16:30\", \"dedupe_key\": \"task-reminder:besar:19:175:70:hari_h\"}', '2026-05-14 00:11:12', NULL),
('notif-1778692272249-f7cc2d', 'tugas', 'Pengingat Tugas Hari Ini: Kamera', 'Hari Ini: Anda bertugas sebagai <b>Kamera</b> untuk <b>Perayaan Ekaristi Hari Raya Kenaikan Tuhan Hari Kamis 16.30</b> pada hari Kamis, 14/05/2026 jam 16:30 WIB.', '/jadwal-tugas-misa-anggota.html', '{\"target_user_id\": \"61\", \"notification_kind\": \"task_reminder\", \"reminder\": \"hari_h\", \"reminder_label\": \"Hari Ini\", \"misa_type\": \"misa_besar\", \"misa_besar_id\": 19, \"misa_name\": \"Perayaan Ekaristi Hari Raya Kenaikan Tuhan Hari Kamis 16.30\", \"role\": \"Kamera\", \"misa_date\": \"2026-05-14\", \"misa_time\": \"16:30\", \"dedupe_key\": \"task-reminder:besar:19:176:61:hari_h\"}', '2026-05-14 00:11:12', NULL),
('notif-1778692272251-6ed5a7', 'tugas', 'Pengingat Tugas Hari Ini: Supervisor', 'Hari Ini: Anda bertugas sebagai <b>Supervisor</b> untuk <b>Perayaan Ekaristi Hari Raya Kenaikan Tuhan Hari Kamis 16.30</b> pada hari Kamis, 14/05/2026 jam 16:30 WIB.', '/jadwal-tugas-misa-anggota.html', '{\"target_user_id\": \"71\", \"notification_kind\": \"task_reminder\", \"reminder\": \"hari_h\", \"reminder_label\": \"Hari Ini\", \"misa_type\": \"misa_besar\", \"misa_besar_id\": 19, \"misa_name\": \"Perayaan Ekaristi Hari Raya Kenaikan Tuhan Hari Kamis 16.30\", \"role\": \"Supervisor\", \"misa_date\": \"2026-05-14\", \"misa_time\": \"16:30\", \"dedupe_key\": \"task-reminder:besar:19:177:71:hari_h\"}', '2026-05-14 00:11:12', NULL),
('notif-1778692272252-ef8c77', 'tugas', 'Pengingat Tugas Hari Ini: PD', 'Hari Ini: Anda bertugas sebagai <b>PD</b> untuk <b>Perayaan Ekaristi Hari Raya Kenaikan Tuhan Hari Kamis 18.30</b> pada hari Kamis, 14/05/2026 jam 18:30 WIB.', '/jadwal-tugas-misa-anggota.html', '{\"target_user_id\": \"67\", \"notification_kind\": \"task_reminder\", \"reminder\": \"hari_h\", \"reminder_label\": \"Hari Ini\", \"misa_type\": \"misa_besar\", \"misa_besar_id\": 20, \"misa_name\": \"Perayaan Ekaristi Hari Raya Kenaikan Tuhan Hari Kamis 18.30\", \"role\": \"PD\", \"misa_date\": \"2026-05-14\", \"misa_time\": \"18:30\", \"dedupe_key\": \"task-reminder:besar:20:178:67:hari_h\"}', '2026-05-14 00:11:12', NULL),
('notif-1778692272254-1d9330', 'tugas', 'Pengingat Tugas Hari Ini: OP', 'Hari Ini: Anda bertugas sebagai <b>OP</b> untuk <b>Perayaan Ekaristi Hari Raya Kenaikan Tuhan Hari Kamis 18.30</b> pada hari Kamis, 14/05/2026 jam 18:30 WIB.', '/jadwal-tugas-misa-anggota.html', '{\"target_user_id\": \"74\", \"notification_kind\": \"task_reminder\", \"reminder\": \"hari_h\", \"reminder_label\": \"Hari Ini\", \"misa_type\": \"misa_besar\", \"misa_besar_id\": 20, \"misa_name\": \"Perayaan Ekaristi Hari Raya Kenaikan Tuhan Hari Kamis 18.30\", \"role\": \"OP\", \"misa_date\": \"2026-05-14\", \"misa_time\": \"18:30\", \"dedupe_key\": \"task-reminder:besar:20:179:74:hari_h\"}', '2026-05-14 00:11:12', NULL),
('notif-1778692272257-e9a7ca', 'tugas', 'Pengingat Tugas Hari Ini: Kamera', 'Hari Ini: Anda bertugas sebagai <b>Kamera</b> untuk <b>Perayaan Ekaristi Hari Raya Kenaikan Tuhan Hari Kamis 18.30</b> pada hari Kamis, 14/05/2026 jam 18:30 WIB.', '/jadwal-tugas-misa-anggota.html', '{\"target_user_id\": \"20\", \"notification_kind\": \"task_reminder\", \"reminder\": \"hari_h\", \"reminder_label\": \"Hari Ini\", \"misa_type\": \"misa_besar\", \"misa_besar_id\": 20, \"misa_name\": \"Perayaan Ekaristi Hari Raya Kenaikan Tuhan Hari Kamis 18.30\", \"role\": \"Kamera\", \"misa_date\": \"2026-05-14\", \"misa_time\": \"18:30\", \"dedupe_key\": \"task-reminder:besar:20:180:20:hari_h\"}', '2026-05-14 00:11:12', NULL),
('notif-1778692272335-691693', 'tugas', 'Pengingat target tugas bulan ini', 'Target tugas Misa Biasa bulan <b>Mei 2026</b> belum terpenuhi. Saat ini Anda memiliki <b>0</b> tugas dari target minimum <b>3</b>; masih kurang <b>3</b> tugas. Silakan mengambil/request jadwal yang masih kosong.', '/request-tugas-anggota.html', '{\"target_user_id\": \"36\", \"notification_kind\": \"monthly_task_requirement\", \"period_year\": 2026, \"period_month\": 5, \"target_minimum\": 3, \"current_total\": 0, \"shortage\": 3, \"dedupe_key\": \"monthly-monitoring:2026-05:36:daily_current:2026-05-14:target3\"}', '2026-05-14 00:11:12', 'user'),
('notif-1778692272338-c5a5db', 'tugas', 'Pengingat target tugas bulan ini', 'Target tugas Misa Biasa bulan <b>Mei 2026</b> belum terpenuhi. Saat ini Anda memiliki <b>2</b> tugas dari target minimum <b>3</b>; masih kurang <b>1</b> tugas. Silakan mengambil/request jadwal yang masih kosong.', '/request-tugas-anggota.html', '{\"target_user_id\": \"72\", \"notification_kind\": \"monthly_task_requirement\", \"period_year\": 2026, \"period_month\": 5, \"target_minimum\": 3, \"current_total\": 2, \"shortage\": 1, \"dedupe_key\": \"monthly-monitoring:2026-05:72:daily_current:2026-05-14:target3\"}', '2026-05-14 00:11:12', 'user'),
('notif-1778692272339-dfac38', 'tugas', 'Pengingat target tugas bulan ini', 'Target tugas Misa Biasa bulan <b>Mei 2026</b> belum terpenuhi. Saat ini Anda memiliki <b>0</b> tugas dari target minimum <b>3</b>; masih kurang <b>3</b> tugas. Silakan mengambil/request jadwal yang masih kosong.', '/request-tugas-anggota.html', '{\"target_user_id\": \"60\", \"notification_kind\": \"monthly_task_requirement\", \"period_year\": 2026, \"period_month\": 5, \"target_minimum\": 3, \"current_total\": 0, \"shortage\": 3, \"dedupe_key\": \"monthly-monitoring:2026-05:60:daily_current:2026-05-14:target3\"}', '2026-05-14 00:11:12', 'user'),
('notif-1778692272341-719e3c', 'tugas', 'Pengingat target tugas bulan ini', 'Target tugas Misa Biasa bulan <b>Mei 2026</b> belum terpenuhi. Saat ini Anda memiliki <b>2</b> tugas dari target minimum <b>3</b>; masih kurang <b>1</b> tugas. Silakan mengambil/request jadwal yang masih kosong.', '/request-tugas-anggota.html', '{\"target_user_id\": \"22\", \"notification_kind\": \"monthly_task_requirement\", \"period_year\": 2026, \"period_month\": 5, \"target_minimum\": 3, \"current_total\": 2, \"shortage\": 1, \"dedupe_key\": \"monthly-monitoring:2026-05:22:daily_current:2026-05-14:target3\"}', '2026-05-14 00:11:12', 'user'),
('notif-1778692272342-28a65d', 'tugas', 'Pengingat target tugas bulan ini', 'Target tugas Misa Biasa bulan <b>Mei 2026</b> belum terpenuhi. Saat ini Anda memiliki <b>0</b> tugas dari target minimum <b>3</b>; masih kurang <b>3</b> tugas. Silakan mengambil/request jadwal yang masih kosong.', '/request-tugas-anggota.html', '{\"target_user_id\": \"24\", \"notification_kind\": \"monthly_task_requirement\", \"period_year\": 2026, \"period_month\": 5, \"target_minimum\": 3, \"current_total\": 0, \"shortage\": 3, \"dedupe_key\": \"monthly-monitoring:2026-05:24:daily_current:2026-05-14:target3\"}', '2026-05-14 00:11:12', 'user'),
('notif-1778692272344-808d2a', 'tugas', 'Pengingat target tugas bulan ini', 'Target tugas Misa Biasa bulan <b>Mei 2026</b> belum terpenuhi. Saat ini Anda memiliki <b>2</b> tugas dari target minimum <b>3</b>; masih kurang <b>1</b> tugas. Silakan mengambil/request jadwal yang masih kosong.', '/request-tugas-anggota.html', '{\"target_user_id\": \"25\", \"notification_kind\": \"monthly_task_requirement\", \"period_year\": 2026, \"period_month\": 5, \"target_minimum\": 3, \"current_total\": 2, \"shortage\": 1, \"dedupe_key\": \"monthly-monitoring:2026-05:25:daily_current:2026-05-14:target3\"}', '2026-05-14 00:11:12', 'user'),
('notif-1778692272346-72da90', 'tugas', 'Pengingat target tugas bulan ini', 'Target tugas Misa Biasa bulan <b>Mei 2026</b> belum terpenuhi. Saat ini Anda memiliki <b>0</b> tugas dari target minimum <b>3</b>; masih kurang <b>3</b> tugas. Silakan mengambil/request jadwal yang masih kosong.', '/request-tugas-anggota.html', '{\"target_user_id\": \"75\", \"notification_kind\": \"monthly_task_requirement\", \"period_year\": 2026, \"period_month\": 5, \"target_minimum\": 3, \"current_total\": 0, \"shortage\": 3, \"dedupe_key\": \"monthly-monitoring:2026-05:75:daily_current:2026-05-14:target3\"}', '2026-05-14 00:11:12', 'user'),
('notif-1778692272347-6547d7', 'tugas', 'Pengingat target tugas bulan ini', 'Target tugas Misa Biasa bulan <b>Mei 2026</b> belum terpenuhi. Saat ini Anda memiliki <b>2</b> tugas dari target minimum <b>3</b>; masih kurang <b>1</b> tugas. Silakan mengambil/request jadwal yang masih kosong.', '/request-tugas-anggota.html', '{\"target_user_id\": \"35\", \"notification_kind\": \"monthly_task_requirement\", \"period_year\": 2026, \"period_month\": 5, \"target_minimum\": 3, \"current_total\": 2, \"shortage\": 1, \"dedupe_key\": \"monthly-monitoring:2026-05:35:daily_current:2026-05-14:target3\"}', '2026-05-14 00:11:12', 'user'),
('notif-1778692272348-1986a4', 'tugas', 'Pengingat target tugas bulan ini', 'Target tugas Misa Biasa bulan <b>Mei 2026</b> belum terpenuhi. Saat ini Anda memiliki <b>2</b> tugas dari target minimum <b>3</b>; masih kurang <b>1</b> tugas. Silakan mengambil/request jadwal yang masih kosong.', '/jadwal-tugas-streaming-admin.html', '{\"target_user_id\": \"3\", \"notification_kind\": \"monthly_task_requirement\", \"period_year\": 2026, \"period_month\": 5, \"target_minimum\": 3, \"current_total\": 2, \"shortage\": 1, \"dedupe_key\": \"monthly-monitoring:2026-05:3:daily_current:2026-05-14:target3\"}', '2026-05-14 00:11:12', 'admin'),
('notif-1778692272349-dd101c', 'tugas', 'Pengingat target tugas bulan ini', 'Target tugas Misa Biasa bulan <b>Mei 2026</b> belum terpenuhi. Saat ini Anda memiliki <b>0</b> tugas dari target minimum <b>3</b>; masih kurang <b>3</b> tugas. Silakan mengambil/request jadwal yang masih kosong.', '/request-tugas-anggota.html', '{\"target_user_id\": \"26\", \"notification_kind\": \"monthly_task_requirement\", \"period_year\": 2026, \"period_month\": 5, \"target_minimum\": 3, \"current_total\": 0, \"shortage\": 3, \"dedupe_key\": \"monthly-monitoring:2026-05:26:daily_current:2026-05-14:target3\"}', '2026-05-14 00:11:12', 'user'),
('notif-1778692272351-ad33b7', 'tugas', 'Pengingat target tugas bulan ini', 'Target tugas Misa Biasa bulan <b>Mei 2026</b> belum terpenuhi. Saat ini Anda memiliki <b>2</b> tugas dari target minimum <b>3</b>; masih kurang <b>1</b> tugas. Silakan mengambil/request jadwal yang masih kosong.', '/jadwal-tugas-streaming-admin.html', '{\"target_user_id\": \"8\", \"notification_kind\": \"monthly_task_requirement\", \"period_year\": 2026, \"period_month\": 5, \"target_minimum\": 3, \"current_total\": 2, \"shortage\": 1, \"dedupe_key\": \"monthly-monitoring:2026-05:8:daily_current:2026-05-14:target3\"}', '2026-05-14 00:11:12', 'admin'),
('notif-1778692272352-20d2b8', 'tugas', 'Pengingat target tugas bulan ini', 'Target tugas Misa Biasa bulan <b>Mei 2026</b> belum terpenuhi. Saat ini Anda memiliki <b>2</b> tugas dari target minimum <b>3</b>; masih kurang <b>1</b> tugas. Silakan mengambil/request jadwal yang masih kosong.', '/request-tugas-anggota.html', '{\"target_user_id\": \"68\", \"notification_kind\": \"monthly_task_requirement\", \"period_year\": 2026, \"period_month\": 5, \"target_minimum\": 3, \"current_total\": 2, \"shortage\": 1, \"dedupe_key\": \"monthly-monitoring:2026-05:68:daily_current:2026-05-14:target3\"}', '2026-05-14 00:11:12', 'user'),
('notif-1778692272353-b61a39', 'tugas', 'Pengingat target tugas bulan ini', 'Target tugas Misa Biasa bulan <b>Mei 2026</b> belum terpenuhi. Saat ini Anda memiliki <b>2</b> tugas dari target minimum <b>3</b>; masih kurang <b>1</b> tugas. Silakan mengambil/request jadwal yang masih kosong.', '/request-tugas-anggota.html', '{\"target_user_id\": \"66\", \"notification_kind\": \"monthly_task_requirement\", \"period_year\": 2026, \"period_month\": 5, \"target_minimum\": 3, \"current_total\": 2, \"shortage\": 1, \"dedupe_key\": \"monthly-monitoring:2026-05:66:daily_current:2026-05-14:target3\"}', '2026-05-14 00:11:12', 'user'),
('notif-1778692272354-53afa4', 'tugas', 'Pengingat target tugas bulan ini', 'Target tugas Misa Biasa bulan <b>Mei 2026</b> belum terpenuhi. Saat ini Anda memiliki <b>0</b> tugas dari target minimum <b>3</b>; masih kurang <b>3</b> tugas. Silakan mengambil/request jadwal yang masih kosong.', '/request-tugas-anggota.html', '{\"target_user_id\": \"27\", \"notification_kind\": \"monthly_task_requirement\", \"period_year\": 2026, \"period_month\": 5, \"target_minimum\": 3, \"current_total\": 0, \"shortage\": 3, \"dedupe_key\": \"monthly-monitoring:2026-05:27:daily_current:2026-05-14:target3\"}', '2026-05-14 00:11:12', 'user'),
('notif-1778692272356-6bb30c', 'tugas', 'Pengingat target tugas bulan ini', 'Target tugas Misa Biasa bulan <b>Mei 2026</b> belum terpenuhi. Saat ini Anda memiliki <b>2</b> tugas dari target minimum <b>3</b>; masih kurang <b>1</b> tugas. Silakan mengambil/request jadwal yang masih kosong.', '/request-tugas-anggota.html', '{\"target_user_id\": \"28\", \"notification_kind\": \"monthly_task_requirement\", \"period_year\": 2026, \"period_month\": 5, \"target_minimum\": 3, \"current_total\": 2, \"shortage\": 1, \"dedupe_key\": \"monthly-monitoring:2026-05:28:daily_current:2026-05-14:target3\"}', '2026-05-14 00:11:12', 'user'),
('notif-1778692272357-8870ea', 'tugas', 'Pengingat target tugas bulan ini', 'Target tugas Misa Biasa bulan <b>Mei 2026</b> belum terpenuhi. Saat ini Anda memiliki <b>1</b> tugas dari target minimum <b>3</b>; masih kurang <b>2</b> tugas. Silakan mengambil/request jadwal yang masih kosong.', '/request-tugas-anggota.html', '{\"target_user_id\": \"77\", \"notification_kind\": \"monthly_task_requirement\", \"period_year\": 2026, \"period_month\": 5, \"target_minimum\": 3, \"current_total\": 1, \"shortage\": 2, \"dedupe_key\": \"monthly-monitoring:2026-05:77:daily_current:2026-05-14:target3\"}', '2026-05-14 00:11:12', 'user'),
('notif-1778692272358-ba1fb5', 'tugas', 'Pengingat target tugas bulan ini', 'Target tugas Misa Biasa bulan <b>Mei 2026</b> belum terpenuhi. Saat ini Anda memiliki <b>1</b> tugas dari target minimum <b>3</b>; masih kurang <b>2</b> tugas. Silakan mengambil/request jadwal yang masih kosong.', '/request-tugas-anggota.html', '{\"target_user_id\": \"55\", \"notification_kind\": \"monthly_task_requirement\", \"period_year\": 2026, \"period_month\": 5, \"target_minimum\": 3, \"current_total\": 1, \"shortage\": 2, \"dedupe_key\": \"monthly-monitoring:2026-05:55:daily_current:2026-05-14:target3\"}', '2026-05-14 00:11:12', 'user'),
('notif-1778692272359-247f8d', 'tugas', 'Pengingat target tugas bulan ini', 'Target tugas Misa Biasa bulan <b>Mei 2026</b> belum terpenuhi. Saat ini Anda memiliki <b>2</b> tugas dari target minimum <b>3</b>; masih kurang <b>1</b> tugas. Silakan mengambil/request jadwal yang masih kosong.', '/request-tugas-anggota.html', '{\"target_user_id\": \"30\", \"notification_kind\": \"monthly_task_requirement\", \"period_year\": 2026, \"period_month\": 5, \"target_minimum\": 3, \"current_total\": 2, \"shortage\": 1, \"dedupe_key\": \"monthly-monitoring:2026-05:30:daily_current:2026-05-14:target3\"}', '2026-05-14 00:11:12', 'user'),
('notif-1778692272360-b54f61', 'tugas', 'Pengingat target tugas bulan ini', 'Target tugas Misa Biasa bulan <b>Mei 2026</b> belum terpenuhi. Saat ini Anda memiliki <b>0</b> tugas dari target minimum <b>3</b>; masih kurang <b>3</b> tugas. Silakan mengambil/request jadwal yang masih kosong.', '/request-tugas-anggota.html', '{\"target_user_id\": \"34\", \"notification_kind\": \"monthly_task_requirement\", \"period_year\": 2026, \"period_month\": 5, \"target_minimum\": 3, \"current_total\": 0, \"shortage\": 3, \"dedupe_key\": \"monthly-monitoring:2026-05:34:daily_current:2026-05-14:target3\"}', '2026-05-14 00:11:12', 'user'),
('notif-1778692272362-6549a2', 'tugas', 'Pengingat target tugas bulan ini', 'Target tugas Misa Biasa bulan <b>Mei 2026</b> belum terpenuhi. Saat ini Anda memiliki <b>2</b> tugas dari target minimum <b>3</b>; masih kurang <b>1</b> tugas. Silakan mengambil/request jadwal yang masih kosong.', '/request-tugas-anggota.html', '{\"target_user_id\": \"70\", \"notification_kind\": \"monthly_task_requirement\", \"period_year\": 2026, \"period_month\": 5, \"target_minimum\": 3, \"current_total\": 2, \"shortage\": 1, \"dedupe_key\": \"monthly-monitoring:2026-05:70:daily_current:2026-05-14:target3\"}', '2026-05-14 00:11:12', 'user'),
('notif-1778692272363-f0eaf8', 'tugas', 'Pengingat target tugas bulan ini', 'Target tugas Misa Biasa bulan <b>Mei 2026</b> belum terpenuhi. Saat ini Anda memiliki <b>0</b> tugas dari target minimum <b>3</b>; masih kurang <b>3</b> tugas. Silakan mengambil/request jadwal yang masih kosong.', '/request-tugas-anggota.html', '{\"target_user_id\": \"31\", \"notification_kind\": \"monthly_task_requirement\", \"period_year\": 2026, \"period_month\": 5, \"target_minimum\": 3, \"current_total\": 0, \"shortage\": 3, \"dedupe_key\": \"monthly-monitoring:2026-05:31:daily_current:2026-05-14:target3\"}', '2026-05-14 00:11:12', 'user'),
('notif-1778692272364-9b2ffd', 'tugas', 'Pengingat target tugas bulan ini', 'Target tugas Misa Biasa bulan <b>Mei 2026</b> belum terpenuhi. Saat ini Anda memiliki <b>0</b> tugas dari target minimum <b>3</b>; masih kurang <b>3</b> tugas. Silakan mengambil/request jadwal yang masih kosong.', '/request-tugas-anggota.html', '{\"target_user_id\": \"32\", \"notification_kind\": \"monthly_task_requirement\", \"period_year\": 2026, \"period_month\": 5, \"target_minimum\": 3, \"current_total\": 0, \"shortage\": 3, \"dedupe_key\": \"monthly-monitoring:2026-05:32:daily_current:2026-05-14:target3\"}', '2026-05-14 00:11:12', 'user'),
('notif-1778692272365-c333f9', 'tugas', 'Pengingat target tugas bulan ini', 'Target tugas Misa Biasa bulan <b>Mei 2026</b> belum terpenuhi. Saat ini Anda memiliki <b>0</b> tugas dari target minimum <b>3</b>; masih kurang <b>3</b> tugas. Silakan mengambil/request jadwal yang masih kosong.', '/request-tugas-anggota.html', '{\"target_user_id\": \"38\", \"notification_kind\": \"monthly_task_requirement\", \"period_year\": 2026, \"period_month\": 5, \"target_minimum\": 3, \"current_total\": 0, \"shortage\": 3, \"dedupe_key\": \"monthly-monitoring:2026-05:38:daily_current:2026-05-14:target3\"}', '2026-05-14 00:11:12', 'user'),
('notif-1778692272367-04f5ab', 'tugas', 'Pengingat target tugas bulan ini', 'Target tugas Misa Biasa bulan <b>Mei 2026</b> belum terpenuhi. Saat ini Anda memiliki <b>0</b> tugas dari target minimum <b>3</b>; masih kurang <b>3</b> tugas. Silakan mengambil/request jadwal yang masih kosong.', '/request-tugas-anggota.html', '{\"target_user_id\": \"39\", \"notification_kind\": \"monthly_task_requirement\", \"period_year\": 2026, \"period_month\": 5, \"target_minimum\": 3, \"current_total\": 0, \"shortage\": 3, \"dedupe_key\": \"monthly-monitoring:2026-05:39:daily_current:2026-05-14:target3\"}', '2026-05-14 00:11:12', 'user'),
('notif-1778692272368-ab8a6b', 'tugas', 'Pengingat target tugas bulan ini', 'Target tugas Misa Biasa bulan <b>Mei 2026</b> belum terpenuhi. Saat ini Anda memiliki <b>2</b> tugas dari target minimum <b>3</b>; masih kurang <b>1</b> tugas. Silakan mengambil/request jadwal yang masih kosong.', '/request-tugas-anggota.html', '{\"target_user_id\": \"57\", \"notification_kind\": \"monthly_task_requirement\", \"period_year\": 2026, \"period_month\": 5, \"target_minimum\": 3, \"current_total\": 2, \"shortage\": 1, \"dedupe_key\": \"monthly-monitoring:2026-05:57:daily_current:2026-05-14:target3\"}', '2026-05-14 00:11:12', 'user'),
('notif-1778692272369-ea0e57', 'tugas', 'Pengingat target tugas bulan ini', 'Target tugas Misa Biasa bulan <b>Mei 2026</b> belum terpenuhi. Saat ini Anda memiliki <b>2</b> tugas dari target minimum <b>3</b>; masih kurang <b>1</b> tugas. Silakan mengambil/request jadwal yang masih kosong.', '/request-tugas-anggota.html', '{\"target_user_id\": \"40\", \"notification_kind\": \"monthly_task_requirement\", \"period_year\": 2026, \"period_month\": 5, \"target_minimum\": 3, \"current_total\": 2, \"shortage\": 1, \"dedupe_key\": \"monthly-monitoring:2026-05:40:daily_current:2026-05-14:target3\"}', '2026-05-14 00:11:12', 'user'),
('notif-1778692272370-e3e6d8', 'tugas', 'Pengingat target tugas bulan ini', 'Target tugas Misa Biasa bulan <b>Mei 2026</b> belum terpenuhi. Saat ini Anda memiliki <b>0</b> tugas dari target minimum <b>3</b>; masih kurang <b>3</b> tugas. Silakan mengambil/request jadwal yang masih kosong.', '/request-tugas-anggota.html', '{\"target_user_id\": \"41\", \"notification_kind\": \"monthly_task_requirement\", \"period_year\": 2026, \"period_month\": 5, \"target_minimum\": 3, \"current_total\": 0, \"shortage\": 3, \"dedupe_key\": \"monthly-monitoring:2026-05:41:daily_current:2026-05-14:target3\"}', '2026-05-14 00:11:12', 'user'),
('notif-1778692272372-d4d3b2', 'tugas', 'Pengingat target tugas bulan ini', 'Target tugas Misa Biasa bulan <b>Mei 2026</b> belum terpenuhi. Saat ini Anda memiliki <b>1</b> tugas dari target minimum <b>3</b>; masih kurang <b>2</b> tugas. Silakan mengambil/request jadwal yang masih kosong.', '/request-tugas-anggota.html', '{\"target_user_id\": \"42\", \"notification_kind\": \"monthly_task_requirement\", \"period_year\": 2026, \"period_month\": 5, \"target_minimum\": 3, \"current_total\": 1, \"shortage\": 2, \"dedupe_key\": \"monthly-monitoring:2026-05:42:daily_current:2026-05-14:target3\"}', '2026-05-14 00:11:12', 'user'),
('notif-1778692272373-760b03', 'tugas', 'Pengingat target tugas bulan ini', 'Target tugas Misa Biasa bulan <b>Mei 2026</b> belum terpenuhi. Saat ini Anda memiliki <b>2</b> tugas dari target minimum <b>3</b>; masih kurang <b>1</b> tugas. Silakan mengambil/request jadwal yang masih kosong.', '/request-tugas-anggota.html', '{\"target_user_id\": \"54\", \"notification_kind\": \"monthly_task_requirement\", \"period_year\": 2026, \"period_month\": 5, \"target_minimum\": 3, \"current_total\": 2, \"shortage\": 1, \"dedupe_key\": \"monthly-monitoring:2026-05:54:daily_current:2026-05-14:target3\"}', '2026-05-14 00:11:12', 'user'),
('notif-1778692272374-4a7909', 'tugas', 'Pengingat target tugas bulan ini', 'Target tugas Misa Biasa bulan <b>Mei 2026</b> belum terpenuhi. Saat ini Anda memiliki <b>1</b> tugas dari target minimum <b>3</b>; masih kurang <b>2</b> tugas. Silakan mengambil/request jadwal yang masih kosong.', '/jadwal-tugas-streaming-admin.html', '{\"target_user_id\": \"17\", \"notification_kind\": \"monthly_task_requirement\", \"period_year\": 2026, \"period_month\": 5, \"target_minimum\": 3, \"current_total\": 1, \"shortage\": 2, \"dedupe_key\": \"monthly-monitoring:2026-05:17:daily_current:2026-05-14:target3\"}', '2026-05-14 00:11:12', 'admin'),
('notif-1778692272375-50171c', 'tugas', 'Pengingat target tugas bulan ini', 'Target tugas Misa Biasa bulan <b>Mei 2026</b> belum terpenuhi. Saat ini Anda memiliki <b>0</b> tugas dari target minimum <b>3</b>; masih kurang <b>3</b> tugas. Silakan mengambil/request jadwal yang masih kosong.', '/request-tugas-anggota.html', '{\"target_user_id\": \"43\", \"notification_kind\": \"monthly_task_requirement\", \"period_year\": 2026, \"period_month\": 5, \"target_minimum\": 3, \"current_total\": 0, \"shortage\": 3, \"dedupe_key\": \"monthly-monitoring:2026-05:43:daily_current:2026-05-14:target3\"}', '2026-05-14 00:11:12', 'user'),
('notif-1778692272377-760076', 'tugas', 'Pengingat target tugas bulan ini', 'Target tugas Misa Biasa bulan <b>Mei 2026</b> belum terpenuhi. Saat ini Anda memiliki <b>0</b> tugas dari target minimum <b>3</b>; masih kurang <b>3</b> tugas. Silakan mengambil/request jadwal yang masih kosong.', '/request-tugas-anggota.html', '{\"target_user_id\": \"44\", \"notification_kind\": \"monthly_task_requirement\", \"period_year\": 2026, \"period_month\": 5, \"target_minimum\": 3, \"current_total\": 0, \"shortage\": 3, \"dedupe_key\": \"monthly-monitoring:2026-05:44:daily_current:2026-05-14:target3\"}', '2026-05-14 00:11:12', 'user'),
('notif-1778692272378-c12010', 'tugas', 'Pengingat target tugas bulan ini', 'Target tugas Misa Biasa bulan <b>Mei 2026</b> belum terpenuhi. Saat ini Anda memiliki <b>0</b> tugas dari target minimum <b>3</b>; masih kurang <b>3</b> tugas. Silakan mengambil/request jadwal yang masih kosong.', '/request-tugas-anggota.html', '{\"target_user_id\": \"56\", \"notification_kind\": \"monthly_task_requirement\", \"period_year\": 2026, \"period_month\": 5, \"target_minimum\": 3, \"current_total\": 0, \"shortage\": 3, \"dedupe_key\": \"monthly-monitoring:2026-05:56:daily_current:2026-05-14:target3\"}', '2026-05-14 00:11:12', 'user'),
('notif-1778692272382-87dccb', 'tugas', 'Pengingat target tugas bulan ini', 'Target tugas Misa Biasa bulan <b>Mei 2026</b> belum terpenuhi. Saat ini Anda memiliki <b>0</b> tugas dari target minimum <b>3</b>; masih kurang <b>3</b> tugas. Silakan mengambil/request jadwal yang masih kosong.', '/jadwal-tugas-streaming-admin.html', '{\"target_user_id\": \"4\", \"notification_kind\": \"monthly_task_requirement\", \"period_year\": 2026, \"period_month\": 5, \"target_minimum\": 3, \"current_total\": 0, \"shortage\": 3, \"dedupe_key\": \"monthly-monitoring:2026-05:4:daily_current:2026-05-14:target3\"}', '2026-05-14 00:11:12', 'admin'),
('notif-1778692272384-723096', 'tugas', 'Pengingat target tugas bulan ini', 'Target tugas Misa Biasa bulan <b>Mei 2026</b> belum terpenuhi. Saat ini Anda memiliki <b>0</b> tugas dari target minimum <b>3</b>; masih kurang <b>3</b> tugas. Silakan mengambil/request jadwal yang masih kosong.', '/request-tugas-anggota.html', '{\"target_user_id\": \"11\", \"notification_kind\": \"monthly_task_requirement\", \"period_year\": 2026, \"period_month\": 5, \"target_minimum\": 3, \"current_total\": 0, \"shortage\": 3, \"dedupe_key\": \"monthly-monitoring:2026-05:11:daily_current:2026-05-14:target3\"}', '2026-05-14 00:11:12', 'user'),
('notif-1778692272385-5d262b', 'tugas', 'Pengingat target tugas bulan ini', 'Target tugas Misa Biasa bulan <b>Mei 2026</b> belum terpenuhi. Saat ini Anda memiliki <b>0</b> tugas dari target minimum <b>3</b>; masih kurang <b>3</b> tugas. Silakan mengambil/request jadwal yang masih kosong.', '/request-tugas-anggota.html', '{\"target_user_id\": \"46\", \"notification_kind\": \"monthly_task_requirement\", \"period_year\": 2026, \"period_month\": 5, \"target_minimum\": 3, \"current_total\": 0, \"shortage\": 3, \"dedupe_key\": \"monthly-monitoring:2026-05:46:daily_current:2026-05-14:target3\"}', '2026-05-14 00:11:12', 'user'),
('notif-1778692272386-f150a2', 'tugas', 'Pengingat target tugas bulan ini', 'Target tugas Misa Biasa bulan <b>Mei 2026</b> belum terpenuhi. Saat ini Anda memiliki <b>2</b> tugas dari target minimum <b>3</b>; masih kurang <b>1</b> tugas. Silakan mengambil/request jadwal yang masih kosong.', '/request-tugas-anggota.html', '{\"target_user_id\": \"71\", \"notification_kind\": \"monthly_task_requirement\", \"period_year\": 2026, \"period_month\": 5, \"target_minimum\": 3, \"current_total\": 2, \"shortage\": 1, \"dedupe_key\": \"monthly-monitoring:2026-05:71:daily_current:2026-05-14:target3\"}', '2026-05-14 00:11:12', 'user'),
('notif-1778692272388-77340c', 'tugas', 'Pengingat target tugas bulan ini', 'Target tugas Misa Biasa bulan <b>Mei 2026</b> belum terpenuhi. Saat ini Anda memiliki <b>1</b> tugas dari target minimum <b>3</b>; masih kurang <b>2</b> tugas. Silakan mengambil/request jadwal yang masih kosong.', '/request-tugas-anggota.html', '{\"target_user_id\": \"47\", \"notification_kind\": \"monthly_task_requirement\", \"period_year\": 2026, \"period_month\": 5, \"target_minimum\": 3, \"current_total\": 1, \"shortage\": 2, \"dedupe_key\": \"monthly-monitoring:2026-05:47:daily_current:2026-05-14:target3\"}', '2026-05-14 00:11:12', 'user'),
('notif-1778692272389-7c9e17', 'tugas', 'Pengingat target tugas bulan ini', 'Target tugas Misa Biasa bulan <b>Mei 2026</b> belum terpenuhi. Saat ini Anda memiliki <b>0</b> tugas dari target minimum <b>3</b>; masih kurang <b>3</b> tugas. Silakan mengambil/request jadwal yang masih kosong.', '/request-tugas-anggota.html', '{\"target_user_id\": \"48\", \"notification_kind\": \"monthly_task_requirement\", \"period_year\": 2026, \"period_month\": 5, \"target_minimum\": 3, \"current_total\": 0, \"shortage\": 3, \"dedupe_key\": \"monthly-monitoring:2026-05:48:daily_current:2026-05-14:target3\"}', '2026-05-14 00:11:12', 'user'),
('notif-1778692272390-00fdca', 'tugas', 'Pengingat target tugas bulan ini', 'Target tugas Misa Biasa bulan <b>Mei 2026</b> belum terpenuhi. Saat ini Anda memiliki <b>2</b> tugas dari target minimum <b>3</b>; masih kurang <b>1</b> tugas. Silakan mengambil/request jadwal yang masih kosong.', '/request-tugas-anggota.html', '{\"target_user_id\": \"12\", \"notification_kind\": \"monthly_task_requirement\", \"period_year\": 2026, \"period_month\": 5, \"target_minimum\": 3, \"current_total\": 2, \"shortage\": 1, \"dedupe_key\": \"monthly-monitoring:2026-05:12:daily_current:2026-05-14:target3\"}', '2026-05-14 00:11:12', 'user'),
('notif-1778692272392-a2e9ff', 'tugas', 'Pengingat target tugas bulan ini', 'Target tugas Misa Biasa bulan <b>Mei 2026</b> belum terpenuhi. Saat ini Anda memiliki <b>1</b> tugas dari target minimum <b>3</b>; masih kurang <b>2</b> tugas. Silakan mengambil/request jadwal yang masih kosong.', '/request-tugas-anggota.html', '{\"target_user_id\": \"13\", \"notification_kind\": \"monthly_task_requirement\", \"period_year\": 2026, \"period_month\": 5, \"target_minimum\": 3, \"current_total\": 1, \"shortage\": 2, \"dedupe_key\": \"monthly-monitoring:2026-05:13:daily_current:2026-05-14:target3\"}', '2026-05-14 00:11:12', 'user'),
('notif-1778692272393-867434', 'tugas', 'Pengingat target tugas bulan ini', 'Target tugas Misa Biasa bulan <b>Mei 2026</b> belum terpenuhi. Saat ini Anda memiliki <b>0</b> tugas dari target minimum <b>3</b>; masih kurang <b>3</b> tugas. Silakan mengambil/request jadwal yang masih kosong.', '/request-tugas-anggota.html', '{\"target_user_id\": \"15\", \"notification_kind\": \"monthly_task_requirement\", \"period_year\": 2026, \"period_month\": 5, \"target_minimum\": 3, \"current_total\": 0, \"shortage\": 3, \"dedupe_key\": \"monthly-monitoring:2026-05:15:daily_current:2026-05-14:target3\"}', '2026-05-14 00:11:12', 'user'),
('notif-1778692272395-08f00b', 'tugas', 'Pengingat target tugas bulan ini', 'Target tugas Misa Biasa bulan <b>Mei 2026</b> belum terpenuhi. Saat ini Anda memiliki <b>0</b> tugas dari target minimum <b>3</b>; masih kurang <b>3</b> tugas. Silakan mengambil/request jadwal yang masih kosong.', '/request-tugas-anggota.html', '{\"target_user_id\": \"18\", \"notification_kind\": \"monthly_task_requirement\", \"period_year\": 2026, \"period_month\": 5, \"target_minimum\": 3, \"current_total\": 0, \"shortage\": 3, \"dedupe_key\": \"monthly-monitoring:2026-05:18:daily_current:2026-05-14:target3\"}', '2026-05-14 00:11:12', 'user'),
('notif-1778692272482-f040f1', 'evaluasi', 'Pengingat Evaluasi Streaming: Misa Harian', 'Form evaluasi untuk <b>Misa Harian</b> pada Jumat, 01/05/2026 jam 18:00 WIB belum diisi. Silakan isi evaluasi streaming untuk sesi tersebut.', '/form-evaluasi-streaming.html', '{\"target_user_id\": \"6\", \"notification_kind\": \"streaming_evaluation_reminder\", \"schedule_id\": \"misa_biasa|biasa:2026-05-01:18:00\", \"misa_name\": \"Misa Harian\", \"dedupe_key\": \"eval-reminder:2026-05-14:misa_biasa|biasa:2026-05-01:18:00:6\"}', '2026-05-14 00:11:12', NULL),
('notif-1778692272483-d6add7', 'evaluasi', 'Pengingat Evaluasi Streaming: Misa Harian', 'Form evaluasi untuk <b>Misa Harian</b> pada Jumat, 01/05/2026 jam 18:00 WIB belum diisi. Silakan isi evaluasi streaming untuk sesi tersebut.', '/form-evaluasi-streaming.html', '{\"target_user_id\": \"5\", \"notification_kind\": \"streaming_evaluation_reminder\", \"schedule_id\": \"misa_biasa|biasa:2026-05-01:18:00\", \"misa_name\": \"Misa Harian\", \"dedupe_key\": \"eval-reminder:2026-05-14:misa_biasa|biasa:2026-05-01:18:00:5\"}', '2026-05-14 00:11:12', NULL),
('notif-1778692272484-ab709a', 'evaluasi', 'Pengingat Evaluasi Streaming: Misa Harian', 'Form evaluasi untuk <b>Misa Harian</b> pada Jumat, 01/05/2026 jam 18:00 WIB belum diisi. Silakan isi evaluasi streaming untuk sesi tersebut.', '/evaluasi-streaming-anggota.html', '{\"target_user_id\": \"53\", \"notification_kind\": \"streaming_evaluation_reminder\", \"schedule_id\": \"misa_biasa|biasa:2026-05-01:18:00\", \"misa_name\": \"Misa Harian\", \"dedupe_key\": \"eval-reminder:2026-05-14:misa_biasa|biasa:2026-05-01:18:00:53\"}', '2026-05-14 00:11:12', NULL),
('notif-1778692272485-0014ad', 'evaluasi', 'Pengingat Evaluasi Streaming: Misa Mingguan', 'Form evaluasi untuk <b>Misa Mingguan</b> pada Sabtu, 02/05/2026 jam 18:00 WIB belum diisi. Silakan isi evaluasi streaming untuk sesi tersebut.', '/form-evaluasi-streaming.html', '{\"target_user_id\": \"6\", \"notification_kind\": \"streaming_evaluation_reminder\", \"schedule_id\": \"misa_biasa|biasa:2026-05-02:18:00\", \"misa_name\": \"Misa Mingguan\", \"dedupe_key\": \"eval-reminder:2026-05-14:misa_biasa|biasa:2026-05-02:18:00:6\"}', '2026-05-14 00:11:12', NULL),
('notif-1778692272485-98c6b4', 'evaluasi', 'Pengingat Evaluasi Streaming: Misa Mingguan', 'Form evaluasi untuk <b>Misa Mingguan</b> pada Sabtu, 02/05/2026 jam 18:00 WIB belum diisi. Silakan isi evaluasi streaming untuk sesi tersebut.', '/evaluasi-streaming-anggota.html', '{\"target_user_id\": \"49\", \"notification_kind\": \"streaming_evaluation_reminder\", \"schedule_id\": \"misa_biasa|biasa:2026-05-02:18:00\", \"misa_name\": \"Misa Mingguan\", \"dedupe_key\": \"eval-reminder:2026-05-14:misa_biasa|biasa:2026-05-02:18:00:49\"}', '2026-05-14 00:11:12', NULL),
('notif-1778692272486-bb13b0', 'evaluasi', 'Pengingat Evaluasi Streaming: Misa Mingguan', 'Form evaluasi untuk <b>Misa Mingguan</b> pada Sabtu, 02/05/2026 jam 18:00 WIB belum diisi. Silakan isi evaluasi streaming untuk sesi tersebut.', '/form-evaluasi-streaming.html', '{\"target_user_id\": \"17\", \"notification_kind\": \"streaming_evaluation_reminder\", \"schedule_id\": \"misa_biasa|biasa:2026-05-02:18:00\", \"misa_name\": \"Misa Mingguan\", \"dedupe_key\": \"eval-reminder:2026-05-14:misa_biasa|biasa:2026-05-02:18:00:17\"}', '2026-05-14 00:11:12', NULL),
('notif-1778692272487-c05c3f', 'evaluasi', 'Pengingat Evaluasi Streaming: Misa Mingguan', 'Form evaluasi untuk <b>Misa Mingguan</b> pada Minggu, 03/05/2026 jam 07:30 WIB belum diisi. Silakan isi evaluasi streaming untuk sesi tersebut.', '/evaluasi-streaming-anggota.html', '{\"target_user_id\": \"69\", \"notification_kind\": \"streaming_evaluation_reminder\", \"schedule_id\": \"misa_biasa|biasa:2026-05-03:07:30\", \"misa_name\": \"Misa Mingguan\", \"dedupe_key\": \"eval-reminder:2026-05-14:misa_biasa|biasa:2026-05-03:07:30:69\"}', '2026-05-14 00:11:12', NULL),
('notif-1778692272488-dab031', 'evaluasi', 'Pengingat Evaluasi Streaming: Misa Mingguan', 'Form evaluasi untuk <b>Misa Mingguan</b> pada Minggu, 03/05/2026 jam 07:30 WIB belum diisi. Silakan isi evaluasi streaming untuk sesi tersebut.', '/evaluasi-streaming-anggota.html', '{\"target_user_id\": \"66\", \"notification_kind\": \"streaming_evaluation_reminder\", \"schedule_id\": \"misa_biasa|biasa:2026-05-03:07:30\", \"misa_name\": \"Misa Mingguan\", \"dedupe_key\": \"eval-reminder:2026-05-14:misa_biasa|biasa:2026-05-03:07:30:66\"}', '2026-05-14 00:11:12', NULL),
('notif-1778692272488-db024e', 'evaluasi', 'Pengingat Evaluasi Streaming: Misa Mingguan', 'Form evaluasi untuk <b>Misa Mingguan</b> pada Minggu, 03/05/2026 jam 07:30 WIB belum diisi. Silakan isi evaluasi streaming untuk sesi tersebut.', '/evaluasi-streaming-anggota.html', '{\"target_user_id\": \"65\", \"notification_kind\": \"streaming_evaluation_reminder\", \"schedule_id\": \"misa_biasa|biasa:2026-05-03:07:30\", \"misa_name\": \"Misa Mingguan\", \"dedupe_key\": \"eval-reminder:2026-05-14:misa_biasa|biasa:2026-05-03:07:30:65\"}', '2026-05-14 00:11:12', NULL),
('notif-1778692272489-e70494', 'evaluasi', 'Pengingat Evaluasi Streaming: Misa Mingguan', 'Form evaluasi untuk <b>Misa Mingguan</b> pada Minggu, 03/05/2026 jam 10:00 WIB belum diisi. Silakan isi evaluasi streaming untuk sesi tersebut.', '/evaluasi-streaming-anggota.html', '{\"target_user_id\": \"69\", \"notification_kind\": \"streaming_evaluation_reminder\", \"schedule_id\": \"misa_biasa|biasa:2026-05-03:10:00\", \"misa_name\": \"Misa Mingguan\", \"dedupe_key\": \"eval-reminder:2026-05-14:misa_biasa|biasa:2026-05-03:10:00:69\"}', '2026-05-14 00:11:12', NULL),
('notif-1778692272490-0ec665', 'evaluasi', 'Pengingat Evaluasi Streaming: Misa Mingguan', 'Form evaluasi untuk <b>Misa Mingguan</b> pada Minggu, 03/05/2026 jam 10:00 WIB belum diisi. Silakan isi evaluasi streaming untuk sesi tersebut.', '/evaluasi-streaming-anggota.html', '{\"target_user_id\": \"73\", \"notification_kind\": \"streaming_evaluation_reminder\", \"schedule_id\": \"misa_biasa|biasa:2026-05-03:10:00\", \"misa_name\": \"Misa Mingguan\", \"dedupe_key\": \"eval-reminder:2026-05-14:misa_biasa|biasa:2026-05-03:10:00:73\"}', '2026-05-14 00:11:12', NULL),
('notif-1778692272490-8de591', 'evaluasi', 'Pengingat Evaluasi Streaming: Misa Mingguan', 'Form evaluasi untuk <b>Misa Mingguan</b> pada Minggu, 03/05/2026 jam 10:00 WIB belum diisi. Silakan isi evaluasi streaming untuk sesi tersebut.', '/evaluasi-streaming-anggota.html', '{\"target_user_id\": \"65\", \"notification_kind\": \"streaming_evaluation_reminder\", \"schedule_id\": \"misa_biasa|biasa:2026-05-03:10:00\", \"misa_name\": \"Misa Mingguan\", \"dedupe_key\": \"eval-reminder:2026-05-14:misa_biasa|biasa:2026-05-03:10:00:65\"}', '2026-05-14 00:11:12', NULL);
INSERT INTO `notifications` (`id`, `type`, `title`, `body`, `url`, `data`, `created_at`, `target_role`) VALUES
('notif-1778692272491-88f9dd', 'evaluasi', 'Pengingat Evaluasi Streaming: Misa Mingguan', 'Form evaluasi untuk <b>Misa Mingguan</b> pada Minggu, 03/05/2026 jam 16:30 WIB belum diisi. Silakan isi evaluasi streaming untuk sesi tersebut.', '/evaluasi-streaming-anggota.html', '{\"target_user_id\": \"69\", \"notification_kind\": \"streaming_evaluation_reminder\", \"schedule_id\": \"misa_biasa|biasa:2026-05-03:16:30\", \"misa_name\": \"Misa Mingguan\", \"dedupe_key\": \"eval-reminder:2026-05-14:misa_biasa|biasa:2026-05-03:16:30:69\"}', '2026-05-14 00:11:12', NULL),
('notif-1778692272492-321e83', 'evaluasi', 'Pengingat Evaluasi Streaming: Misa Mingguan', 'Form evaluasi untuk <b>Misa Mingguan</b> pada Minggu, 03/05/2026 jam 16:30 WIB belum diisi. Silakan isi evaluasi streaming untuk sesi tersebut.', '/evaluasi-streaming-anggota.html', '{\"target_user_id\": \"28\", \"notification_kind\": \"streaming_evaluation_reminder\", \"schedule_id\": \"misa_biasa|biasa:2026-05-03:16:30\", \"misa_name\": \"Misa Mingguan\", \"dedupe_key\": \"eval-reminder:2026-05-14:misa_biasa|biasa:2026-05-03:16:30:28\"}', '2026-05-14 00:11:12', NULL),
('notif-1778692272493-c18065', 'evaluasi', 'Pengingat Evaluasi Streaming: Misa Mingguan', 'Form evaluasi untuk <b>Misa Mingguan</b> pada Minggu, 03/05/2026 jam 16:30 WIB belum diisi. Silakan isi evaluasi streaming untuk sesi tersebut.', '/evaluasi-streaming-anggota.html', '{\"target_user_id\": \"65\", \"notification_kind\": \"streaming_evaluation_reminder\", \"schedule_id\": \"misa_biasa|biasa:2026-05-03:16:30\", \"misa_name\": \"Misa Mingguan\", \"dedupe_key\": \"eval-reminder:2026-05-14:misa_biasa|biasa:2026-05-03:16:30:65\"}', '2026-05-14 00:11:12', NULL),
('notif-1778692272495-104b19', 'evaluasi', 'Pengingat Evaluasi Streaming: Misa Mingguan', 'Form evaluasi untuk <b>Misa Mingguan</b> pada Minggu, 03/05/2026 jam 18:30 WIB belum diisi. Silakan isi evaluasi streaming untuk sesi tersebut.', '/evaluasi-streaming-anggota.html', '{\"target_user_id\": \"29\", \"notification_kind\": \"streaming_evaluation_reminder\", \"schedule_id\": \"misa_biasa|biasa:2026-05-03:18:30\", \"misa_name\": \"Misa Mingguan\", \"dedupe_key\": \"eval-reminder:2026-05-14:misa_biasa|biasa:2026-05-03:18:30:29\"}', '2026-05-14 00:11:12', NULL),
('notif-1778692272496-0f15d7', 'evaluasi', 'Pengingat Evaluasi Streaming: Misa Mingguan', 'Form evaluasi untuk <b>Misa Mingguan</b> pada Minggu, 03/05/2026 jam 18:30 WIB belum diisi. Silakan isi evaluasi streaming untuk sesi tersebut.', '/evaluasi-streaming-anggota.html', '{\"target_user_id\": \"37\", \"notification_kind\": \"streaming_evaluation_reminder\", \"schedule_id\": \"misa_biasa|biasa:2026-05-03:18:30\", \"misa_name\": \"Misa Mingguan\", \"dedupe_key\": \"eval-reminder:2026-05-14:misa_biasa|biasa:2026-05-03:18:30:37\"}', '2026-05-14 00:11:12', NULL),
('notif-1778692272497-e720d7', 'evaluasi', 'Pengingat Evaluasi Streaming: Misa Mingguan', 'Form evaluasi untuk <b>Misa Mingguan</b> pada Minggu, 03/05/2026 jam 18:30 WIB belum diisi. Silakan isi evaluasi streaming untuk sesi tersebut.', '/form-evaluasi-streaming.html', '{\"target_user_id\": \"6\", \"notification_kind\": \"streaming_evaluation_reminder\", \"schedule_id\": \"misa_biasa|biasa:2026-05-03:18:30\", \"misa_name\": \"Misa Mingguan\", \"dedupe_key\": \"eval-reminder:2026-05-14:misa_biasa|biasa:2026-05-03:18:30:6\"}', '2026-05-14 00:11:12', NULL),
('notif-1778692272498-11bcde', 'evaluasi', 'Pengingat Evaluasi Streaming: Misa Harian', 'Form evaluasi untuk <b>Misa Harian</b> pada Senin, 04/05/2026 jam 18:00 WIB belum diisi. Silakan isi evaluasi streaming untuk sesi tersebut.', '/form-evaluasi-streaming.html', '{\"target_user_id\": \"5\", \"notification_kind\": \"streaming_evaluation_reminder\", \"schedule_id\": \"misa_biasa|biasa:2026-05-04:18:00\", \"misa_name\": \"Misa Harian\", \"dedupe_key\": \"eval-reminder:2026-05-14:misa_biasa|biasa:2026-05-04:18:00:5\"}', '2026-05-14 00:11:12', NULL),
('notif-1778692272498-d9c247', 'evaluasi', 'Pengingat Evaluasi Streaming: Misa Harian', 'Form evaluasi untuk <b>Misa Harian</b> pada Senin, 04/05/2026 jam 18:00 WIB belum diisi. Silakan isi evaluasi streaming untuk sesi tersebut.', '/evaluasi-streaming-anggota.html', '{\"target_user_id\": \"49\", \"notification_kind\": \"streaming_evaluation_reminder\", \"schedule_id\": \"misa_biasa|biasa:2026-05-04:18:00\", \"misa_name\": \"Misa Harian\", \"dedupe_key\": \"eval-reminder:2026-05-14:misa_biasa|biasa:2026-05-04:18:00:49\"}', '2026-05-14 00:11:12', NULL),
('notif-1778692272499-1a40cf', 'evaluasi', 'Pengingat Evaluasi Streaming: Misa Harian', 'Form evaluasi untuk <b>Misa Harian</b> pada Senin, 04/05/2026 jam 18:00 WIB belum diisi. Silakan isi evaluasi streaming untuk sesi tersebut.', '/evaluasi-streaming-anggota.html', '{\"target_user_id\": \"77\", \"notification_kind\": \"streaming_evaluation_reminder\", \"schedule_id\": \"misa_biasa|biasa:2026-05-04:18:00\", \"misa_name\": \"Misa Harian\", \"dedupe_key\": \"eval-reminder:2026-05-14:misa_biasa|biasa:2026-05-04:18:00:77\"}', '2026-05-14 00:11:12', NULL),
('notif-1778692272500-bc356b', 'evaluasi', 'Pengingat Evaluasi Streaming: Misa Harian', 'Form evaluasi untuk <b>Misa Harian</b> pada Selasa, 05/05/2026 jam 18:00 WIB belum diisi. Silakan isi evaluasi streaming untuk sesi tersebut.', '/form-evaluasi-streaming.html', '{\"target_user_id\": \"6\", \"notification_kind\": \"streaming_evaluation_reminder\", \"schedule_id\": \"misa_biasa|biasa:2026-05-05:18:00\", \"misa_name\": \"Misa Harian\", \"dedupe_key\": \"eval-reminder:2026-05-14:misa_biasa|biasa:2026-05-05:18:00:6\"}', '2026-05-14 00:11:12', NULL),
('notif-1778692272501-0cd54a', 'evaluasi', 'Pengingat Evaluasi Streaming: Misa Harian', 'Form evaluasi untuk <b>Misa Harian</b> pada Selasa, 05/05/2026 jam 18:00 WIB belum diisi. Silakan isi evaluasi streaming untuk sesi tersebut.', '/evaluasi-streaming-anggota.html', '{\"target_user_id\": \"53\", \"notification_kind\": \"streaming_evaluation_reminder\", \"schedule_id\": \"misa_biasa|biasa:2026-05-05:18:00\", \"misa_name\": \"Misa Harian\", \"dedupe_key\": \"eval-reminder:2026-05-14:misa_biasa|biasa:2026-05-05:18:00:53\"}', '2026-05-14 00:11:12', NULL),
('notif-1778692272502-1e3ff5', 'evaluasi', 'Pengingat Evaluasi Streaming: Misa Harian', 'Form evaluasi untuk <b>Misa Harian</b> pada Selasa, 05/05/2026 jam 18:00 WIB belum diisi. Silakan isi evaluasi streaming untuk sesi tersebut.', '/form-evaluasi-streaming.html', '{\"target_user_id\": \"3\", \"notification_kind\": \"streaming_evaluation_reminder\", \"schedule_id\": \"misa_biasa|biasa:2026-05-05:18:00\", \"misa_name\": \"Misa Harian\", \"dedupe_key\": \"eval-reminder:2026-05-14:misa_biasa|biasa:2026-05-05:18:00:3\"}', '2026-05-14 00:11:12', NULL),
('notif-1778692272502-8fd756', 'evaluasi', 'Pengingat Evaluasi Streaming: Misa Harian', 'Form evaluasi untuk <b>Misa Harian</b> pada Rabu, 06/05/2026 jam 18:00 WIB belum diisi. Silakan isi evaluasi streaming untuk sesi tersebut.', '/form-evaluasi-streaming.html', '{\"target_user_id\": \"5\", \"notification_kind\": \"streaming_evaluation_reminder\", \"schedule_id\": \"misa_biasa|biasa:2026-05-06:18:00\", \"misa_name\": \"Misa Harian\", \"dedupe_key\": \"eval-reminder:2026-05-14:misa_biasa|biasa:2026-05-06:18:00:5\"}', '2026-05-14 00:11:12', NULL),
('notif-1778692272503-d319e5', 'evaluasi', 'Pengingat Evaluasi Streaming: Misa Harian', 'Form evaluasi untuk <b>Misa Harian</b> pada Rabu, 06/05/2026 jam 18:00 WIB belum diisi. Silakan isi evaluasi streaming untuk sesi tersebut.', '/evaluasi-streaming-anggota.html', '{\"target_user_id\": \"59\", \"notification_kind\": \"streaming_evaluation_reminder\", \"schedule_id\": \"misa_biasa|biasa:2026-05-06:18:00\", \"misa_name\": \"Misa Harian\", \"dedupe_key\": \"eval-reminder:2026-05-14:misa_biasa|biasa:2026-05-06:18:00:59\"}', '2026-05-14 00:11:12', NULL),
('notif-1778692272504-18b504', 'evaluasi', 'Pengingat Evaluasi Streaming: Misa Harian', 'Form evaluasi untuk <b>Misa Harian</b> pada Rabu, 06/05/2026 jam 18:00 WIB belum diisi. Silakan isi evaluasi streaming untuk sesi tersebut.', '/evaluasi-streaming-anggota.html', '{\"target_user_id\": \"25\", \"notification_kind\": \"streaming_evaluation_reminder\", \"schedule_id\": \"misa_biasa|biasa:2026-05-06:18:00\", \"misa_name\": \"Misa Harian\", \"dedupe_key\": \"eval-reminder:2026-05-14:misa_biasa|biasa:2026-05-06:18:00:25\"}', '2026-05-14 00:11:12', NULL),
('notif-1778692272505-d265b1', 'evaluasi', 'Pengingat Evaluasi Streaming: Misa Harian', 'Form evaluasi untuk <b>Misa Harian</b> pada Kamis, 07/05/2026 jam 18:00 WIB belum diisi. Silakan isi evaluasi streaming untuk sesi tersebut.', '/evaluasi-streaming-anggota.html', '{\"target_user_id\": \"49\", \"notification_kind\": \"streaming_evaluation_reminder\", \"schedule_id\": \"misa_biasa|biasa:2026-05-07:18:00\", \"misa_name\": \"Misa Harian\", \"dedupe_key\": \"eval-reminder:2026-05-14:misa_biasa|biasa:2026-05-07:18:00:49\"}', '2026-05-14 00:11:12', NULL),
('notif-1778692272506-033f2e', 'evaluasi', 'Pengingat Evaluasi Streaming: Misa Harian', 'Form evaluasi untuk <b>Misa Harian</b> pada Kamis, 07/05/2026 jam 18:00 WIB belum diisi. Silakan isi evaluasi streaming untuk sesi tersebut.', '/evaluasi-streaming-anggota.html', '{\"target_user_id\": \"7\", \"notification_kind\": \"streaming_evaluation_reminder\", \"schedule_id\": \"misa_biasa|biasa:2026-05-07:18:00\", \"misa_name\": \"Misa Harian\", \"dedupe_key\": \"eval-reminder:2026-05-14:misa_biasa|biasa:2026-05-07:18:00:7\"}', '2026-05-14 00:11:12', NULL),
('notif-1778692272506-03be56', 'evaluasi', 'Pengingat Evaluasi Streaming: Misa Harian', 'Form evaluasi untuk <b>Misa Harian</b> pada Kamis, 07/05/2026 jam 18:00 WIB belum diisi. Silakan isi evaluasi streaming untuk sesi tersebut.', '/evaluasi-streaming-anggota.html', '{\"target_user_id\": \"22\", \"notification_kind\": \"streaming_evaluation_reminder\", \"schedule_id\": \"misa_biasa|biasa:2026-05-07:18:00\", \"misa_name\": \"Misa Harian\", \"dedupe_key\": \"eval-reminder:2026-05-14:misa_biasa|biasa:2026-05-07:18:00:22\"}', '2026-05-14 00:11:12', NULL),
('notif-1778692272507-d454da', 'evaluasi', 'Pengingat Evaluasi Streaming: Misa Harian', 'Form evaluasi untuk <b>Misa Harian</b> pada Jumat, 08/05/2026 jam 18:00 WIB belum diisi. Silakan isi evaluasi streaming untuk sesi tersebut.', '/evaluasi-streaming-anggota.html', '{\"target_user_id\": \"20\", \"notification_kind\": \"streaming_evaluation_reminder\", \"schedule_id\": \"misa_biasa|biasa:2026-05-08:18:00\", \"misa_name\": \"Misa Harian\", \"dedupe_key\": \"eval-reminder:2026-05-14:misa_biasa|biasa:2026-05-08:18:00:20\"}', '2026-05-14 00:11:12', NULL),
('notif-1778692272508-0d60c6', 'evaluasi', 'Pengingat Evaluasi Streaming: Misa Harian', 'Form evaluasi untuk <b>Misa Harian</b> pada Jumat, 08/05/2026 jam 18:00 WIB belum diisi. Silakan isi evaluasi streaming untuk sesi tersebut.', '/evaluasi-streaming-anggota.html', '{\"target_user_id\": \"49\", \"notification_kind\": \"streaming_evaluation_reminder\", \"schedule_id\": \"misa_biasa|biasa:2026-05-08:18:00\", \"misa_name\": \"Misa Harian\", \"dedupe_key\": \"eval-reminder:2026-05-14:misa_biasa|biasa:2026-05-08:18:00:49\"}', '2026-05-14 00:11:12', NULL),
('notif-1778692272509-3dd10a', 'evaluasi', 'Pengingat Evaluasi Streaming: Misa Harian', 'Form evaluasi untuk <b>Misa Harian</b> pada Jumat, 08/05/2026 jam 18:00 WIB belum diisi. Silakan isi evaluasi streaming untuk sesi tersebut.', '/evaluasi-streaming-anggota.html', '{\"target_user_id\": \"25\", \"notification_kind\": \"streaming_evaluation_reminder\", \"schedule_id\": \"misa_biasa|biasa:2026-05-08:18:00\", \"misa_name\": \"Misa Harian\", \"dedupe_key\": \"eval-reminder:2026-05-14:misa_biasa|biasa:2026-05-08:18:00:25\"}', '2026-05-14 00:11:12', NULL),
('notif-1778692272510-79f897', 'evaluasi', 'Pengingat Evaluasi Streaming: Misa Mingguan', 'Form evaluasi untuk <b>Misa Mingguan</b> pada Sabtu, 09/05/2026 jam 18:00 WIB belum diisi. Silakan isi evaluasi streaming untuk sesi tersebut.', '/evaluasi-streaming-anggota.html', '{\"target_user_id\": \"49\", \"notification_kind\": \"streaming_evaluation_reminder\", \"schedule_id\": \"misa_biasa|biasa:2026-05-09:18:00\", \"misa_name\": \"Misa Mingguan\", \"dedupe_key\": \"eval-reminder:2026-05-14:misa_biasa|biasa:2026-05-09:18:00:49\"}', '2026-05-14 00:11:12', NULL),
('notif-1778692272511-085b81', 'evaluasi', 'Pengingat Evaluasi Streaming: Misa Mingguan', 'Form evaluasi untuk <b>Misa Mingguan</b> pada Sabtu, 09/05/2026 jam 18:00 WIB belum diisi. Silakan isi evaluasi streaming untuk sesi tersebut.', '/evaluasi-streaming-anggota.html', '{\"target_user_id\": \"55\", \"notification_kind\": \"streaming_evaluation_reminder\", \"schedule_id\": \"misa_biasa|biasa:2026-05-09:18:00\", \"misa_name\": \"Misa Mingguan\", \"dedupe_key\": \"eval-reminder:2026-05-14:misa_biasa|biasa:2026-05-09:18:00:55\"}', '2026-05-14 00:11:12', NULL),
('notif-1778692272511-fdb589', 'evaluasi', 'Pengingat Evaluasi Streaming: Misa Mingguan', 'Form evaluasi untuk <b>Misa Mingguan</b> pada Sabtu, 09/05/2026 jam 18:00 WIB belum diisi. Silakan isi evaluasi streaming untuk sesi tersebut.', '/evaluasi-streaming-anggota.html', '{\"target_user_id\": \"20\", \"notification_kind\": \"streaming_evaluation_reminder\", \"schedule_id\": \"misa_biasa|biasa:2026-05-09:18:00\", \"misa_name\": \"Misa Mingguan\", \"dedupe_key\": \"eval-reminder:2026-05-14:misa_biasa|biasa:2026-05-09:18:00:20\"}', '2026-05-14 00:11:12', NULL),
('notif-1778692272512-6d1efb', 'evaluasi', 'Pengingat Evaluasi Streaming: Misa Mingguan', 'Form evaluasi untuk <b>Misa Mingguan</b> pada Minggu, 10/05/2026 jam 07:30 WIB belum diisi. Silakan isi evaluasi streaming untuk sesi tersebut.', '/evaluasi-streaming-anggota.html', '{\"target_user_id\": \"70\", \"notification_kind\": \"streaming_evaluation_reminder\", \"schedule_id\": \"misa_biasa|biasa:2026-05-10:07:30\", \"misa_name\": \"Misa Mingguan\", \"dedupe_key\": \"eval-reminder:2026-05-14:misa_biasa|biasa:2026-05-10:07:30:70\"}', '2026-05-14 00:11:12', NULL),
('notif-1778692272513-a26619', 'evaluasi', 'Pengingat Evaluasi Streaming: Misa Mingguan', 'Form evaluasi untuk <b>Misa Mingguan</b> pada Minggu, 10/05/2026 jam 07:30 WIB belum diisi. Silakan isi evaluasi streaming untuk sesi tersebut.', '/evaluasi-streaming-anggota.html', '{\"target_user_id\": \"29\", \"notification_kind\": \"streaming_evaluation_reminder\", \"schedule_id\": \"misa_biasa|biasa:2026-05-10:07:30\", \"misa_name\": \"Misa Mingguan\", \"dedupe_key\": \"eval-reminder:2026-05-14:misa_biasa|biasa:2026-05-10:07:30:29\"}', '2026-05-14 00:11:12', NULL),
('notif-1778692272514-71e315', 'evaluasi', 'Pengingat Evaluasi Streaming: Misa Mingguan', 'Form evaluasi untuk <b>Misa Mingguan</b> pada Minggu, 10/05/2026 jam 07:30 WIB belum diisi. Silakan isi evaluasi streaming untuk sesi tersebut.', '/evaluasi-streaming-anggota.html', '{\"target_user_id\": \"23\", \"notification_kind\": \"streaming_evaluation_reminder\", \"schedule_id\": \"misa_biasa|biasa:2026-05-10:07:30\", \"misa_name\": \"Misa Mingguan\", \"dedupe_key\": \"eval-reminder:2026-05-14:misa_biasa|biasa:2026-05-10:07:30:23\"}', '2026-05-14 00:11:12', NULL),
('notif-1778692272515-80af38', 'evaluasi', 'Pengingat Evaluasi Streaming: Misa Mingguan', 'Form evaluasi untuk <b>Misa Mingguan</b> pada Minggu, 10/05/2026 jam 10:00 WIB belum diisi. Silakan isi evaluasi streaming untuk sesi tersebut.', '/evaluasi-streaming-anggota.html', '{\"target_user_id\": \"66\", \"notification_kind\": \"streaming_evaluation_reminder\", \"schedule_id\": \"misa_biasa|biasa:2026-05-10:10:00\", \"misa_name\": \"Misa Mingguan\", \"dedupe_key\": \"eval-reminder:2026-05-14:misa_biasa|biasa:2026-05-10:10:00:66\"}', '2026-05-14 00:11:12', NULL),
('notif-1778692272515-b3f22d', 'evaluasi', 'Pengingat Evaluasi Streaming: Misa Mingguan', 'Form evaluasi untuk <b>Misa Mingguan</b> pada Minggu, 10/05/2026 jam 10:00 WIB belum diisi. Silakan isi evaluasi streaming untuk sesi tersebut.', '/evaluasi-streaming-anggota.html', '{\"target_user_id\": \"49\", \"notification_kind\": \"streaming_evaluation_reminder\", \"schedule_id\": \"misa_biasa|biasa:2026-05-10:10:00\", \"misa_name\": \"Misa Mingguan\", \"dedupe_key\": \"eval-reminder:2026-05-14:misa_biasa|biasa:2026-05-10:10:00:49\"}', '2026-05-14 00:11:12', NULL),
('notif-1778692272516-1c3295', 'evaluasi', 'Pengingat Evaluasi Streaming: Misa Mingguan', 'Form evaluasi untuk <b>Misa Mingguan</b> pada Minggu, 10/05/2026 jam 10:00 WIB belum diisi. Silakan isi evaluasi streaming untuk sesi tersebut.', '/evaluasi-streaming-anggota.html', '{\"target_user_id\": \"16\", \"notification_kind\": \"streaming_evaluation_reminder\", \"schedule_id\": \"misa_biasa|biasa:2026-05-10:10:00\", \"misa_name\": \"Misa Mingguan\", \"dedupe_key\": \"eval-reminder:2026-05-14:misa_biasa|biasa:2026-05-10:10:00:16\"}', '2026-05-14 00:11:12', NULL),
('notif-1778692272517-9b40f9', 'evaluasi', 'Pengingat Evaluasi Streaming: Misa Mingguan', 'Form evaluasi untuk <b>Misa Mingguan</b> pada Minggu, 10/05/2026 jam 16:30 WIB belum diisi. Silakan isi evaluasi streaming untuk sesi tersebut.', '/evaluasi-streaming-anggota.html', '{\"target_user_id\": \"42\", \"notification_kind\": \"streaming_evaluation_reminder\", \"schedule_id\": \"misa_biasa|biasa:2026-05-10:16:30\", \"misa_name\": \"Misa Mingguan\", \"dedupe_key\": \"eval-reminder:2026-05-14:misa_biasa|biasa:2026-05-10:16:30:42\"}', '2026-05-14 00:11:12', NULL),
('notif-1778692272518-73648d', 'evaluasi', 'Pengingat Evaluasi Streaming: Misa Mingguan', 'Form evaluasi untuk <b>Misa Mingguan</b> pada Minggu, 10/05/2026 jam 16:30 WIB belum diisi. Silakan isi evaluasi streaming untuk sesi tersebut.', '/evaluasi-streaming-anggota.html', '{\"target_user_id\": \"49\", \"notification_kind\": \"streaming_evaluation_reminder\", \"schedule_id\": \"misa_biasa|biasa:2026-05-10:16:30\", \"misa_name\": \"Misa Mingguan\", \"dedupe_key\": \"eval-reminder:2026-05-14:misa_biasa|biasa:2026-05-10:16:30:49\"}', '2026-05-14 00:11:12', NULL),
('notif-1778692272520-46446b', 'evaluasi', 'Pengingat Evaluasi Streaming: Misa Mingguan', 'Form evaluasi untuk <b>Misa Mingguan</b> pada Minggu, 10/05/2026 jam 16:30 WIB belum diisi. Silakan isi evaluasi streaming untuk sesi tersebut.', '/evaluasi-streaming-anggota.html', '{\"target_user_id\": \"28\", \"notification_kind\": \"streaming_evaluation_reminder\", \"schedule_id\": \"misa_biasa|biasa:2026-05-10:16:30\", \"misa_name\": \"Misa Mingguan\", \"dedupe_key\": \"eval-reminder:2026-05-14:misa_biasa|biasa:2026-05-10:16:30:28\"}', '2026-05-14 00:11:12', NULL),
('notif-1778692272521-0a1b1c', 'evaluasi', 'Pengingat Evaluasi Streaming: Misa Mingguan', 'Form evaluasi untuk <b>Misa Mingguan</b> pada Minggu, 10/05/2026 jam 18:30 WIB belum diisi. Silakan isi evaluasi streaming untuk sesi tersebut.', '/evaluasi-streaming-anggota.html', '{\"target_user_id\": \"61\", \"notification_kind\": \"streaming_evaluation_reminder\", \"schedule_id\": \"misa_biasa|biasa:2026-05-10:18:30\", \"misa_name\": \"Misa Mingguan\", \"dedupe_key\": \"eval-reminder:2026-05-14:misa_biasa|biasa:2026-05-10:18:30:61\"}', '2026-05-14 00:11:12', NULL),
('notif-1778692272522-00c4a3', 'evaluasi', 'Pengingat Evaluasi Streaming: Misa Mingguan', 'Form evaluasi untuk <b>Misa Mingguan</b> pada Minggu, 10/05/2026 jam 18:30 WIB belum diisi. Silakan isi evaluasi streaming untuk sesi tersebut.', '/evaluasi-streaming-anggota.html', '{\"target_user_id\": \"49\", \"notification_kind\": \"streaming_evaluation_reminder\", \"schedule_id\": \"misa_biasa|biasa:2026-05-10:18:30\", \"misa_name\": \"Misa Mingguan\", \"dedupe_key\": \"eval-reminder:2026-05-14:misa_biasa|biasa:2026-05-10:18:30:49\"}', '2026-05-14 00:11:12', NULL),
('notif-1778692272523-b3b29d', 'evaluasi', 'Pengingat Evaluasi Streaming: Misa Mingguan', 'Form evaluasi untuk <b>Misa Mingguan</b> pada Minggu, 10/05/2026 jam 18:30 WIB belum diisi. Silakan isi evaluasi streaming untuk sesi tersebut.', '/form-evaluasi-streaming.html', '{\"target_user_id\": \"6\", \"notification_kind\": \"streaming_evaluation_reminder\", \"schedule_id\": \"misa_biasa|biasa:2026-05-10:18:30\", \"misa_name\": \"Misa Mingguan\", \"dedupe_key\": \"eval-reminder:2026-05-14:misa_biasa|biasa:2026-05-10:18:30:6\"}', '2026-05-14 00:11:12', NULL),
('notif-1778692272524-6b7d29', 'evaluasi', 'Pengingat Evaluasi Streaming: Misa Harian', 'Form evaluasi untuk <b>Misa Harian</b> pada Senin, 11/05/2026 jam 18:00 WIB belum diisi. Silakan isi evaluasi streaming untuk sesi tersebut.', '/evaluasi-streaming-anggota.html', '{\"target_user_id\": \"10\", \"notification_kind\": \"streaming_evaluation_reminder\", \"schedule_id\": \"misa_biasa|biasa:2026-05-11:18:00\", \"misa_name\": \"Misa Harian\", \"dedupe_key\": \"eval-reminder:2026-05-14:misa_biasa|biasa:2026-05-11:18:00:10\"}', '2026-05-14 00:11:12', NULL),
('notif-1778692272524-b4fd97', 'evaluasi', 'Pengingat Evaluasi Streaming: Misa Harian', 'Form evaluasi untuk <b>Misa Harian</b> pada Senin, 11/05/2026 jam 18:00 WIB belum diisi. Silakan isi evaluasi streaming untuk sesi tersebut.', '/evaluasi-streaming-anggota.html', '{\"target_user_id\": \"7\", \"notification_kind\": \"streaming_evaluation_reminder\", \"schedule_id\": \"misa_biasa|biasa:2026-05-11:18:00\", \"misa_name\": \"Misa Harian\", \"dedupe_key\": \"eval-reminder:2026-05-14:misa_biasa|biasa:2026-05-11:18:00:7\"}', '2026-05-14 00:11:12', NULL),
('notif-1778692272525-71ae10', 'evaluasi', 'Pengingat Evaluasi Streaming: Misa Harian', 'Form evaluasi untuk <b>Misa Harian</b> pada Senin, 11/05/2026 jam 18:00 WIB belum diisi. Silakan isi evaluasi streaming untuk sesi tersebut.', '/evaluasi-streaming-anggota.html', '{\"target_user_id\": \"57\", \"notification_kind\": \"streaming_evaluation_reminder\", \"schedule_id\": \"misa_biasa|biasa:2026-05-11:18:00\", \"misa_name\": \"Misa Harian\", \"dedupe_key\": \"eval-reminder:2026-05-14:misa_biasa|biasa:2026-05-11:18:00:57\"}', '2026-05-14 00:11:12', NULL),
('notif-1778692272526-eb21c0', 'evaluasi', 'Pengingat Evaluasi Streaming: Misa Harian', 'Form evaluasi untuk <b>Misa Harian</b> pada Selasa, 12/05/2026 jam 18:00 WIB belum diisi. Silakan isi evaluasi streaming untuk sesi tersebut.', '/evaluasi-streaming-anggota.html', '{\"target_user_id\": \"10\", \"notification_kind\": \"streaming_evaluation_reminder\", \"schedule_id\": \"misa_biasa|biasa:2026-05-12:18:00\", \"misa_name\": \"Misa Harian\", \"dedupe_key\": \"eval-reminder:2026-05-14:misa_biasa|biasa:2026-05-12:18:00:10\"}', '2026-05-14 00:11:12', NULL),
('notif-1778692272527-74a397', 'evaluasi', 'Pengingat Evaluasi Streaming: Misa Harian', 'Form evaluasi untuk <b>Misa Harian</b> pada Selasa, 12/05/2026 jam 18:00 WIB belum diisi. Silakan isi evaluasi streaming untuk sesi tersebut.', '/evaluasi-streaming-anggota.html', '{\"target_user_id\": \"71\", \"notification_kind\": \"streaming_evaluation_reminder\", \"schedule_id\": \"misa_biasa|biasa:2026-05-12:18:00\", \"misa_name\": \"Misa Harian\", \"dedupe_key\": \"eval-reminder:2026-05-14:misa_biasa|biasa:2026-05-12:18:00:71\"}', '2026-05-14 00:11:12', NULL),
('notif-1778692272528-1088b2', 'evaluasi', 'Pengingat Evaluasi Streaming: Misa Harian', 'Form evaluasi untuk <b>Misa Harian</b> pada Selasa, 12/05/2026 jam 18:00 WIB belum diisi. Silakan isi evaluasi streaming untuk sesi tersebut.', '/evaluasi-streaming-anggota.html', '{\"target_user_id\": \"57\", \"notification_kind\": \"streaming_evaluation_reminder\", \"schedule_id\": \"misa_biasa|biasa:2026-05-12:18:00\", \"misa_name\": \"Misa Harian\", \"dedupe_key\": \"eval-reminder:2026-05-14:misa_biasa|biasa:2026-05-12:18:00:57\"}', '2026-05-14 00:11:12', NULL),
('notif-1778692272529-4e8705', 'evaluasi', 'Pengingat Evaluasi Streaming: Perayaan Ekaristi Hari Raya Kenaikan Tuhan Hari Rabu 18.00', 'Form evaluasi untuk <b>Perayaan Ekaristi Hari Raya Kenaikan Tuhan Hari Rabu 18.00</b> pada Rabu, 13/05/2026 jam 18:00 WIB belum diisi. Silakan isi evaluasi streaming untuk sesi tersebut.', '/evaluasi-streaming-anggota.html', '{\"target_user_id\": \"49\", \"notification_kind\": \"streaming_evaluation_reminder\", \"schedule_id\": \"misa_besar|besar:16\", \"misa_name\": \"Perayaan Ekaristi Hari Raya Kenaikan Tuhan Hari Rabu 18.00\", \"dedupe_key\": \"eval-reminder:2026-05-14:misa_besar|besar:16:49\"}', '2026-05-14 00:11:12', NULL),
('notif-1778692272530-28990c', 'evaluasi', 'Pengingat Evaluasi Streaming: Perayaan Ekaristi Hari Raya Kenaikan Tuhan Hari Rabu 18.00', 'Form evaluasi untuk <b>Perayaan Ekaristi Hari Raya Kenaikan Tuhan Hari Rabu 18.00</b> pada Rabu, 13/05/2026 jam 18:00 WIB belum diisi. Silakan isi evaluasi streaming untuk sesi tersebut.', '/evaluasi-streaming-anggota.html', '{\"target_user_id\": \"22\", \"notification_kind\": \"streaming_evaluation_reminder\", \"schedule_id\": \"misa_besar|besar:16\", \"misa_name\": \"Perayaan Ekaristi Hari Raya Kenaikan Tuhan Hari Rabu 18.00\", \"dedupe_key\": \"eval-reminder:2026-05-14:misa_besar|besar:16:22\"}', '2026-05-14 00:11:12', NULL),
('notif-1778692272530-f73b9f', 'evaluasi', 'Pengingat Evaluasi Streaming: Perayaan Ekaristi Hari Raya Kenaikan Tuhan Hari Rabu 18.00', 'Form evaluasi untuk <b>Perayaan Ekaristi Hari Raya Kenaikan Tuhan Hari Rabu 18.00</b> pada Rabu, 13/05/2026 jam 18:00 WIB belum diisi. Silakan isi evaluasi streaming untuk sesi tersebut.', '/evaluasi-streaming-anggota.html', '{\"target_user_id\": \"25\", \"notification_kind\": \"streaming_evaluation_reminder\", \"schedule_id\": \"misa_besar|besar:16\", \"misa_name\": \"Perayaan Ekaristi Hari Raya Kenaikan Tuhan Hari Rabu 18.00\", \"dedupe_key\": \"eval-reminder:2026-05-14:misa_besar|besar:16:25\"}', '2026-05-14 00:11:12', NULL),
('notif-1778700467623-306785', 'tugas', 'Pengingat target tugas bulan ini', 'Target tugas Misa Biasa bulan <b>Mei 2026</b> belum terpenuhi. Saat ini Anda memiliki <b>2</b> tugas dari target minimum <b>3</b>; masih kurang <b>1</b> tugas. Silakan mengambil/request jadwal yang masih kosong.', '/request-tugas-anggota.html', '{\"target_user_id\": \"53\", \"notification_kind\": \"monthly_task_requirement\", \"period_year\": 2026, \"period_month\": 5, \"target_minimum\": 3, \"current_total\": 2, \"shortage\": 1, \"dedupe_key\": \"monthly-monitoring:2026-05:53:daily_current:2026-05-14:target3\"}', '2026-05-14 02:27:47', 'user'),
('notif-1778702785952-36de1c', 'evaluasi', 'Evaluasi Urgent: Misa Harian', 'Ada evaluasi streaming berstatus <b>Kendala Serius (Urgent)</b> untuk <b>Misa Harian</b> pada Selasa, 12/05/2026 jam 18:00 WIB. Pengisi: <b>Lisa</b>.', '/hasil-evaluasi-streaming.html', '{\"notification_kind\": \"streaming_evaluation_urgent\", \"evaluation_id\": 3, \"dedupe_key\": \"eval-urgent:admin:3\"}', '2026-05-14 03:06:25', 'admin'),
('notif-1778702785953-a83105', 'evaluasi', 'Evaluasi Urgent: Misa Harian', 'Ada evaluasi streaming berstatus <b>Kendala Serius (Urgent)</b> untuk <b>Misa Harian</b> pada Selasa, 12/05/2026 jam 18:00 WIB. Pengisi: <b>Lisa</b>.', '/hasil-evaluasi-streaming.html', '{\"notification_kind\": \"streaming_evaluation_urgent\", \"evaluation_id\": 3, \"dedupe_key\": \"eval-urgent:super:3\"}', '2026-05-14 03:06:25', 'super_admin');

-- --------------------------------------------------------

--
-- Struktur dari tabel `notification_reads`
--

CREATE TABLE `notification_reads` (
  `notification_id` varchar(100) NOT NULL,
  `user_key` varchar(255) NOT NULL,
  `read_at` datetime NOT NULL DEFAULT current_timestamp()
) ENGINE=InnoDB DEFAULT CHARSET=utf8mb4 COLLATE=utf8mb4_general_ci;

--
-- Dumping data untuk tabel `notification_reads`
--

INSERT INTO `notification_reads` (`notification_id`, `user_key`, `read_at`) VALUES
('notif-1777925007861-8d455b', 'member:50', '2026-05-05 03:14:12'),
('notif-1777927193695-9f1dbf', 'member:53', '2026-05-05 03:41:02'),
('notif-1778145356164-1cb132', 'member:21', '2026-05-07 16:18:32'),
('notif-1778145485815-6b955f', 'member:50', '2026-05-07 16:18:43'),
('notif-1778145496870-632b2c', 'member:21', '2026-05-07 16:18:33'),
('notif-1778324022011-b378cf', 'member:77', '2026-05-09 18:21:48'),
('notif-1778324048668-78f110', 'member:77', '2026-05-09 18:21:48'),
('notif-1778339309062-a7461e', 'member:53', '2026-05-09 22:09:06'),
('notif-1778518921235-c9b33a', 'member:21', '2026-05-12 00:02:25'),
('notif-1778576031281-e79bd6', 'member:53', '2026-05-12 15:55:36'),
('notif-1778585548654-c48f65', 'member:6', '2026-05-12 18:32:45'),
('notif-1778585728176-b7eaf9', 'member:21', '2026-05-12 18:37:05'),
('notif-1778585918309-68eebf', 'member:53', '2026-05-12 18:39:03'),
('notif-1778702785952-36de1c', 'member:50', '2026-05-14 03:07:03');

-- --------------------------------------------------------

--
-- Struktur dari tabel `organization_profiles`
--

CREATE TABLE `organization_profiles` (
  `id` varchar(100) NOT NULL,
  `title` varchar(255) NOT NULL,
  `description` text DEFAULT NULL,
  `attachment_url` text DEFAULT NULL,
  `order_index` int(11) DEFAULT 0,
  `is_visible` tinyint(1) DEFAULT 1,
  `created_at` datetime NOT NULL DEFAULT current_timestamp(),
  `updated_at` datetime NOT NULL DEFAULT current_timestamp() ON UPDATE current_timestamp()
) ENGINE=InnoDB DEFAULT CHARSET=utf8mb4 COLLATE=utf8mb4_general_ci;

--
-- Dumping data untuk tabel `organization_profiles`
--

INSERT INTO `organization_profiles` (`id`, `title`, `description`, `attachment_url`, `order_index`, `is_visible`, `created_at`, `updated_at`) VALUES
('profile-1777560615559', 'Profil Organisasi - Test Update', 'Crembo Media adalah organisasi yang berdedikasi untuk mendukung kegiatan multimedia dan liturgi di komunitas. Visi kami adalah menjadi tulang punggung komunikasi visual dalam setiap kegiatan pelayanan.', '[]', 1, 1, '2026-04-30 21:50:15', '2026-05-02 19:40:50'),
('profile-1777561298872', 'Test 1 Oprec', 'aSsSA', '[{\"url\": \"uploads/fake-signature-word-vector_1777561296.jpg\", \"name\": \"fake-signature-word-vector_1777561296.jpg\", \"mimeType\": \"\", \"size\": 0, \"previewable\": true, \"kind\": \"image\"}]', 2, 1, '2026-04-30 22:01:38', '2026-05-01 05:52:10'),
('profile-1777582943778', 'Test Upload FIX', '<p style=\"border-width: 0px; border-style: solid; border-color: rgb(238, 238, 238); --tw-border-spacing-x: 0; --tw-border-spacing-y: 0; --tw-translate-x: 0; --tw-translate-y: 0; --tw-rotate: 0; --tw-skew-x: 0; --tw-skew-y: 0; --tw-scale-x: 1; --tw-scale-y: 1; --tw-pan-x: ; --tw-pan-y: ; --tw-pinch-zoom: ; --tw-scroll-snap-strictness: proximity; --tw-gradient-from-position: ; --tw-gradient-via-position: ; --tw-gradient-to-position: ; --tw-ordinal: ; --tw-slashed-zero: ; --tw-numeric-figure: ; --tw-numeric-spacing: ; --tw-numeric-fraction: ; --tw-ring-inset: ; --tw-ring-offset-width: 0px; --tw-ring-offset-color: #fff; --tw-ring-color: rgb(33 150 243 / .5); --tw-ring-offset-shadow: 0 0 #0000; --tw-ring-shadow: 0 0 #0000; --tw-shadow: 0 0 #0000; --tw-shadow-colored: 0 0 #0000; --tw-blur: ; --tw-brightness: ; --tw-contrast: ; --tw-grayscale: ; --tw-hue-rotate: ; --tw-invert: ; --tw-saturate: ; --tw-sepia: ; --tw-drop-shadow: ; --tw-backdrop-blur: ; --tw-backdrop-brightness: ; --tw-backdrop-contrast: ; --tw-backdrop-grayscale: ; --tw-backdrop-hue-rotate: ; --tw-backdrop-invert: ; --tw-backdrop-opacity: ; --tw-backdrop-saturate: ; --tw-backdrop-sepia: ; margin: 0px 0px 1rem; color: rgb(0, 0, 0); font-family: Poppins, Poppins;\"><span style=\"border-width: 0px; border-style: solid; border-color: rgb(238, 238, 238); --tw-border-spacing-x: 0; --tw-border-spacing-y: 0; --tw-translate-x: 0; --tw-translate-y: 0; --tw-rotate: 0; --tw-skew-x: 0; --tw-skew-y: 0; --tw-scale-x: 1; --tw-scale-y: 1; --tw-pan-x: ; --tw-pan-y: ; --tw-pinch-zoom: ; --tw-scroll-snap-strictness: proximity; --tw-gradient-from-position: ; --tw-gradient-via-position: ; --tw-gradient-to-position: ; --tw-ordinal: ; --tw-slashed-zero: ; --tw-numeric-figure: ; --tw-numeric-spacing: ; --tw-numeric-fraction: ; --tw-ring-inset: ; --tw-ring-offset-width: 0px; --tw-ring-offset-color: #fff; --tw-ring-color: rgb(33 150 243 / .5); --tw-ring-offset-shadow: 0 0 #0000; --tw-ring-shadow: 0 0 #0000; --tw-shadow: 0 0 #0000; --tw-shadow-colored: 0 0 #0000; --tw-blur: ; --tw-brightness: ; --tw-contrast: ; --tw-grayscale: ; --tw-hue-rotate: ; --tw-invert: ; --tw-saturate: ; --tw-sepia: ; --tw-drop-shadow: ; --tw-backdrop-blur: ; --tw-backdrop-brightness: ; --tw-backdrop-contrast: ; --tw-backdrop-grayscale: ; --tw-backdrop-hue-rotate: ; --tw-backdrop-invert: ; --tw-backdrop-opacity: ; --tw-backdrop-saturate: ; --tw-backdrop-sepia: ;\"><b>Departemen Informatika Fakultas Teknologi Industri (FTI) Universitas Atma Jaya Yogyakarta (UAJY) </b><br><br>bekerja sama dengan BlockDevID menyelenggarakan Seminar dan Workshop Blockchain &amp; Web3 Development yang bertempat di Ruang Auditorium Kampus III Gedung St. Bonaventura, pada Senin (9/2/2026). Kegiatan ini bertujuan untuk memperkenalkan teknologi blockchain dan Web3 kepada sivitas akademika serta masyarakat umum melalui pemaparan materi dan bimbingan teknis secara langsung oleh praktisi industri. Seminar dan workshop ini diikuti oleh peserta yang berasal dari lingkungan UAJY maupun luar UAJY. Selain itu, kegiatan ini juga dihadiri oleh peserta dari komunitas tuli dan dengar Daerah Istimewa Yogyakarta sebagai wujud komitmen terhadap inklusivitas dalam pengembangan teknologi. Seminar dan workshop ini mengusung tema “From Zero to Builder - Empowering Local Talents in a Decentralized Future” dan terdiri atas tiga sesi utama. Sesi pertama disampaikan oleh Dennis selaku Head of Community BlockDevID dengan materi Blockchain 101 &amp; Career Opportunity yang membahas pengenalan dasar teknologi blockchain serta peluang karir di bidang Web3. Sesi kedua dibawakan oleh Yanzero, Founder DevWeb3 Jogja, dengan topik How Web3 Products Are Actually Built yang mengulas proses pengembangan produk Web3 secara nyata. Sesi ketiga berupa coding workshop yang dipandu oleh Alex dari DevRel Base Indonesia, yang memberikan pendampingan teknis kepada peserta melalui praktik langsung pengembangan aplikasi berbasis Web3.</span></p><figure style=\"border-width: 0px; border-style: solid; border-color: rgb(238, 238, 238); --tw-border-spacing-x: 0; --tw-border-spacing-y: 0; --tw-translate-x: 0; --tw-translate-y: 0; --tw-rotate: 0; --tw-skew-x: 0; --tw-skew-y: 0; --tw-scale-x: 1; --tw-scale-y: 1; --tw-pan-x: ; --tw-pan-y: ; --tw-pinch-zoom: ; --tw-scroll-snap-strictness: proximity; --tw-gradient-from-position: ; --tw-gradient-via-position: ; --tw-gradient-to-position: ; --tw-ordinal: ; --tw-slashed-zero: ; --tw-numeric-figure: ; --tw-numeric-spacing: ; --tw-numeric-fraction: ; --tw-ring-inset: ; --tw-ring-offset-width: 0px; --tw-ring-offset-color: #fff; --tw-ring-color: rgb(33 150 243 / .5); --tw-ring-offset-shadow: 0 0 #0000; --tw-ring-shadow: 0 0 #0000; --tw-shadow: 0 0 #0000; --tw-shadow-colored: 0 0 #0000; --tw-blur: ; --tw-brightness: ; --tw-contrast: ; --tw-grayscale: ; --tw-hue-rotate: ; --tw-invert: ; --tw-saturate: ; --tw-sepia: ; --tw-drop-shadow: ; --tw-backdrop-blur: ; --tw-backdrop-brightness: ; --tw-backdrop-contrast: ; --tw-backdrop-grayscale: ; --tw-backdrop-hue-rotate: ; --tw-backdrop-invert: ; --tw-backdrop-opacity: ; --tw-backdrop-saturate: ; --tw-backdrop-sepia: ; margin: 1rem auto; text-align: center; width: 1152px; color: rgb(0, 0, 0); font-family: Poppins, Poppins;\"><img src=\"https://inf.uajy.ac.id/be/uploads/716c2bc4-9559-44c6-9418-2c7c45ec7c9e?r=1774503605000\" alt=\"\" width=\"512\" style=\"border-width: 0px; border-style: solid; border-color: rgb(238, 238, 238); --tw-border-spacing-x: 0; --tw-border-spacing-y: 0; --tw-translate-x: 0; --tw-translate-y: 0; --tw-rotate: 0; --tw-skew-x: 0; --tw-skew-y: 0; --tw-scale-x: 1; --tw-scale-y: 1; --tw-pan-x: ; --tw-pan-y: ; --tw-pinch-zoom: ; --tw-scroll-snap-strictness: proximity; --tw-gradient-from-position: ; --tw-gradient-via-position: ; --tw-gradient-to-position: ; --tw-ordinal: ; --tw-slashed-zero: ; --tw-numeric-figure: ; --tw-numeric-spacing: ; --tw-numeric-fraction: ; --tw-ring-inset: ; --tw-ring-offset-width: 0px; --tw-ring-offset-color: #fff; --tw-ring-color: rgb(33 150 243 / .5); --tw-ring-offset-shadow: 0 0 #0000; --tw-ring-shadow: 0 0 #0000; --tw-shadow: 0 0 #0000; --tw-shadow-colored: 0 0 #0000; --tw-blur: ; --tw-brightness: ; --tw-contrast: ; --tw-grayscale: ; --tw-hue-rotate: ; --tw-invert: ; --tw-saturate: ; --tw-sepia: ; --tw-drop-shadow: ; --tw-backdrop-blur: ; --tw-backdrop-brightness: ; --tw-backdrop-contrast: ; --tw-backdrop-grayscale: ; --tw-backdrop-hue-rotate: ; --tw-backdrop-invert: ; --tw-backdrop-opacity: ; --tw-backdrop-saturate: ; --tw-backdrop-sepia: ; display: block; vertical-align: middle; max-height: 70vh; width: 1152px; object-fit: contain; margin: auto;\"></figure><p style=\"border-width: 0px; border-style: solid; border-color: rgb(238, 238, 238); --tw-border-spacing-x: 0; --tw-border-spacing-y: 0; --tw-translate-x: 0; --tw-translate-y: 0; --tw-rotate: 0; --tw-skew-x: 0; --tw-skew-y: 0; --tw-scale-x: 1; --tw-scale-y: 1; --tw-pan-x: ; --tw-pan-y: ; --tw-pinch-zoom: ; --tw-scroll-snap-strictness: proximity; --tw-gradient-from-position: ; --tw-gradient-via-position: ; --tw-gradient-to-position: ; --tw-ordinal: ; --tw-slashed-zero: ; --tw-numeric-figure: ; --tw-numeric-spacing: ; --tw-numeric-fraction: ; --tw-ring-inset: ; --tw-ring-offset-width: 0px; --tw-ring-offset-color: #fff; --tw-ring-color: rgb(33 150 243 / .5); --tw-ring-offset-shadow: 0 0 #0000; --tw-ring-shadow: 0 0 #0000; --tw-shadow: 0 0 #0000; --tw-shadow-colored: 0 0 #0000; --tw-blur: ; --tw-brightness: ; --tw-contrast: ; --tw-grayscale: ; --tw-hue-rotate: ; --tw-invert: ; --tw-saturate: ; --tw-sepia: ; --tw-drop-shadow: ; --tw-backdrop-blur: ; --tw-backdrop-brightness: ; --tw-backdrop-contrast: ; --tw-backdrop-grayscale: ; --tw-backdrop-hue-rotate: ; --tw-backdrop-invert: ; --tw-backdrop-opacity: ; --tw-backdrop-saturate: ; --tw-backdrop-sepia: ; margin: 0px 0px 1rem; color: rgb(0, 0, 0); font-family: Poppins, Poppins;\"><span style=\"border-width: 0px; border-style: solid; border-color: rgb(238, 238, 238); --tw-border-spacing-x: 0; --tw-border-spacing-y: 0; --tw-translate-x: 0; --tw-translate-y: 0; --tw-rotate: 0; --tw-skew-x: 0; --tw-skew-y: 0; --tw-scale-x: 1; --tw-scale-y: 1; --tw-pan-x: ; --tw-pan-y: ; --tw-pinch-zoom: ; --tw-scroll-snap-strictness: proximity; --tw-gradient-from-position: ; --tw-gradient-via-position: ; --tw-gradient-to-position: ; --tw-ordinal: ; --tw-slashed-zero: ; --tw-numeric-figure: ; --tw-numeric-spacing: ; --tw-numeric-fraction: ; --tw-ring-inset: ; --tw-ring-offset-width: 0px; --tw-ring-offset-color: #fff; --tw-ring-color: rgb(33 150 243 / .5); --tw-ring-offset-shadow: 0 0 #0000; --tw-ring-shadow: 0 0 #0000; --tw-shadow: 0 0 #0000; --tw-shadow-colored: 0 0 #0000; --tw-blur: ; --tw-brightness: ; --tw-contrast: ; --tw-grayscale: ; --tw-hue-rotate: ; --tw-invert: ; --tw-saturate: ; --tw-sepia: ; --tw-drop-shadow: ; --tw-backdrop-blur: ; --tw-backdrop-brightness: ; --tw-backdrop-contrast: ; --tw-backdrop-grayscale: ; --tw-backdrop-hue-rotate: ; --tw-backdrop-invert: ; --tw-backdrop-opacity: ; --tw-backdrop-saturate: ; --tw-backdrop-sepia: ;\">Dekan Fakultas Teknologi Industri (FTI) UAJY, Prof. Dr. Ir. Parama Kartika Dewa, S.P., S.T., M.T., IPU., dalam sambutannya menyampaikan apresiasi atas terselenggaranya kegiatan ini. Ia menekankan pentingnya kolaborasi antara perguruan tinggi dan industri dalam mempersiapkan sumber daya manusia yang adaptif terhadap perkembangan teknologi digital. Sementara itu, Ketua Departemen Informatika UAJY, Paulus Mudjihartono, S.T., M.T., Ph.D., menyampaikan bahwa pengenalan teknologi blockchain dan Web3 menjadi langkah strategis dalam memperluas wawasan mahasiswa terhadap teknologi informasi terkini yang memiliki potensi besar di masa depan.</span></p><p style=\"border-width: 0px; border-style: solid; border-color: rgb(238, 238, 238); --tw-border-spacing-x: 0; --tw-border-spacing-y: 0; --tw-translate-x: 0; --tw-translate-y: 0; --tw-rotate: 0; --tw-skew-x: 0; --tw-skew-y: 0; --tw-scale-x: 1; --tw-scale-y: 1; --tw-pan-x: ; --tw-pan-y: ; --tw-pinch-zoom: ; --tw-scroll-snap-strictness: proximity; --tw-gradient-from-position: ; --tw-gradient-via-position: ; --tw-gradient-to-position: ; --tw-ordinal: ; --tw-slashed-zero: ; --tw-numeric-figure: ; --tw-numeric-spacing: ; --tw-numeric-fraction: ; --tw-ring-inset: ; --tw-ring-offset-width: 0px; --tw-ring-offset-color: #fff; --tw-ring-color: rgb(33 150 243 / .5); --tw-ring-offset-shadow: 0 0 #0000; --tw-ring-shadow: 0 0 #0000; --tw-shadow: 0 0 #0000; --tw-shadow-colored: 0 0 #0000; --tw-blur: ; --tw-brightness: ; --tw-contrast: ; --tw-grayscale: ; --tw-hue-rotate: ; --tw-invert: ; --tw-saturate: ; --tw-sepia: ; --tw-drop-shadow: ; --tw-backdrop-blur: ; --tw-backdrop-brightness: ; --tw-backdrop-contrast: ; --tw-backdrop-grayscale: ; --tw-backdrop-hue-rotate: ; --tw-backdrop-invert: ; --tw-backdrop-opacity: ; --tw-backdrop-saturate: ; --tw-backdrop-sepia: ; margin: 0px 0px 1rem; color: rgb(0, 0, 0); font-family: Poppins, Poppins;\"><span style=\"border-width: 0px; border-style: solid; border-color: rgb(238, 238, 238); --tw-border-spacing-x: 0; --tw-border-spacing-y: 0; --tw-translate-x: 0; --tw-translate-y: 0; --tw-rotate: 0; --tw-skew-x: 0; --tw-skew-y: 0; --tw-scale-x: 1; --tw-scale-y: 1; --tw-pan-x: ; --tw-pan-y: ; --tw-pinch-zoom: ; --tw-scroll-snap-strictness: proximity; --tw-gradient-from-position: ; --tw-gradient-via-position: ; --tw-gradient-to-position: ; --tw-ordinal: ; --tw-slashed-zero: ; --tw-numeric-figure: ; --tw-numeric-spacing: ; --tw-numeric-fraction: ; --tw-ring-inset: ; --tw-ring-offset-width: 0px; --tw-ring-offset-color: #fff; --tw-ring-color: rgb(33 150 243 / .5); --tw-ring-offset-shadow: 0 0 #0000; --tw-ring-shadow: 0 0 #0000; --tw-shadow: 0 0 #0000; --tw-shadow-colored: 0 0 #0000; --tw-blur: ; --tw-brightness: ; --tw-contrast: ; --tw-grayscale: ; --tw-hue-rotate: ; --tw-invert: ; --tw-saturate: ; --tw-sepia: ; --tw-drop-shadow: ; --tw-backdrop-blur: ; --tw-backdrop-brightness: ; --tw-backdrop-contrast: ; --tw-backdrop-grayscale: ; --tw-backdrop-hue-rotate: ; --tw-backdrop-invert: ; --tw-backdrop-opacity: ; --tw-backdrop-saturate: ; --tw-backdrop-sepia: ;\">Salah satu peserta kegiatan, Marcella Averina, menyampaikan bahwa kegiatan ini memberikan pengalaman yang bermanfaat. “Acara ini menarik dan menambah wawasan karena blockchain masih jarang dibahas, terutama di bangku kuliah. Saya berharap kedepannya semakin banyak kegiatan serupa yang tidak hanya berfokus pada teori, tetapi juga memberikan pengalaman praktik secara langsung,” ungkapnya. Melalui penyelenggaraan seminar dan workshop ini, Departemen Informatika FTI UAJY berharap dapat memberikan kontribusi nyata dalam meningkatkan literasi teknologi blockchain dan Web3 serta mendorong pengembangan talenta digital.</span></p><figure style=\"border-width: 0px; border-style: solid; border-color: rgb(238, 238, 238); --tw-border-spacing-x: 0; --tw-border-spacing-y: 0; --tw-translate-x: 0; --tw-translate-y: 0; --tw-rotate: 0; --tw-skew-x: 0; --tw-skew-y: 0; --tw-scale-x: 1; --tw-scale-y: 1; --tw-pan-x: ; --tw-pan-y: ; --tw-pinch-zoom: ; --tw-scroll-snap-strictness: proximity; --tw-gradient-from-position: ; --tw-gradient-via-position: ; --tw-gradient-to-position: ; --tw-ordinal: ; --tw-slashed-zero: ; --tw-numeric-figure: ; --tw-numeric-spacing: ; --tw-numeric-fraction: ; --tw-ring-inset: ; --tw-ring-offset-width: 0px; --tw-ring-offset-color: #fff; --tw-ring-color: rgb(33 150 243 / .5); --tw-ring-offset-shadow: 0 0 #0000; --tw-ring-shadow: 0 0 #0000; --tw-shadow: 0 0 #0000; --tw-shadow-colored: 0 0 #0000; --tw-blur: ; --tw-brightness: ; --tw-contrast: ; --tw-grayscale: ; --tw-hue-rotate: ; --tw-invert: ; --tw-saturate: ; --tw-sepia: ; --tw-drop-shadow: ; --tw-backdrop-blur: ; --tw-backdrop-brightness: ; --tw-backdrop-contrast: ; --tw-backdrop-grayscale: ; --tw-backdrop-hue-rotate: ; --tw-backdrop-invert: ; --tw-backdrop-opacity: ; --tw-backdrop-saturate: ; --tw-backdrop-sepia: ; margin: 1rem auto; text-align: center; width: 1152px; color: rgb(0, 0, 0); font-family: Poppins, Poppins;\"><img src=\"https://inf.uajy.ac.id/be/uploads/0688c46a-e6c9-4596-8255-e0f06cfeb0ff?r=1774503665000\" alt=\"\" width=\"512\" style=\"border-width: 0px; border-style: solid; border-color: rgb(238, 238, 238); --tw-border-spacing-x: 0; --tw-border-spacing-y: 0; --tw-translate-x: 0; --tw-translate-y: 0; --tw-rotate: 0; --tw-skew-x: 0; --tw-skew-y: 0; --tw-scale-x: 1; --tw-scale-y: 1; --tw-pan-x: ; --tw-pan-y: ; --tw-pinch-zoom: ; --tw-scroll-snap-strictness: proximity; --tw-gradient-from-position: ; --tw-gradient-via-position: ; --tw-gradient-to-position: ; --tw-ordinal: ; --tw-slashed-zero: ; --tw-numeric-figure: ; --tw-numeric-spacing: ; --tw-numeric-fraction: ; --tw-ring-inset: ; --tw-ring-offset-width: 0px; --tw-ring-offset-color: #fff; --tw-ring-color: rgb(33 150 243 / .5); --tw-ring-offset-shadow: 0 0 #0000; --tw-ring-shadow: 0 0 #0000; --tw-shadow: 0 0 #0000; --tw-shadow-colored: 0 0 #0000; --tw-blur: ; --tw-brightness: ; --tw-contrast: ; --tw-grayscale: ; --tw-hue-rotate: ; --tw-invert: ; --tw-saturate: ; --tw-sepia: ; --tw-drop-shadow: ; --tw-backdrop-blur: ; --tw-backdrop-brightness: ; --tw-backdrop-contrast: ; --tw-backdrop-grayscale: ; --tw-backdrop-hue-rotate: ; --tw-backdrop-invert: ; --tw-backdrop-opacity: ; --tw-backdrop-saturate: ; --tw-backdrop-sepia: ; display: block; vertical-align: middle; max-height: 70vh; width: 1152px; object-fit: contain; margin: auto;\"></figure>', '[{\"url\": \"/uploads/Hasil_Pengujian_User_Flow_b45b548eedd942b695e61b7d2a55121d.pdf\", \"name\": \"Hasil_Pengujian_User_Flow.pdf\", \"mimeType\": \"application/pdf\", \"size\": 361523, \"previewable\": true, \"kind\": \"pdf\"}]', 4, 1, '2026-05-01 04:02:23', '2026-05-01 06:22:15');

-- --------------------------------------------------------

--
-- Struktur dari tabel `registration_forms`
--

CREATE TABLE `registration_forms` (
  `id` varchar(100) NOT NULL,
  `title` varchar(255) NOT NULL,
  `description` longtext DEFAULT NULL,
  `target` varchar(20) NOT NULL DEFAULT 'public',
  `visibility` varchar(20) NOT NULL DEFAULT 'visible',
  `open_date` date DEFAULT NULL,
  `close_date` date DEFAULT NULL,
  `quota` int(11) NOT NULL DEFAULT 0,
  `fields_json` longtext DEFAULT NULL,
  `created_by` varchar(100) DEFAULT NULL,
  `created_by_name` varchar(255) DEFAULT NULL,
  `created_by_role` varchar(50) DEFAULT NULL,
  `created_at` datetime NOT NULL DEFAULT current_timestamp(),
  `updated_at` datetime NOT NULL DEFAULT current_timestamp() ON UPDATE current_timestamp(),
  `image_url` text DEFAULT NULL,
  `image_name` varchar(255) DEFAULT NULL,
  `attachments` longtext DEFAULT NULL
) ENGINE=InnoDB DEFAULT CHARSET=utf8mb4 COLLATE=utf8mb4_general_ci;

--
-- Dumping data untuk tabel `registration_forms`
--

INSERT INTO `registration_forms` (`id`, `title`, `description`, `target`, `visibility`, `open_date`, `close_date`, `quota`, `fields_json`, `created_by`, `created_by_name`, `created_by_role`, `created_at`, `updated_at`, `image_url`, `image_name`, `attachments`) VALUES
('form-1777702105881-4ah4tw', 'Test 1 Oprec (Umum)', 'Test Buat web', 'public', 'visible', '2026-04-01', '2027-01-01', 10, '[{\"id\": \"field-1777701904892-6pnqs0\", \"label\": \"Nama Lengkap\", \"type\": \"text\", \"required\": true, \"placeholder\": \"\", \"options\": []}, {\"id\": \"field-1777701922394-syja2o\", \"label\": \"Nomor wa\", \"type\": \"tel\", \"required\": true, \"placeholder\": \"Nomor wanya berapa?\", \"options\": []}, {\"id\": \"field-1777702061700-pwmj2l\", \"label\": \"Tanggal Lahir\", \"type\": \"date\", \"required\": true, \"placeholder\": \"\", \"options\": []}, {\"id\": \"field-1777702024038-yaz9v6\", \"label\": \"paroki mana (Drodown)\", \"type\": \"select\", \"required\": true, \"placeholder\": \"\", \"options\": [\"paroki baciro\", \"paroki luar\"]}, {\"id\": \"field-1777702046377-g18u19\", \"label\": \"Paroki mana (Radio)\", \"type\": \"radio\", \"required\": true, \"placeholder\": \"\", \"options\": [\"baciro\", \"luar\"]}, {\"id\": \"field-1777702102054-0juqgj\", \"label\": \"Paroki Mana\", \"type\": \"checkbox\", \"required\": true, \"placeholder\": \"\", \"options\": [\"baciro\", \"luar\"]}]', '50', 'Atanasius Surya', 'super_admin', '2026-05-02 13:08:25', '2026-05-02 14:03:22', NULL, NULL, NULL),
('form-1777705345286-pbygc2', 'Test 2 Oprec (Internal', '', 'internal', 'visible', '2026-04-01', '2026-05-01', 0, '[{\"id\": \"field-1777705335086-84j8qz\", \"label\": \"Nama LEngkap\", \"type\": \"text\", \"required\": true, \"placeholder\": \"\", \"options\": []}, {\"id\": \"field-1777705343475-fstovq\", \"label\": \"Tanggal Lahior\", \"type\": \"date\", \"required\": true, \"placeholder\": \"\", \"options\": []}]', '50', 'Atanasius Surya', 'super_admin', '2026-05-02 14:02:25', '2026-05-02 14:04:04', NULL, NULL, NULL),
('form-1777706259281-axrzsh', 'asdasd', 'Sebanyak 18 mahasiswa dari Fakultas Bisnis dan Ekonomika (FBE) serta Fakultas Teknologi Industri (FTI) Universitas Atma Jaya Yogyakarta (UAJY) berhasil mencatatkan prestasi membanggakan dengan menembus program Djarum Next Academy (DNA). Program ini merupakan ajang pengembangan bakat yang dirancang PT Djarum guna menjaring dan membina calon pemimpin muda Indonesia.\n\nKeberhasilan tersebut mencerminkan kolaborasi lintas disiplin ilmu di lingkungan UAJY. Dari Fakultas Teknologi Industri, tujuh mahasiswa Program Studi Informatika yang lolos adalah Louis Fernando Ega, Kalvin Lawinata, Eric Daniswara Octa Wijaya, Leo Malvin, Richard Angelico Pudjohartono, Kevin Philips Tanamas, dan Agus Febrianto. Selain itu, terdapat pula lima mahasiswa Program Studi Teknik Industri yang berhasil lolos yakni Nicholas Arron, Domingos Jose Siliwoloe Nicholas Pinto Soares, Natalie Richarta, Jocelyn Clarista Susanty, dan Alfin Prasetya. Sementara itu, dari Fakultas Bisnis dan Ekonomika, lima mahasiswa Program Studi Manajemen yang lolos adalah Gabriella Maharani Putri Nugroho, Christopher Kosasih, Nicholas Christian, Matthew Boanerges Harryson, dan Manuel Carlo Gilardino. Adapun satu mahasiswa Program Studi Akuntansi yang turut lolos ialah Yosafat William Sinar Wiharono. Untuk dapat bergabung dalam Djarum Next Academy, para mahasiswa harus melalui proses seleksi berlapis. Tahapan tersebut dimulai dari seleksi administrasi, psikotes untuk mengukur potensi kognitif dan kepribadian, wawancara bersama tim Human Resources Development (HRD), hingga sesi akhir bersama pihak user dari perusahaan guna menilai kesiapan teknis dan manajerial peserta.\n\nProgram magang intensif ini berlangsung selama enam bulan, terhitung sejak 1 Agustus 2025 hingga 29 Januari 2026. Melalui program tersebut, mahasiswa mendapatkan kesempatan untuk mengaplikasikan teori yang diperoleh di bangku kuliah dalam lingkungan kerja nyata. UAJY memandang keterlibatan mahasiswa dalam DNA sebagai upaya menyelaraskan kurikulum akademik dengan kebutuhan industri yang terus berkembang. Selama mengikuti program, peserta ditempatkan pada divisi-divisi strategis dengan pendampingan mentor profesional. Mereka juga mengikuti berbagai kegiatan pengembangan, seperti kunjungan perusahaan, pelatihan teknis sesuai proyek yang ditangani, serta penguatan keterampilan interpersonal, termasuk literasi keuangan dan manajemen diri. Peserta turut diberi kesempatan menggarap proyek nyata yang berdampak langsung bagi perusahaan.', 'internal', 'visible', '2026-05-02', '2026-05-16', 0, '[{\"id\": \"field-1777706256352-flr1ru\", \"label\": \"aaaaa\", \"type\": \"text\", \"required\": true, \"placeholder\": \"\", \"options\": []}]', '50', 'Atanasius Surya', 'super_admin', '2026-05-02 14:17:39', '2026-05-02 21:09:22', NULL, NULL, NULL),
('form-1777731059168-mxepy6', 'test form 4444', 'asdasdasdas', 'public', 'visible', '2026-05-03', '2026-07-18', 0, '[{\"id\": \"field-1777731055150-482ynr\", \"label\": \"bbbbbbbbb\", \"type\": \"text\", \"required\": true, \"placeholder\": \"\", \"options\": []}, {\"id\": \"field-1777731057515-mug491\", \"label\": \"ccccccccccc\", \"type\": \"text\", \"required\": true, \"placeholder\": \"\", \"options\": []}]', '50', 'Atanasius Surya', 'super_admin', '2026-05-02 21:10:59', '2026-05-02 23:08:20', '', '', '[]'),
('form-1777738884832-eetlo5', 'Test menu upload', 'hchgcguj', 'public', 'visible', '2026-05-02', '2026-12-03', 0, '[{\"id\": \"field-1777738873805-mx7vxf\", \"label\": \"namaq\", \"type\": \"text\", \"required\": true, \"placeholder\": \"\", \"options\": []}, {\"id\": \"field-1777738883267-i5cf46\", \"label\": \"foto\", \"type\": \"file\", \"required\": true, \"placeholder\": \"\", \"options\": []}]', '50', 'Atanasius Surya', 'super_admin', '2026-05-02 23:21:24', '2026-05-02 23:21:24', '/uploads/screencapture-regresiipkapp-hri4gibhumniyaspcxyehz-streamlit-app-2026-04-16-21_14_39_9081c12a67b740fc99b25435c212c810.png', 'screencapture-regresiipkapp-hri4gibhumniyaspcxyehz-streamlit-app-2026-04-16-21_14_39.png', '[{\"url\": \"/uploads/pendaftar-test-1-oprec_1e58f2a77e474c74be88e91a2c2291e5.pdf\", \"name\": \"pendaftar-test-1-oprec.pdf\", \"mimeType\": \"application/pdf\", \"size\": 2312, \"previewable\": true, \"kind\": \"pdf\"}, {\"url\": \"/uploads/Hasil_Pengujian_User_Flow_a307315d573b40d8b66d3b6be0836e99.pdf\", \"name\": \"Hasil_Pengujian_User_Flow.pdf\", \"mimeType\": \"application/pdf\", \"size\": 361523, \"previewable\": true, \"kind\": \"pdf\"}]'),
('form-1777750967591-khe4sg', 'Tes Notifikasi Form 1 baru', 'asdasdasd', 'public', 'visible', '2026-05-01', '2026-05-16', 0, '[{\"id\": \"field-1777750961296-abt8jy\", \"label\": \"asdasd\", \"type\": \"text\", \"required\": true, \"placeholder\": \"asdasd\", \"options\": [\"asdasdads\"]}, {\"id\": \"field-1777750966477-gvggqj\", \"label\": \"aaa\", \"type\": \"file\", \"required\": true, \"placeholder\": \"sddd\", \"options\": [\"sdasdasdasd\"]}]', '50', 'Atanasius Surya', 'super_admin', '2026-05-03 02:42:47', '2026-05-03 02:42:47', '/uploads/foto_baju_koki_228cfc4b2bde44e2803a6af0a092cad2.jpg', 'foto_baju_koki.jpg', '[{\"url\": \"/uploads/laporan-data-anggota-20260429_a45315a4777a4b35aef7a1bc726fce07.xls\", \"name\": \"laporan-data-anggota-20260429.xls\", \"mimeType\": \"application/vnd.ms-excel\", \"size\": 12821, \"previewable\": false, \"kind\": \"file\"}]'),
('form-1777827683629-g9udt4', 'Tes Notif Form Baru role', 'Tes Notif Form Baru role', 'public', 'visible', '2026-05-02', '2026-05-30', 0, '[{\"id\": \"field-1777827682165-00qirj\", \"label\": \"Nama Lengkap\", \"type\": \"text\", \"required\": true, \"placeholder\": \"\", \"options\": []}]', '50', 'Atanasius Surya', 'super_admin', '2026-05-04 00:01:23', '2026-05-04 00:01:23', '/uploads/foto_baju_koki_731e344bab3d458db32a132b02c59cd7.jpg', 'foto_baju_koki.jpg', '[{\"url\": \"/uploads/Hasil_Pengujian_User_Flow_4c1899fda1fd41ecb4048ba6ca5d917f.pdf\", \"name\": \"Hasil_Pengujian_User_Flow.pdf\", \"mimeType\": \"application/pdf\", \"size\": 361523, \"previewable\": true, \"kind\": \"pdf\"}, {\"url\": \"/uploads/laporan-data-inventaris-barang_cc58edc359864e55a5c656dce8a12cd4.pdf\", \"name\": \"laporan-data-inventaris-barang.pdf\", \"mimeType\": \"application/pdf\", \"size\": 3878, \"previewable\": true, \"kind\": \"pdf\"}]');

-- --------------------------------------------------------

--
-- Struktur dari tabel `registration_form_submissions`
--

CREATE TABLE `registration_form_submissions` (
  `id` varchar(100) NOT NULL,
  `form_id` varchar(100) NOT NULL,
  `submitter_key` varchar(255) NOT NULL,
  `submitter_identifier` varchar(255) NOT NULL DEFAULT '',
  `submitter_role` varchar(50) NOT NULL DEFAULT 'public',
  `submitter_user_id` varchar(100) DEFAULT NULL,
  `submitter_source` varchar(20) NOT NULL DEFAULT 'public',
  `answers_json` longtext NOT NULL,
  `submitted_at` datetime NOT NULL DEFAULT current_timestamp()
) ENGINE=InnoDB DEFAULT CHARSET=utf8mb4 COLLATE=utf8mb4_general_ci;

--
-- Dumping data untuk tabel `registration_form_submissions`
--

INSERT INTO `registration_form_submissions` (`id`, `form_id`, `submitter_key`, `submitter_identifier`, `submitter_role`, `submitter_user_id`, `submitter_source`, `answers_json`, `submitted_at`) VALUES
('submission-1777702379973-6ff15f', 'form-1777702105881-4ah4tw', 'member:member', 'Anggota', 'user', '', 'public', '[{\"fieldId\": \"field-1777701904892-6pnqs0\", \"label\": \"Nama Lengkap\", \"type\": \"text\", \"value\": \"aku\"}, {\"fieldId\": \"field-1777701922394-syja2o\", \"label\": \"Nomor wa\", \"type\": \"tel\", \"value\": \"0812312312231\"}, {\"fieldId\": \"field-1777702061700-pwmj2l\", \"label\": \"Tanggal Lahir\", \"type\": \"date\", \"value\": \"2026-05-01\"}, {\"fieldId\": \"field-1777702024038-yaz9v6\", \"label\": \"paroki mana (Drodown)\", \"type\": \"select\", \"value\": \"paroki baciro\"}, {\"fieldId\": \"field-1777702046377-g18u19\", \"label\": \"Paroki mana (Radio)\", \"type\": \"radio\", \"value\": \"luar\"}, {\"fieldId\": \"field-1777702102054-0juqgj\", \"label\": \"Paroki Mana\", \"type\": \"checkbox\", \"value\": [\"baciro\", \"luar\"]}]', '2026-05-02 13:12:59'),
('submission-1777702543442-28e465', 'form-1777702105881-4ah4tw', 'member:21', 'Aura', 'user', '21', 'internal', '[{\"fieldId\": \"field-1777701904892-6pnqs0\", \"label\": \"Nama Lengkap\", \"type\": \"text\", \"value\": \"aura\"}, {\"fieldId\": \"field-1777701922394-syja2o\", \"label\": \"Nomor wa\", \"type\": \"tel\", \"value\": \"1231231\"}, {\"fieldId\": \"field-1777702061700-pwmj2l\", \"label\": \"Tanggal Lahir\", \"type\": \"date\", \"value\": \"2026-05-02\"}, {\"fieldId\": \"field-1777702024038-yaz9v6\", \"label\": \"paroki mana (Drodown)\", \"type\": \"select\", \"value\": \"paroki baciro\"}, {\"fieldId\": \"field-1777702046377-g18u19\", \"label\": \"Paroki mana (Radio)\", \"type\": \"radio\", \"value\": \"luar\"}, {\"fieldId\": \"field-1777702102054-0juqgj\", \"label\": \"Paroki Mana\", \"type\": \"checkbox\", \"value\": [\"baciro\", \"luar\"]}]', '2026-05-02 13:15:43'),
('submission-1777734632812-b465f9', 'form-1777706259281-axrzsh', 'member:50', 'Atanasius Surya', 'super_admin', '50', 'internal', '[{\"fieldId\": \"field-1777706256352-flr1ru\", \"label\": \"aaaaa\", \"type\": \"text\", \"value\": \"asdasdasd\"}]', '2026-05-02 22:10:32'),
('submission-1777734768881-f82dd6', 'form-1777702105881-4ah4tw', 'member:53', 'Daflo', 'user', '53', 'logged_in', '[{\"fieldId\": \"field-1777701904892-6pnqs0\", \"label\": \"Nama Lengkap\", \"type\": \"text\", \"value\": \"ZxZX\"}, {\"fieldId\": \"field-1777701922394-syja2o\", \"label\": \"Nomor wa\", \"type\": \"tel\", \"value\": \"23123123123123123\"}, {\"fieldId\": \"field-1777702061700-pwmj2l\", \"label\": \"Tanggal Lahir\", \"type\": \"date\", \"value\": \"2026-05-09\"}, {\"fieldId\": \"field-1777702024038-yaz9v6\", \"label\": \"paroki mana (Drodown)\", \"type\": \"select\", \"value\": \"paroki baciro\"}, {\"fieldId\": \"field-1777702046377-g18u19\", \"label\": \"Paroki mana (Radio)\", \"type\": \"radio\", \"value\": \"baciro\"}, {\"fieldId\": \"field-1777702102054-0juqgj\", \"label\": \"Paroki Mana\", \"type\": \"checkbox\", \"value\": [\"luar\"]}]', '2026-05-02 22:12:48'),
('submission-1777736285115-0cf138', 'form-1777702105881-4ah4tw', 'guest-1777736285106-340z3j', 'Pengunjung', 'public', '', 'public', '[{\"fieldId\": \"field-1777701904892-6pnqs0\", \"label\": \"Nama Lengkap\", \"type\": \"text\", \"value\": \"asdasdas\"}, {\"fieldId\": \"field-1777701922394-syja2o\", \"label\": \"Nomor wa\", \"type\": \"tel\", \"value\": \"5345345345\"}, {\"fieldId\": \"field-1777702061700-pwmj2l\", \"label\": \"Tanggal Lahir\", \"type\": \"date\", \"value\": \"2026-05-01\"}, {\"fieldId\": \"field-1777702024038-yaz9v6\", \"label\": \"paroki mana (Drodown)\", \"type\": \"select\", \"value\": \"paroki baciro\"}, {\"fieldId\": \"field-1777702046377-g18u19\", \"label\": \"Paroki mana (Radio)\", \"type\": \"radio\", \"value\": \"baciro\"}, {\"fieldId\": \"field-1777702102054-0juqgj\", \"label\": \"Paroki Mana\", \"type\": \"checkbox\", \"value\": [\"baciro\", \"luar\"]}]', '2026-05-02 22:38:05'),
('submission-1777736302485-e4a8d8', 'form-1777702105881-4ah4tw', 'guest-1777736302479-68ozby', 'Pengunjung', 'public', '', 'public', '[{\"fieldId\": \"field-1777701904892-6pnqs0\", \"label\": \"Nama Lengkap\", \"type\": \"text\", \"value\": \"aaa\"}, {\"fieldId\": \"field-1777701922394-syja2o\", \"label\": \"Nomor wa\", \"type\": \"tel\", \"value\": \"5345345\"}, {\"fieldId\": \"field-1777702061700-pwmj2l\", \"label\": \"Tanggal Lahir\", \"type\": \"date\", \"value\": \"2026-05-01\"}, {\"fieldId\": \"field-1777702024038-yaz9v6\", \"label\": \"paroki mana (Drodown)\", \"type\": \"select\", \"value\": \"paroki baciro\"}, {\"fieldId\": \"field-1777702046377-g18u19\", \"label\": \"Paroki mana (Radio)\", \"type\": \"radio\", \"value\": \"baciro\"}, {\"fieldId\": \"field-1777702102054-0juqgj\", \"label\": \"Paroki Mana\", \"type\": \"checkbox\", \"value\": [\"luar\"]}]', '2026-05-02 22:38:22'),
('submission-1777740660980-5a5482', 'form-1777738884832-eetlo5', 'guest-1777740660966-vyy5nc', 'Pengunjung', 'public', '', 'public', '[{\"fieldId\": \"field-1777738873805-mx7vxf\", \"label\": \"namaq\", \"type\": \"text\", \"value\": \"Tes Input Gambar 1\"}, {\"fieldId\": \"field-1777738883267-i5cf46\", \"label\": \"foto\", \"type\": \"file\", \"value\": [\"/uploads/Hasil_Pengujian_User_Flow_517ba6e4a5364d79990c654bd9af8712.pdf\"]}]', '2026-05-02 23:51:00'),
('submission-1777743428481-34dca7', 'form-1777738884832-eetlo5', 'guest-1777743428462-d21tb9', 'Pengunjung', 'public', '', 'public', '[{\"fieldId\": \"field-1777738873805-mx7vxf\", \"label\": \"namaq\", \"type\": \"text\", \"value\": \"Tes Upload 2 No Login\"}, {\"fieldId\": \"field-1777738883267-i5cf46\", \"label\": \"foto\", \"type\": \"file\", \"value\": [\"/uploads/Tanda_Tangan_Mick_Schumacher_127f7bfbb8434d238824fa1f6e4b1719.png\"]}]', '2026-05-03 00:37:08'),
('submission-1777743542986-f62cf1', 'form-1777706259281-axrzsh', 'member:53', 'Daflo', 'user', '53', 'internal', '[{\"fieldId\": \"field-1777706256352-flr1ru\", \"label\": \"aaaaa\", \"type\": \"text\", \"value\": \"bbbbbbbb\"}]', '2026-05-03 00:39:02'),
('submission-1777743898292-f9e275', 'form-1777738884832-eetlo5', 'member:53', 'Daflo', 'user', '53', 'logged_in', '[{\"fieldId\": \"field-1777738873805-mx7vxf\", \"label\": \"namaq\", \"type\": \"text\", \"value\": \"Tes Daflo Input No Login\"}, {\"fieldId\": \"field-1777738883267-i5cf46\", \"label\": \"foto\", \"type\": \"file\", \"value\": [\"/uploads/screencapture-regresiipkapp-hri4gibhumniyaspcxyehz-streamlit-app-2026-04-16-21_14_39_87937175dc884d299cec4096d2a8e8b5.png\"]}]', '2026-05-03 00:44:58'),
('submission-1777745024660-894f21', 'form-1777738884832-eetlo5', 'member:21', 'Aura', 'user', '21', 'logged_in', '[{\"fieldId\": \"field-1777738873805-mx7vxf\", \"label\": \"namaq\", \"type\": \"text\", \"value\": \"Tes anggota aura upload media\"}, {\"fieldId\": \"field-1777738883267-i5cf46\", \"label\": \"foto\", \"type\": \"file\", \"value\": [\"/uploads/fake-signature-word-vector_77ec4879f29d4e0fb6c8acad3aa98668.jpg\"]}]', '2026-05-03 01:03:44');

-- --------------------------------------------------------

--
-- Struktur dari tabel `sertifikat_config`
--

CREATE TABLE `sertifikat_config` (
  `id` int(11) NOT NULL,
  `ketua_name` varchar(255) DEFAULT 'Ketua Crembo Media',
  `pembina_name` varchar(255) DEFAULT 'Pembina Crembo Media',
  `ketua_sign_url` text DEFAULT NULL,
  `pembina_sign_url` text DEFAULT NULL,
  `updated_at` datetime NOT NULL DEFAULT current_timestamp() ON UPDATE current_timestamp()
) ENGINE=InnoDB DEFAULT CHARSET=utf8mb4 COLLATE=utf8mb4_general_ci;

--
-- Dumping data untuk tabel `sertifikat_config`
--

INSERT INTO `sertifikat_config` (`id`, `ketua_name`, `pembina_name`, `ketua_sign_url`, `pembina_sign_url`, `updated_at`) VALUES
(1, 'Pria Briliantama', 'Fransiskus Xaverius Harso Susanto', 'uploads/Tanda_Tangan_Mick_Schumacher_1777507332.png', 'uploads/fake-signature-word-vector_1777507334.jpg', '2026-04-30 07:02:15');

-- --------------------------------------------------------

--
-- Struktur dari tabel `streaming_assignments`
--

CREATE TABLE `streaming_assignments` (
  `id` int(11) NOT NULL,
  `schedule_date` date NOT NULL,
  `schedule_time` time NOT NULL,
  `role_name` varchar(100) NOT NULL,
  `member_id` int(11) NOT NULL,
  `created_at` datetime NOT NULL DEFAULT current_timestamp(),
  `request_source` varchar(30) NOT NULL DEFAULT 'admin'
) ENGINE=InnoDB DEFAULT CHARSET=utf8mb4 COLLATE=utf8mb4_general_ci;

--
-- Dumping data untuk tabel `streaming_assignments`
--

INSERT INTO `streaming_assignments` (`id`, `schedule_date`, `schedule_time`, `role_name`, `member_id`, `created_at`, `request_source`) VALUES
(135, '2026-05-30', '18:00:00', 'Operator', 49, '2026-05-13 10:05:59', 'admin'),
(158, '2026-05-10', '07:30:00', 'Kameramen', 29, '2026-05-13 09:56:46', 'admin'),
(186, '2026-05-17', '16:30:00', 'Operator', 58, '2026-05-13 10:00:59', 'admin'),
(187, '2026-05-17', '16:30:00', 'Kameramen', 72, '2026-05-13 10:00:59', 'admin'),
(189, '2026-05-20', '18:00:00', 'Kameramen', 67, '2026-05-13 10:05:59', 'admin'),
(208, '2026-05-20', '18:00:00', 'Operator', 74, '2026-05-13 10:05:59', 'admin'),
(227, '2026-05-01', '18:00:00', 'Operator', 6, '2026-05-14 02:06:15', 'evaluasi'),
(228, '2026-05-01', '18:00:00', 'Kameramen', 5, '2026-05-14 02:06:15', 'evaluasi'),
(229, '2026-05-01', '18:00:00', 'SPV', 50, '2026-05-14 02:06:15', 'evaluasi'),
(247, '2026-05-02', '18:00:00', 'Operator', 49, '2026-05-14 01:16:39', 'evaluasi'),
(249, '2026-05-02', '18:00:00', 'SPV', 17, '2026-05-14 01:16:39', 'evaluasi'),
(270, '2026-05-03', '07:30:00', 'Operator', 69, '2026-05-13 09:49:12', 'admin'),
(271, '2026-05-03', '07:30:00', 'Kameramen', 66, '2026-05-13 09:49:12', 'admin'),
(272, '2026-05-03', '07:30:00', 'SPV', 65, '2026-05-13 09:49:12', 'admin'),
(273, '2026-05-03', '10:00:00', 'Operator', 69, '2026-05-13 09:49:12', 'admin'),
(274, '2026-05-03', '10:00:00', 'Kameramen', 73, '2026-05-13 09:49:12', 'admin'),
(275, '2026-05-03', '10:00:00', 'SPV', 65, '2026-05-13 09:49:12', 'admin'),
(276, '2026-05-03', '16:30:00', 'Operator', 69, '2026-05-13 09:49:12', 'admin'),
(277, '2026-05-03', '16:30:00', 'Kameramen', 28, '2026-05-13 09:49:12', 'admin'),
(278, '2026-05-03', '16:30:00', 'SPV', 65, '2026-05-13 09:49:12', 'admin'),
(279, '2026-05-03', '18:30:00', 'Operator', 29, '2026-05-14 03:11:58', 'evaluasi'),
(280, '2026-05-03', '18:30:00', 'Kameramen', 37, '2026-05-14 03:11:58', 'evaluasi'),
(281, '2026-05-03', '18:30:00', 'SPV', 6, '2026-05-14 03:11:58', 'evaluasi'),
(314, '2026-05-04', '18:00:00', 'Operator', 49, '2026-05-14 03:14:21', 'evaluasi'),
(315, '2026-05-04', '18:00:00', 'Kameramen', 77, '2026-05-14 03:14:21', 'evaluasi'),
(351, '2026-05-05', '18:00:00', 'Operator', 6, '2026-05-13 09:56:46', 'admin'),
(352, '2026-05-05', '18:00:00', 'Kameramen', 53, '2026-05-13 09:56:46', 'admin'),
(353, '2026-05-05', '18:00:00', 'SPV', 3, '2026-05-13 09:56:46', 'admin'),
(355, '2026-05-06', '18:00:00', 'Kameramen', 59, '2026-05-14 03:15:55', 'evaluasi'),
(356, '2026-05-06', '18:00:00', 'SPV', 25, '2026-05-14 03:15:55', 'evaluasi'),
(357, '2026-05-07', '18:00:00', 'Operator', 49, '2026-05-14 03:17:23', 'evaluasi'),
(358, '2026-05-07', '18:00:00', 'Kameramen', 7, '2026-05-14 03:17:23', 'evaluasi'),
(359, '2026-05-07', '18:00:00', 'SPV', 22, '2026-05-14 03:17:23', 'evaluasi'),
(360, '2026-05-08', '18:00:00', 'Operator', 20, '2026-05-14 03:18:44', 'evaluasi'),
(361, '2026-05-08', '18:00:00', 'Kameramen', 49, '2026-05-14 03:18:44', 'evaluasi'),
(362, '2026-05-08', '18:00:00', 'SPV', 25, '2026-05-14 03:18:44', 'evaluasi'),
(363, '2026-05-09', '18:00:00', 'Operator', 49, '2026-05-14 03:19:54', 'evaluasi'),
(364, '2026-05-09', '18:00:00', 'Kameramen', 55, '2026-05-14 03:19:54', 'evaluasi'),
(365, '2026-05-09', '18:00:00', 'SPV', 20, '2026-05-14 03:19:54', 'evaluasi'),
(366, '2026-05-10', '07:30:00', 'Operator', 70, '2026-05-13 09:56:46', 'admin'),
(368, '2026-05-10', '07:30:00', 'SPV', 23, '2026-05-13 09:56:46', 'admin'),
(369, '2026-05-10', '10:00:00', 'Operator', 49, '2026-05-13 09:56:46', 'admin'),
(370, '2026-05-10', '10:00:00', 'Kameramen', 66, '2026-05-13 09:56:46', 'admin'),
(371, '2026-05-10', '10:00:00', 'SPV', 16, '2026-05-13 09:56:46', 'admin'),
(372, '2026-05-10', '16:30:00', 'Operator', 42, '2026-05-14 03:20:56', 'evaluasi'),
(373, '2026-05-10', '16:30:00', 'Kameramen', 49, '2026-05-14 03:20:56', 'evaluasi'),
(374, '2026-05-10', '16:30:00', 'SPV', 28, '2026-05-14 03:20:56', 'evaluasi'),
(375, '2026-05-10', '18:30:00', 'Operator', 61, '2026-05-14 03:22:11', 'evaluasi'),
(376, '2026-05-10', '18:30:00', 'Kameramen', 49, '2026-05-14 03:22:11', 'evaluasi'),
(377, '2026-05-10', '18:30:00', 'SPV', 6, '2026-05-14 03:22:11', 'evaluasi'),
(436, '2026-05-11', '18:00:00', 'Operator', 10, '2026-05-13 09:57:48', 'admin'),
(437, '2026-05-11', '18:00:00', 'Kameramen', 7, '2026-05-13 09:57:48', 'admin'),
(438, '2026-05-11', '18:00:00', 'SPV', 57, '2026-05-13 09:57:48', 'admin'),
(439, '2026-05-12', '18:00:00', 'Operator', 10, '2026-05-14 03:06:25', 'evaluasi'),
(440, '2026-05-12', '18:00:00', 'Kameramen', 71, '2026-05-14 03:06:25', 'evaluasi'),
(441, '2026-05-12', '18:00:00', 'SPV', 49, '2026-05-14 03:06:25', 'evaluasi'),
(509, '2026-05-14', '18:00:00', 'Operator', 74, '2026-05-13 09:58:54', 'admin'),
(510, '2026-05-14', '18:00:00', 'Kameramen', 67, '2026-05-13 09:58:54', 'admin'),
(511, '2026-05-14', '18:00:00', 'SPV', 20, '2026-05-13 09:58:54', 'admin'),
(512, '2026-05-15', '18:00:00', 'Operator', 21, '2026-05-13 09:58:54', 'admin'),
(513, '2026-05-15', '18:00:00', 'Kameramen', 51, '2026-05-13 09:58:54', 'admin'),
(514, '2026-05-15', '18:00:00', 'SPV', 14, '2026-05-13 09:58:54', 'admin'),
(515, '2026-05-16', '18:00:00', 'Operator', 23, '2026-05-13 09:58:54', 'admin'),
(516, '2026-05-16', '18:00:00', 'Kameramen', 72, '2026-05-13 09:58:54', 'admin'),
(517, '2026-05-16', '18:00:00', 'SPV', 12, '2026-05-13 09:58:54', 'admin'),
(591, '2026-05-17', '07:30:00', 'Operator', 70, '2026-05-13 10:00:59', 'admin'),
(592, '2026-05-17', '07:30:00', 'Kameramen', 29, '2026-05-13 10:00:59', 'admin'),
(593, '2026-05-17', '07:30:00', 'SPV', 23, '2026-05-13 10:00:59', 'admin'),
(594, '2026-05-17', '10:00:00', 'Operator', 68, '2026-05-13 10:00:59', 'admin'),
(595, '2026-05-17', '10:00:00', 'Kameramen', 61, '2026-05-13 10:00:59', 'admin'),
(596, '2026-05-17', '10:00:00', 'SPV', 73, '2026-05-13 10:00:59', 'admin'),
(599, '2026-05-17', '16:30:00', 'SPV', 8, '2026-05-13 10:00:59', 'admin'),
(600, '2026-05-17', '18:30:00', 'Operator', 16, '2026-05-13 10:00:59', 'admin'),
(601, '2026-05-17', '18:30:00', 'Kameramen', 51, '2026-05-13 10:00:59', 'admin'),
(602, '2026-05-17', '18:30:00', 'SPV', 14, '2026-05-13 10:00:59', 'admin'),
(603, '2026-05-18', '18:00:00', 'Operator', 59, '2026-05-13 10:00:59', 'admin'),
(604, '2026-05-18', '18:00:00', 'Kameramen', 5, '2026-05-13 10:00:59', 'admin'),
(605, '2026-05-18', '18:00:00', 'SPV', 35, '2026-05-13 10:00:59', 'admin'),
(692, '2026-05-19', '18:00:00', 'Operator', 45, '2026-05-13 10:05:59', 'admin'),
(693, '2026-05-19', '18:00:00', 'Kameramen', 49, '2026-05-13 10:05:59', 'admin'),
(694, '2026-05-19', '18:00:00', 'SPV', 22, '2026-05-13 10:05:59', 'admin'),
(697, '2026-05-20', '18:00:00', 'SPV', 7, '2026-05-13 10:05:59', 'admin'),
(698, '2026-05-21', '18:00:00', 'Operator', 53, '2026-05-13 10:05:59', 'admin'),
(699, '2026-05-21', '18:00:00', 'Kameramen', 68, '2026-05-13 10:05:59', 'admin'),
(700, '2026-05-21', '18:00:00', 'SPV', 3, '2026-05-13 10:05:59', 'admin'),
(701, '2026-05-22', '18:00:00', 'Operator', 54, '2026-05-13 10:05:59', 'admin'),
(702, '2026-05-22', '18:00:00', 'Kameramen', 51, '2026-05-13 10:05:59', 'admin'),
(703, '2026-05-22', '18:00:00', 'SPV', 40, '2026-05-13 10:05:59', 'admin'),
(704, '2026-05-23', '18:00:00', 'Operator', 12, '2026-05-13 10:05:59', 'admin'),
(705, '2026-05-23', '18:00:00', 'Kameramen', 59, '2026-05-13 10:05:59', 'admin'),
(706, '2026-05-23', '18:00:00', 'SPV', 14, '2026-05-13 10:05:59', 'admin'),
(707, '2026-05-24', '07:30:00', 'Operator', 37, '2026-05-13 10:05:59', 'admin'),
(708, '2026-05-24', '07:30:00', 'Kameramen', 29, '2026-05-13 10:05:59', 'admin'),
(709, '2026-05-24', '10:00:00', 'Operator', 49, '2026-05-13 10:05:59', 'admin'),
(710, '2026-05-24', '10:00:00', 'Kameramen', 61, '2026-05-13 10:05:59', 'admin'),
(711, '2026-05-24', '10:00:00', 'SPV', 16, '2026-05-13 10:05:59', 'admin'),
(712, '2026-05-24', '16:30:00', 'Operator', 58, '2026-05-13 10:05:59', 'admin'),
(713, '2026-05-24', '16:30:00', 'Kameramen', 71, '2026-05-13 10:05:59', 'admin'),
(714, '2026-05-24', '16:30:00', 'SPV', 45, '2026-05-13 10:05:59', 'admin'),
(715, '2026-05-24', '18:30:00', 'Operator', 8, '2026-05-13 10:05:59', 'admin'),
(716, '2026-05-24', '18:30:00', 'Kameramen', 13, '2026-05-13 10:05:59', 'admin'),
(717, '2026-05-25', '18:00:00', 'Operator', 49, '2026-05-13 10:05:59', 'admin'),
(718, '2026-05-25', '18:00:00', 'Kameramen', 5, '2026-05-13 10:05:59', 'admin'),
(719, '2026-05-25', '18:00:00', 'SPV', 21, '2026-05-13 10:05:59', 'admin'),
(720, '2026-05-26', '18:00:00', 'Operator', 21, '2026-05-13 10:05:59', 'admin'),
(721, '2026-05-26', '18:00:00', 'Kameramen', 40, '2026-05-13 10:05:59', 'admin'),
(722, '2026-05-26', '18:00:00', 'SPV', 35, '2026-05-13 10:05:59', 'admin'),
(723, '2026-05-27', '18:00:00', 'Operator', 10, '2026-05-13 10:05:59', 'admin'),
(724, '2026-05-27', '18:00:00', 'Kameramen', 67, '2026-05-13 10:05:59', 'admin'),
(725, '2026-05-27', '18:00:00', 'SPV', 74, '2026-05-13 10:05:59', 'admin'),
(726, '2026-05-28', '18:00:00', 'Operator', 54, '2026-05-13 10:05:59', 'admin'),
(727, '2026-05-28', '18:00:00', 'SPV', 30, '2026-05-13 10:05:59', 'admin'),
(728, '2026-05-29', '18:00:00', 'Kameramen', 30, '2026-05-13 10:05:59', 'admin'),
(730, '2026-05-31', '07:30:00', 'Operator', 29, '2026-05-13 10:05:59', 'admin'),
(731, '2026-05-31', '07:30:00', 'Kameramen', 37, '2026-05-13 10:05:59', 'admin'),
(732, '2026-05-31', '07:30:00', 'SPV', 49, '2026-05-13 10:05:59', 'admin'),
(733, '2026-05-31', '10:00:00', 'Operator', 61, '2026-05-13 10:05:59', 'admin'),
(734, '2026-05-31', '10:00:00', 'Kameramen', 73, '2026-05-13 10:05:59', 'admin'),
(735, '2026-05-31', '10:00:00', 'SPV', 47, '2026-05-13 10:05:59', 'admin'),
(736, '2026-05-31', '16:30:00', 'Operator', 45, '2026-05-13 10:05:59', 'admin'),
(737, '2026-05-31', '16:30:00', 'Kameramen', 58, '2026-05-13 10:05:59', 'admin'),
(738, '2026-05-31', '16:30:00', 'SPV', 49, '2026-05-13 10:05:59', 'admin'),
(739, '2026-05-31', '18:30:00', 'Operator', 49, '2026-05-13 10:05:59', 'admin');

-- --------------------------------------------------------

--
-- Struktur dari tabel `streaming_cancelled`
--

CREATE TABLE `streaming_cancelled` (
  `id` int(11) NOT NULL,
  `mass_date` date NOT NULL,
  `mass_time` time NOT NULL
) ENGINE=InnoDB DEFAULT CHARSET=utf8mb4 COLLATE=utf8mb4_general_ci;

--
-- Dumping data untuk tabel `streaming_cancelled`
--

INSERT INTO `streaming_cancelled` (`id`, `mass_date`, `mass_time`) VALUES
(9, '2026-05-14', '18:00:00');

-- --------------------------------------------------------

--
-- Struktur dari tabel `streaming_evaluations`
--

CREATE TABLE `streaming_evaluations` (
  `id` int(11) NOT NULL,
  `schedule_kind` varchar(30) NOT NULL,
  `schedule_key` varchar(120) NOT NULL,
  `schedule_date` date NOT NULL,
  `schedule_time` time NOT NULL,
  `misa_name` varchar(255) NOT NULL,
  `misa_type_label` varchar(50) NOT NULL,
  `evaluator_id` int(11) DEFAULT NULL,
  `evaluator_name` varchar(255) NOT NULL,
  `evaluator_role` varchar(100) DEFAULT NULL,
  `staff_json` longtext DEFAULT NULL,
  `extra_staff_json` longtext DEFAULT NULL,
  `staff_evaluations_json` longtext DEFAULT NULL,
  `technical_issue` longtext DEFAULT NULL,
  `nontechnical_issue` longtext DEFAULT NULL,
  `checklist_json` longtext DEFAULT NULL,
  `final_note` longtext DEFAULT NULL,
  `dynamic_answers_json` longtext DEFAULT NULL,
  `general_assessment` varchar(100) NOT NULL,
  `submitted_at` datetime NOT NULL DEFAULT current_timestamp()
) ENGINE=InnoDB DEFAULT CHARSET=utf8mb4 COLLATE=utf8mb4_general_ci;

--
-- Dumping data untuk tabel `streaming_evaluations`
--

INSERT INTO `streaming_evaluations` (`id`, `schedule_kind`, `schedule_key`, `schedule_date`, `schedule_time`, `misa_name`, `misa_type_label`, `evaluator_id`, `evaluator_name`, `evaluator_role`, `staff_json`, `extra_staff_json`, `staff_evaluations_json`, `technical_issue`, `nontechnical_issue`, `checklist_json`, `final_note`, `dynamic_answers_json`, `general_assessment`, `submitted_at`) VALUES
(1, 'misa_biasa', 'biasa:2026-05-02:18:00', '2026-05-02', '18:00:00', 'Misa Mingguan', 'Misa Biasa', 50, 'Atanasius Surya', 'Operator', '[{\"accountRole\": \"user\", \"assignmentId\": 247, \"attendance\": \"present\", \"memberId\": \"49\", \"memberName\": \"Tyas\", \"role\": \"Operator\", \"roleId\": \"Operator\", \"slotId\": \"biasa:2026-05-02:18:00:Operator\", \"actualMemberId\": \"49\", \"actualMemberName\": \"Tyas\"}, {\"accountRole\": \"super_admin\", \"assignmentId\": 248, \"attendance\": \"not_attend\", \"memberId\": \"6\", \"memberName\": \"Pria\", \"role\": \"Kameramen\", \"roleId\": \"Kameramen\", \"slotId\": \"biasa:2026-05-02:18:00:Kameramen\", \"actualMemberId\": \"\", \"actualMemberName\": \"Tidak datang\"}, {\"accountRole\": \"admin\", \"assignmentId\": 249, \"attendance\": \"present\", \"memberId\": \"17\", \"memberName\": \"Panji\", \"role\": \"SPV\", \"roleId\": \"SPV\", \"slotId\": \"biasa:2026-05-02:18:00:SPV\", \"actualMemberId\": \"17\", \"actualMemberName\": \"Panji\"}]', '[]', '[{\"name\": \"Tyas\", \"role\": \"Operator\", \"rating\": \"Cukup\", \"note\": \"Op Telat\"}, {\"name\": \"Panji\", \"role\": \"SPV\", \"rating\": \"Sangat Baik\", \"note\": \"-\"}]', '-', 'cam gak ada', '{\"streaming_lancar\": true, \"koordinasi_baik\": true}', '', '[]', 'Kendala Ringan', '2026-05-14 01:16:39'),
(2, 'misa_biasa', 'biasa:2026-05-01:18:00', '2026-05-01', '18:00:00', 'Misa Harian', 'Misa Biasa', 53, 'Daflo', 'Operator', '[{\"accountRole\": \"super_admin\", \"assignmentId\": 227, \"attendance\": \"present\", \"memberId\": \"6\", \"memberName\": \"Pria\", \"role\": \"Operator\", \"roleId\": \"Operator\", \"slotId\": \"biasa:2026-05-01:18:00:Operator\", \"actualMemberId\": \"6\", \"actualMemberName\": \"Pria\"}, {\"accountRole\": \"admin\", \"assignmentId\": 228, \"attendance\": \"present\", \"memberId\": \"5\", \"memberName\": \"Katherine Ivana Hadi\", \"role\": \"Kameramen\", \"roleId\": \"Kameramen\", \"slotId\": \"biasa:2026-05-01:18:00:Kameramen\", \"actualMemberId\": \"5\", \"actualMemberName\": \"Katherine Ivana Hadi\"}, {\"accountRole\": \"user\", \"assignmentId\": 229, \"attendance\": \"present\", \"memberId\": \"53\", \"memberName\": \"Daflo\", \"role\": \"SPV\", \"roleId\": \"SPV\", \"slotId\": \"biasa:2026-05-01:18:00:SPV\", \"actualMemberId\": \"50\", \"actualMemberName\": \"Atanasius Surya\"}]', '[]', '[{\"name\": \"Pria\", \"role\": \"Operator\", \"rating\": \"Sangat Baik\", \"note\": \"\"}, {\"name\": \"Katherine Ivana Hadi\", \"role\": \"Kameramen\", \"rating\": \"Sangat Baik\", \"note\": \"\"}, {\"name\": \"Atanasius Surya\", \"role\": \"SPV\", \"rating\": \"Sangat Baik\", \"note\": \"\"}]', '-', '-', '{\"streaming_lancar\": true, \"koordinasi_baik\": true}', '', '[]', 'Aman', '2026-05-14 02:06:15'),
(3, 'misa_biasa', 'biasa:2026-05-12:18:00', '2026-05-12', '18:00:00', 'Misa Harian', 'Misa Biasa', 10, 'Lisa', 'Operator', '[{\"accountRole\": \"user\", \"assignmentId\": 439, \"attendance\": \"present\", \"memberId\": \"10\", \"memberName\": \"Lisa\", \"role\": \"Operator\", \"roleId\": \"Operator\", \"slotId\": \"biasa:2026-05-12:18:00:Operator\", \"actualMemberId\": \"10\", \"actualMemberName\": \"Lisa\"}, {\"accountRole\": \"user\", \"assignmentId\": 440, \"attendance\": \"present\", \"memberId\": \"71\", \"memberName\": \"Stella\", \"role\": \"Kameramen\", \"roleId\": \"Kameramen\", \"slotId\": \"biasa:2026-05-12:18:00:Kameramen\", \"actualMemberId\": \"71\", \"actualMemberName\": \"Stella\"}, {\"accountRole\": \"user\", \"assignmentId\": 441, \"attendance\": \"present\", \"memberId\": \"57\", \"memberName\": \"Nadia\", \"role\": \"SPV\", \"roleId\": \"SPV\", \"slotId\": \"biasa:2026-05-12:18:00:SPV\", \"actualMemberId\": \"49\", \"actualMemberName\": \"Tyas\"}]', '[]', '[{\"name\": \"Lisa\", \"role\": \"Operator\", \"rating\": \"Sangat Baik\", \"note\": \"\"}, {\"name\": \"Stella\", \"role\": \"Kameramen\", \"rating\": \"Cukup\", \"note\": \"Telat 20 menit\"}, {\"name\": \"Tyas\", \"role\": \"SPV\", \"rating\": \"Perlu Pendampingan\", \"note\": \"telat 1 jam\"}]', 'salah fade slide doa komuni', '-', '{\"streaming_lancar\": true, \"koordinasi_baik\": false}', '', '[]', 'Kendala Serius (Urgent)', '2026-05-14 03:06:25'),
(4, 'misa_biasa', 'biasa:2026-05-03:18:30', '2026-05-03', '18:30:00', 'Misa Mingguan', 'Misa Biasa', 29, 'Jeni', 'Operator', '[{\"accountRole\": \"user\", \"assignmentId\": 279, \"attendance\": \"present\", \"memberId\": \"29\", \"memberName\": \"Jeni\", \"role\": \"Operator\", \"roleId\": \"Operator\", \"slotId\": \"biasa:2026-05-03:18:30:Operator\", \"actualMemberId\": \"29\", \"actualMemberName\": \"Jeni\"}, {\"accountRole\": \"user\", \"assignmentId\": 280, \"attendance\": \"present\", \"memberId\": \"37\", \"memberName\": \"Rikha\", \"role\": \"Kameramen\", \"roleId\": \"Kameramen\", \"slotId\": \"biasa:2026-05-03:18:30:Kameramen\", \"actualMemberId\": \"37\", \"actualMemberName\": \"Rikha\"}, {\"accountRole\": \"super_admin\", \"assignmentId\": 281, \"attendance\": \"present\", \"memberId\": \"6\", \"memberName\": \"Pria\", \"role\": \"SPV\", \"roleId\": \"SPV\", \"slotId\": \"biasa:2026-05-03:18:30:SPV\", \"actualMemberId\": \"6\", \"actualMemberName\": \"Pria\"}]', '[]', '[{\"name\": \"Jeni\", \"role\": \"Operator\", \"rating\": \"Sangat Baik\", \"note\": \"\"}, {\"name\": \"Rikha\", \"role\": \"Kameramen\", \"rating\": \"Sangat Baik\", \"note\": \"\"}, {\"name\": \"Pria\", \"role\": \"SPV\", \"rating\": \"Sangat Baik\", \"note\": \"\"}]', 'Microphone rosario meja Romo tidak bisa nyala', '-', '{\"streaming_lancar\": false, \"koordinasi_baik\": true}', '', '[]', 'Kendala Ringan', '2026-05-14 03:11:58'),
(5, 'misa_biasa', 'biasa:2026-05-04:18:00', '2026-05-04', '18:00:00', 'Misa Harian', 'Misa Biasa', 49, 'Tyas', 'Operator', '[{\"accountRole\": \"user\", \"assignmentId\": 314, \"attendance\": \"present\", \"memberId\": \"49\", \"memberName\": \"Tyas\", \"role\": \"Operator\", \"roleId\": \"Operator\", \"slotId\": \"biasa:2026-05-04:18:00:Operator\", \"actualMemberId\": \"49\", \"actualMemberName\": \"Tyas\"}, {\"accountRole\": \"admin\", \"assignmentId\": 315, \"attendance\": \"present\", \"memberId\": \"5\", \"memberName\": \"Katherine Ivana Hadi\", \"role\": \"Kameramen\", \"roleId\": \"Kameramen\", \"slotId\": \"biasa:2026-05-04:18:00:Kameramen\", \"actualMemberId\": \"77\", \"actualMemberName\": \"Ista\"}, {\"accountRole\": \"user\", \"assignmentId\": 350, \"attendance\": \"not_attend\", \"memberId\": \"77\", \"memberName\": \"Ista\", \"role\": \"SPV\", \"roleId\": \"SPV\", \"slotId\": \"biasa:2026-05-04:18:00:SPV\", \"actualMemberId\": \"\", \"actualMemberName\": \"Tidak datang\"}]', '[]', '[{\"name\": \"Tyas\", \"role\": \"Operator\", \"rating\": \"Cukup\", \"note\": \"op agak telat dikit dan op agak kurang fokus\"}, {\"name\": \"Ista\", \"role\": \"Kameramen\", \"rating\": \"Sangat Baik\", \"note\": \"\"}]', '-', '-', '{\"streaming_lancar\": false, \"koordinasi_baik\": true}', '', '[]', 'Kendala Ringan', '2026-05-14 03:14:21'),
(6, 'misa_biasa', 'biasa:2026-05-06:18:00', '2026-05-06', '18:00:00', 'Misa Harian', 'Misa Biasa', 59, 'Floren', 'Kameramen', '[{\"accountRole\": \"admin\", \"assignmentId\": 354, \"attendance\": \"not_attend\", \"memberId\": \"5\", \"memberName\": \"Katherine Ivana Hadi\", \"role\": \"Operator\", \"roleId\": \"Operator\", \"slotId\": \"biasa:2026-05-06:18:00:Operator\", \"actualMemberId\": \"\", \"actualMemberName\": \"Tidak datang\"}, {\"accountRole\": \"user\", \"assignmentId\": 355, \"attendance\": \"present\", \"memberId\": \"59\", \"memberName\": \"Floren\", \"role\": \"Kameramen\", \"roleId\": \"Kameramen\", \"slotId\": \"biasa:2026-05-06:18:00:Kameramen\", \"actualMemberId\": \"59\", \"actualMemberName\": \"Floren\"}, {\"accountRole\": \"user\", \"assignmentId\": 356, \"attendance\": \"present\", \"memberId\": \"25\", \"memberName\": \"Botun\", \"role\": \"SPV\", \"roleId\": \"SPV\", \"slotId\": \"biasa:2026-05-06:18:00:SPV\", \"actualMemberId\": \"25\", \"actualMemberName\": \"Botun\"}]', '[]', '[{\"name\": \"Floren\", \"role\": \"Kameramen\", \"rating\": \"Sangat Baik\", \"note\": \"\"}, {\"name\": \"Botun\", \"role\": \"SPV\", \"rating\": \"Sangat Baik\", \"note\": \"\"}]', '-', 'Tidak ada op', '{\"streaming_lancar\": true, \"koordinasi_baik\": true}', '', '[]', 'Kendala Ringan', '2026-05-14 03:15:55'),
(7, 'misa_biasa', 'biasa:2026-05-07:18:00', '2026-05-07', '18:00:00', 'Misa Harian', 'Misa Biasa', 49, 'Tyas', 'Operator', '[{\"accountRole\": \"user\", \"assignmentId\": 357, \"attendance\": \"present\", \"memberId\": \"49\", \"memberName\": \"Tyas\", \"role\": \"Operator\", \"roleId\": \"Operator\", \"slotId\": \"biasa:2026-05-07:18:00:Operator\", \"actualMemberId\": \"49\", \"actualMemberName\": \"Tyas\"}, {\"accountRole\": \"user\", \"assignmentId\": 358, \"attendance\": \"present\", \"memberId\": \"7\", \"memberName\": \"Aurel\", \"role\": \"Kameramen\", \"roleId\": \"Kameramen\", \"slotId\": \"biasa:2026-05-07:18:00:Kameramen\", \"actualMemberId\": \"7\", \"actualMemberName\": \"Aurel\"}, {\"accountRole\": \"user\", \"assignmentId\": 359, \"attendance\": \"present\", \"memberId\": \"22\", \"memberName\": \"Belinda\", \"role\": \"SPV\", \"roleId\": \"SPV\", \"slotId\": \"biasa:2026-05-07:18:00:SPV\", \"actualMemberId\": \"22\", \"actualMemberName\": \"Belinda\"}]', '[]', '[{\"name\": \"Tyas\", \"role\": \"Operator\", \"rating\": \"Cukup\", \"note\": \"op telatt datengnya pas mulai rosario peristiwa 1 karena ada kegiatan di luar, op agak ga fokus dan sempet salah nampilin juga yang awalnya mau nampilin lowthird malah nampilin anamnese\"}, {\"name\": \"Aurel\", \"role\": \"Kameramen\", \"rating\": \"Sangat Baik\", \"note\": \"\"}, {\"name\": \"Belinda\", \"role\": \"SPV\", \"rating\": \"Sangat Baik\", \"note\": \"\"}]', '-', '-', '{\"streaming_lancar\": true, \"koordinasi_baik\": true}', '', '[]', 'Aman', '2026-05-14 03:17:23'),
(8, 'misa_biasa', 'biasa:2026-05-08:18:00', '2026-05-08', '18:00:00', 'Misa Harian', 'Misa Biasa', 20, 'Asha', 'Operator', '[{\"accountRole\": \"user\", \"assignmentId\": 360, \"attendance\": \"present\", \"memberId\": \"20\", \"memberName\": \"Asha\", \"role\": \"Operator\", \"roleId\": \"Operator\", \"slotId\": \"biasa:2026-05-08:18:00:Operator\", \"actualMemberId\": \"20\", \"actualMemberName\": \"Asha\"}, {\"accountRole\": \"user\", \"assignmentId\": 361, \"attendance\": \"present\", \"memberId\": \"49\", \"memberName\": \"Tyas\", \"role\": \"Kameramen\", \"roleId\": \"Kameramen\", \"slotId\": \"biasa:2026-05-08:18:00:Kameramen\", \"actualMemberId\": \"49\", \"actualMemberName\": \"Tyas\"}, {\"accountRole\": \"user\", \"assignmentId\": 362, \"attendance\": \"present\", \"memberId\": \"25\", \"memberName\": \"Botun\", \"role\": \"SPV\", \"roleId\": \"SPV\", \"slotId\": \"biasa:2026-05-08:18:00:SPV\", \"actualMemberId\": \"25\", \"actualMemberName\": \"Botun\"}]', '[]', '[{\"name\": \"Asha\", \"role\": \"Operator\", \"rating\": \"Sangat Baik\", \"note\": \"\"}, {\"name\": \"Tyas\", \"role\": \"Kameramen\", \"rating\": \"Sangat Baik\", \"note\": \"\"}, {\"name\": \"Botun\", \"role\": \"SPV\", \"rating\": \"Sangat Baik\", \"note\": \"\"}]', '-', '-', '{\"streaming_lancar\": true, \"koordinasi_baik\": true}', '-', '[]', 'Aman', '2026-05-14 03:18:44'),
(9, 'misa_biasa', 'biasa:2026-05-09:18:00', '2026-05-09', '18:00:00', 'Misa Mingguan', 'Misa Biasa', 49, 'Tyas', 'Operator', '[{\"accountRole\": \"user\", \"assignmentId\": 363, \"attendance\": \"present\", \"memberId\": \"49\", \"memberName\": \"Tyas\", \"role\": \"Operator\", \"roleId\": \"Operator\", \"slotId\": \"biasa:2026-05-09:18:00:Operator\", \"actualMemberId\": \"49\", \"actualMemberName\": \"Tyas\"}, {\"accountRole\": \"user\", \"assignmentId\": 364, \"attendance\": \"present\", \"memberId\": \"55\", \"memberName\": \"Jeje\", \"role\": \"Kameramen\", \"roleId\": \"Kameramen\", \"slotId\": \"biasa:2026-05-09:18:00:Kameramen\", \"actualMemberId\": \"55\", \"actualMemberName\": \"Jeje\"}, {\"accountRole\": \"user\", \"assignmentId\": 365, \"attendance\": \"present\", \"memberId\": \"20\", \"memberName\": \"Asha\", \"role\": \"SPV\", \"roleId\": \"SPV\", \"slotId\": \"biasa:2026-05-09:18:00:SPV\", \"actualMemberId\": \"20\", \"actualMemberName\": \"Asha\"}]', '[]', '[{\"name\": \"Tyas\", \"role\": \"Operator\", \"rating\": \"Cukup\", \"note\": \"Op datengnya agak mepet, cam dan spv ga ada yang tugas dan akhirnya dibantu sama mas Jeje dan mba Asha, yang lain aman.\"}, {\"name\": \"Jeje\", \"role\": \"Kameramen\", \"rating\": \"Sangat Baik\", \"note\": \"\"}, {\"name\": \"Asha\", \"role\": \"SPV\", \"rating\": \"Sangat Baik\", \"note\": \"\"}]', '-', '-', '{\"streaming_lancar\": true, \"koordinasi_baik\": true}', '', '[]', 'Aman', '2026-05-14 03:19:54'),
(10, 'misa_biasa', 'biasa:2026-05-10:16:30', '2026-05-10', '16:30:00', 'Misa Mingguan', 'Misa Biasa', 42, 'Noel', 'Operator', '[{\"accountRole\": \"user\", \"assignmentId\": 372, \"attendance\": \"present\", \"memberId\": \"42\", \"memberName\": \"Noel\", \"role\": \"Operator\", \"roleId\": \"Operator\", \"slotId\": \"biasa:2026-05-10:16:30:Operator\", \"actualMemberId\": \"42\", \"actualMemberName\": \"Noel\"}, {\"accountRole\": \"user\", \"assignmentId\": 373, \"attendance\": \"present\", \"memberId\": \"49\", \"memberName\": \"Tyas\", \"role\": \"Kameramen\", \"roleId\": \"Kameramen\", \"slotId\": \"biasa:2026-05-10:16:30:Kameramen\", \"actualMemberId\": \"49\", \"actualMemberName\": \"Tyas\"}, {\"accountRole\": \"user\", \"assignmentId\": 374, \"attendance\": \"present\", \"memberId\": \"28\", \"memberName\": \"Ifa\", \"role\": \"SPV\", \"roleId\": \"SPV\", \"slotId\": \"biasa:2026-05-10:16:30:SPV\", \"actualMemberId\": \"28\", \"actualMemberName\": \"Ifa\"}]', '[]', '[{\"name\": \"Noel\", \"role\": \"Operator\", \"rating\": \"Sangat Baik\", \"note\": \"\"}, {\"name\": \"Tyas\", \"role\": \"Kameramen\", \"rating\": \"Sangat Baik\", \"note\": \"\"}, {\"name\": \"Ifa\", \"role\": \"SPV\", \"rating\": \"Sangat Baik\", \"note\": \"\"}]', '-', '-', '{\"streaming_lancar\": true, \"koordinasi_baik\": true}', '', '[]', 'Aman', '2026-05-14 03:20:56'),
(11, 'misa_biasa', 'biasa:2026-05-10:18:30', '2026-05-10', '18:30:00', 'Misa Mingguan', 'Misa Biasa', 61, 'Chessa', 'Operator', '[{\"accountRole\": \"user\", \"assignmentId\": 375, \"attendance\": \"present\", \"memberId\": \"61\", \"memberName\": \"Chessa\", \"role\": \"Operator\", \"roleId\": \"Operator\", \"slotId\": \"biasa:2026-05-10:18:30:Operator\", \"actualMemberId\": \"61\", \"actualMemberName\": \"Chessa\"}, {\"accountRole\": \"user\", \"assignmentId\": 376, \"attendance\": \"present\", \"memberId\": \"49\", \"memberName\": \"Tyas\", \"role\": \"Kameramen\", \"roleId\": \"Kameramen\", \"slotId\": \"biasa:2026-05-10:18:30:Kameramen\", \"actualMemberId\": \"49\", \"actualMemberName\": \"Tyas\"}, {\"accountRole\": \"super_admin\", \"assignmentId\": 377, \"attendance\": \"present\", \"memberId\": \"6\", \"memberName\": \"Pria\", \"role\": \"SPV\", \"roleId\": \"SPV\", \"slotId\": \"biasa:2026-05-10:18:30:SPV\", \"actualMemberId\": \"6\", \"actualMemberName\": \"Pria\"}]', '[]', '[{\"name\": \"Chessa\", \"role\": \"Operator\", \"rating\": \"Sangat Baik\", \"note\": \"\"}, {\"name\": \"Tyas\", \"role\": \"Kameramen\", \"rating\": \"Sangat Baik\", \"note\": \"\"}, {\"name\": \"Pria\", \"role\": \"SPV\", \"rating\": \"Sangat Baik\", \"note\": \"\"}]', '-', '-', '{\"streaming_lancar\": true, \"koordinasi_baik\": true}', '', '[]', 'Aman', '2026-05-14 03:22:11');

-- --------------------------------------------------------

--
-- Struktur dari tabel `streaming_evaluation_questions`
--

CREATE TABLE `streaming_evaluation_questions` (
  `id` varchar(100) NOT NULL,
  `label` varchar(500) NOT NULL,
  `question_type` varchar(40) NOT NULL DEFAULT 'short_text',
  `required` tinyint(1) NOT NULL DEFAULT 0,
  `help_text` text DEFAULT NULL,
  `options_json` longtext DEFAULT NULL,
  `order_index` int(11) NOT NULL DEFAULT 0,
  `created_at` datetime NOT NULL DEFAULT current_timestamp(),
  `updated_at` datetime NOT NULL DEFAULT current_timestamp() ON UPDATE current_timestamp()
) ENGINE=InnoDB DEFAULT CHARSET=utf8mb4 COLLATE=utf8mb4_general_ci;

-- --------------------------------------------------------

--
-- Struktur dari tabel `streaming_evaluation_settings`
--

CREATE TABLE `streaming_evaluation_settings` (
  `id` int(11) NOT NULL DEFAULT 1,
  `start_month` int(11) NOT NULL DEFAULT 5,
  `start_year` int(11) NOT NULL DEFAULT 2026,
  `updated_at` datetime NOT NULL DEFAULT current_timestamp() ON UPDATE current_timestamp()
) ENGINE=InnoDB DEFAULT CHARSET=utf8mb4 COLLATE=utf8mb4_general_ci;

--
-- Dumping data untuk tabel `streaming_evaluation_settings`
--

INSERT INTO `streaming_evaluation_settings` (`id`, `start_month`, `start_year`, `updated_at`) VALUES
(1, 5, 2026, '2026-05-14 01:33:29');

-- --------------------------------------------------------

--
-- Struktur dari tabel `streaming_roles`
--

CREATE TABLE `streaming_roles` (
  `id` int(11) NOT NULL,
  `role_name` varchar(100) NOT NULL,
  `order_index` int(11) NOT NULL DEFAULT 0
) ENGINE=InnoDB DEFAULT CHARSET=utf8mb4 COLLATE=utf8mb4_general_ci;

--
-- Dumping data untuk tabel `streaming_roles`
--

INSERT INTO `streaming_roles` (`id`, `role_name`, `order_index`) VALUES
(13, 'Operator', 1),
(14, 'Kameramen', 2),
(15, 'SPV', 3);

-- --------------------------------------------------------

--
-- Struktur dari tabel `streaming_weekly_config`
--

CREATE TABLE `streaming_weekly_config` (
  `id` int(11) NOT NULL,
  `day_name` varchar(20) NOT NULL,
  `start_time` time NOT NULL,
  `mass_name` varchar(255) NOT NULL
) ENGINE=InnoDB DEFAULT CHARSET=utf8mb4 COLLATE=utf8mb4_general_ci;

--
-- Dumping data untuk tabel `streaming_weekly_config`
--

INSERT INTO `streaming_weekly_config` (`id`, `day_name`, `start_time`, `mass_name`) VALUES
(47, 'Jumat', '18:00:00', 'Misa Harian'),
(48, 'Kamis', '18:00:00', 'Misa Harian'),
(49, 'Minggu', '10:00:00', 'Misa Mingguan'),
(50, 'Minggu', '16:30:00', 'Misa Mingguan'),
(51, 'Minggu', '18:30:00', 'Misa Mingguan'),
(52, 'Minggu', '07:30:00', 'Misa Mingguan'),
(53, 'Rabu', '18:00:00', 'Misa Harian'),
(54, 'Sabtu', '18:00:00', 'Misa Mingguan'),
(55, 'Selasa', '18:00:00', 'Misa Harian'),
(56, 'Senin', '18:00:00', 'Misa Harian');

-- --------------------------------------------------------

--
-- Struktur dari tabel `task_cancellations`
--

CREATE TABLE `task_cancellations` (
  `id` int(11) NOT NULL,
  `member_id` int(11) NOT NULL,
  `member_name` varchar(255) DEFAULT NULL,
  `kind` varchar(20) NOT NULL,
  `type_label` varchar(50) DEFAULT NULL,
  `misa_id` int(11) DEFAULT NULL,
  `role_id` int(11) DEFAULT NULL,
  `assignment_id` int(11) DEFAULT NULL,
  `schedule_date` date NOT NULL,
  `schedule_time` time NOT NULL,
  `misa_name` varchar(255) DEFAULT NULL,
  `role_name` varchar(100) DEFAULT NULL,
  `request_source` varchar(30) DEFAULT NULL,
  `cancelled_at` datetime NOT NULL DEFAULT current_timestamp(),
  `status` varchar(30) NOT NULL DEFAULT 'batal',
  `note` text DEFAULT NULL
) ENGINE=InnoDB DEFAULT CHARSET=utf8mb4 COLLATE=utf8mb4_general_ci;

--
-- Dumping data untuk tabel `task_cancellations`
--

INSERT INTO `task_cancellations` (`id`, `member_id`, `member_name`, `kind`, `type_label`, `misa_id`, `role_id`, `assignment_id`, `schedule_date`, `schedule_time`, `misa_name`, `role_name`, `request_source`, `cancelled_at`, `status`, `note`) VALUES
(1, 21, 'Aura', 'biasa', 'Misa Biasa', NULL, NULL, 188, '2026-05-20', '18:00:00', 'Misa Harian', 'Operator', 'admin', '2026-05-12 05:14:50', 'batal', NULL),
(2, 21, 'Aura', 'besar', 'Misa Besar', 15, 163, 132, '2026-05-28', '10:00:00', 'Tes Misa Besar Cancel Notif', 'PD', 'admin', '2026-05-12 05:19:07', 'batal', NULL),
(3, 21, 'Aura', 'biasa', 'Misa Biasa', NULL, NULL, 870, '2026-05-31', '18:30:00', 'Misa Mingguan', 'Kameramen', 'member_request', '2026-05-13 17:24:45', 'batal', NULL);

-- --------------------------------------------------------

--
-- Struktur dari tabel `task_exchange_requests`
--

CREATE TABLE `task_exchange_requests` (
  `id` int(11) NOT NULL,
  `requester_id` varchar(50) NOT NULL,
  `target_user_id` varchar(50) NOT NULL,
  `kind` varchar(20) NOT NULL DEFAULT 'biasa',
  `request_mode` varchar(30) NOT NULL DEFAULT 'swap',
  `my_assignment_id` int(11) DEFAULT NULL,
  `my_misa_id` int(11) DEFAULT NULL,
  `my_role_id` int(11) DEFAULT NULL,
  `my_type_label` varchar(80) DEFAULT NULL,
  `my_misa_name` varchar(255) DEFAULT NULL,
  `my_role_name` varchar(255) DEFAULT NULL,
  `my_schedule_date` date DEFAULT NULL,
  `my_schedule_time` time DEFAULT NULL,
  `target_assignment_id` int(11) DEFAULT NULL,
  `target_misa_id` int(11) DEFAULT NULL,
  `target_role_id` int(11) DEFAULT NULL,
  `target_type_label` varchar(80) DEFAULT NULL,
  `target_misa_name` varchar(255) DEFAULT NULL,
  `target_role_name` varchar(255) DEFAULT NULL,
  `target_schedule_date` date DEFAULT NULL,
  `target_schedule_time` time DEFAULT NULL,
  `reason` text DEFAULT NULL,
  `status` varchar(30) NOT NULL DEFAULT 'pending',
  `response_note` text DEFAULT NULL,
  `created_at` datetime NOT NULL DEFAULT current_timestamp(),
  `updated_at` datetime NOT NULL DEFAULT current_timestamp() ON UPDATE current_timestamp(),
  `responded_at` datetime DEFAULT NULL,
  `cancelled_at` datetime DEFAULT NULL,
  `auto_cancelled_at` datetime DEFAULT NULL
) ENGINE=InnoDB DEFAULT CHARSET=utf8mb4 COLLATE=utf8mb4_general_ci;

--
-- Dumping data untuk tabel `task_exchange_requests`
--

INSERT INTO `task_exchange_requests` (`id`, `requester_id`, `target_user_id`, `kind`, `request_mode`, `my_assignment_id`, `my_misa_id`, `my_role_id`, `my_type_label`, `my_misa_name`, `my_role_name`, `my_schedule_date`, `my_schedule_time`, `target_assignment_id`, `target_misa_id`, `target_role_id`, `target_type_label`, `target_misa_name`, `target_role_name`, `target_schedule_date`, `target_schedule_time`, `reason`, `status`, `response_note`, `created_at`, `updated_at`, `responded_at`, `cancelled_at`, `auto_cancelled_at`) VALUES
(2, '21', '6', 'biasa', 'substitute', 135, NULL, NULL, 'Misa Biasa', 'Misa Mingguan', 'Operator', '2026-05-30', '18:00:00', NULL, NULL, NULL, NULL, NULL, NULL, NULL, NULL, 'Tes Menggantikan aja super admin', 'accepted', NULL, '2026-05-12 18:32:28', '2026-05-12 18:32:54', '2026-05-12 18:32:54', NULL, NULL),
(3, '53', '21', 'besar', 'substitute', 134, 15, 165, 'Misa Besar', 'Tes Misa Besar Cancel Notif', 'Kamera', '2026-05-28', '10:00:00', NULL, NULL, NULL, NULL, NULL, NULL, NULL, NULL, 'Ada kegiatan kampus', 'accepted', NULL, '2026-05-12 18:35:28', '2026-05-12 18:37:23', '2026-05-12 18:37:23', NULL, NULL),
(4, '21', '53', 'besar', 'swap', 134, 15, 165, 'Misa Besar', 'Tes Misa Besar Cancel Notif', 'Kamera', '2026-05-28', '10:00:00', 128, 6, 139, 'Misa Besar', 'Misa Pentahbisan', 'Fotografer', '2026-05-31', '14:56:00', 'Tes Tukeran misa besar aura tukar ke daflo misa pentahbisan', 'accepted', NULL, '2026-05-12 18:38:38', '2026-05-12 18:39:14', '2026-05-12 18:39:14', NULL, NULL);

-- --------------------------------------------------------

--
-- Struktur dari tabel `tentang_crembo_config`
--

CREATE TABLE `tentang_crembo_config` (
  `id` int(11) NOT NULL,
  `description` text DEFAULT NULL,
  `button_text` varchar(255) DEFAULT NULL,
  `button_link` varchar(255) DEFAULT NULL,
  `auto_seconds` int(11) DEFAULT 5
) ENGINE=InnoDB DEFAULT CHARSET=utf8mb4 COLLATE=utf8mb4_general_ci;

--
-- Dumping data untuk tabel `tentang_crembo_config`
--

INSERT INTO `tentang_crembo_config` (`id`, `description`, `button_text`, `button_link`, `auto_seconds`) VALUES
(1, 'Ringkasan profil organisasi, visi pelayanan multimedia, serta peran Crembo dalam mendukung kegiatan liturgi dan agenda komunitas. Konten ini nantinya diatur dari panel admin setelah loginnn', 'Pelajari Lebih Lanjut', 'https://www.instagram.com/crembo_media?utm_source=ig_web_button_share_sheet&igsh=ZDNlZDc0MzIxNw==', 5);

-- --------------------------------------------------------

--
-- Struktur dari tabel `tentang_crembo_media`
--

CREATE TABLE `tentang_crembo_media` (
  `id` varchar(100) NOT NULL,
  `type` varchar(50) DEFAULT 'image',
  `url` text DEFAULT NULL,
  `order_index` int(11) DEFAULT 0,
  `is_visible` tinyint(1) DEFAULT 1
) ENGINE=InnoDB DEFAULT CHARSET=utf8mb4 COLLATE=utf8mb4_general_ci;

--
-- Dumping data untuk tabel `tentang_crembo_media`
--

INSERT INTO `tentang_crembo_media` (`id`, `type`, `url`, `order_index`, `is_visible`) VALUES
('about-img-1777487364855-0', 'image', 'uploads/foto_baju_koki_1777487364.jpg', 2, 1),
('about-img-1777487374027-0', 'image', 'uploads/sertifikat-anggota-zxczxczxc_1777487374.jpg', 3, 1),
('vid-1777487425472', 'video', 'https://youtu.be/_GVYvIC-6fA?si=HRMlwiYHctAeuNeT', 1, 1);

-- --------------------------------------------------------

--
-- Struktur dari tabel `youtube_embeds`
--

CREATE TABLE `youtube_embeds` (
  `id` varchar(100) NOT NULL,
  `url` varchar(255) NOT NULL,
  `order_index` int(11) DEFAULT 0,
  `is_visible` tinyint(1) DEFAULT 1
) ENGINE=InnoDB DEFAULT CHARSET=utf8mb4 COLLATE=utf8mb4_general_ci;

--
-- Dumping data untuk tabel `youtube_embeds`
--

INSERT INTO `youtube_embeds` (`id`, `url`, `order_index`, `is_visible`) VALUES
('yt-1777497207553', 'https://youtu.be/7y3AlFqobck?si=HoSKCZdrYLbPr3PB', 3, 1),
('yt-1777497242761', 'https://youtu.be/tPIDedX3zQ4?si=VHukpSDtC64xZ49s', 2, 1),
('yt-1777497264044', 'https://youtu.be/PWkkMvsp4Ws?si=SvjcHAqsgWNJ3518', 4, 1),
('yt-1777504238859', 'https://youtu.be/d5mZ5SKWIx4?si=uguT4CisV_sxs6la', 5, 1),
('yt-1777640091613', 'https://www.youtube.com/watch?v=4hQmwBd70eI&list=PLK7ZkEoQFKXKbArZITSM5ZFH4N9zNcdKS', 1, 1);

--
-- Indexes for dumped tables
--

--
-- Indeks untuk tabel `agendas`
--
ALTER TABLE `agendas`
  ADD PRIMARY KEY (`id`);

--
-- Indeks untuk tabel `anggota`
--
ALTER TABLE `anggota`
  ADD PRIMARY KEY (`id`),
  ADD UNIQUE KEY `uniq_anggota_username` (`username`);

--
-- Indeks untuk tabel `carousel_slides`
--
ALTER TABLE `carousel_slides`
  ADD PRIMARY KEY (`id`);

--
-- Indeks untuk tabel `form_kerusakan_barang`
--
ALTER TABLE `form_kerusakan_barang`
  ADD PRIMARY KEY (`id`),
  ADD KEY `idx_damage_status` (`status`),
  ADD KEY `idx_damage_member` (`member_id`),
  ADD KEY `idx_damage_created` (`created_at`);

--
-- Indeks untuk tabel `google_maps_embed`
--
ALTER TABLE `google_maps_embed`
  ADD PRIMARY KEY (`id`);

--
-- Indeks untuk tabel `instagram_posts`
--
ALTER TABLE `instagram_posts`
  ADD PRIMARY KEY (`id_instagram`);

--
-- Indeks untuk tabel `kegiatan`
--
ALTER TABLE `kegiatan`
  ADD PRIMARY KEY (`id`);

--
-- Indeks untuk tabel `kegiatan_form`
--
ALTER TABLE `kegiatan_form`
  ADD PRIMARY KEY (`id`),
  ADD UNIQUE KEY `uniq_kegiatan_form_slug` (`slug`);

--
-- Indeks untuk tabel `loan_requests`
--
ALTER TABLE `loan_requests`
  ADD PRIMARY KEY (`id`),
  ADD KEY `idx_loan_status` (`status`),
  ADD KEY `idx_loan_member` (`member_id`);

--
-- Indeks untuk tabel `misa_besar`
--
ALTER TABLE `misa_besar`
  ADD PRIMARY KEY (`id`);

--
-- Indeks untuk tabel `misa_besar_assignments`
--
ALTER TABLE `misa_besar_assignments`
  ADD PRIMARY KEY (`id`),
  ADD UNIQUE KEY `uniq_role_member` (`role_id`,`member_id`),
  ADD KEY `member_id` (`member_id`);

--
-- Indeks untuk tabel `misa_besar_names`
--
ALTER TABLE `misa_besar_names`
  ADD PRIMARY KEY (`id`),
  ADD KEY `misa_id` (`misa_id`);

--
-- Indeks untuk tabel `monthly_task_settings`
--
ALTER TABLE `monthly_task_settings`
  ADD PRIMARY KEY (`id`);

--
-- Indeks untuk tabel `news`
--
ALTER TABLE `news`
  ADD PRIMARY KEY (`id`),
  ADD UNIQUE KEY `slug` (`slug`);

--
-- Indeks untuk tabel `news_categories`
--
ALTER TABLE `news_categories`
  ADD PRIMARY KEY (`id`),
  ADD UNIQUE KEY `name` (`name`),
  ADD UNIQUE KEY `slug` (`slug`);

--
-- Indeks untuk tabel `news_category_mapping`
--
ALTER TABLE `news_category_mapping`
  ADD PRIMARY KEY (`id`),
  ADD UNIQUE KEY `unique_news_category` (`news_id`,`category_id`),
  ADD KEY `category_id` (`category_id`);

--
-- Indeks untuk tabel `notifications`
--
ALTER TABLE `notifications`
  ADD PRIMARY KEY (`id`);

--
-- Indeks untuk tabel `notification_reads`
--
ALTER TABLE `notification_reads`
  ADD PRIMARY KEY (`notification_id`,`user_key`);

--
-- Indeks untuk tabel `organization_profiles`
--
ALTER TABLE `organization_profiles`
  ADD PRIMARY KEY (`id`);

--
-- Indeks untuk tabel `registration_forms`
--
ALTER TABLE `registration_forms`
  ADD PRIMARY KEY (`id`),
  ADD KEY `idx_registration_forms_target` (`target`),
  ADD KEY `idx_registration_forms_visibility` (`visibility`),
  ADD KEY `idx_registration_forms_dates` (`open_date`,`close_date`);

--
-- Indeks untuk tabel `registration_form_submissions`
--
ALTER TABLE `registration_form_submissions`
  ADD PRIMARY KEY (`id`),
  ADD UNIQUE KEY `uniq_registration_submission` (`form_id`,`submitter_key`),
  ADD KEY `idx_registration_submissions_form` (`form_id`),
  ADD KEY `idx_registration_submissions_submitter` (`submitter_key`);

--
-- Indeks untuk tabel `sertifikat_config`
--
ALTER TABLE `sertifikat_config`
  ADD PRIMARY KEY (`id`);

--
-- Indeks untuk tabel `streaming_assignments`
--
ALTER TABLE `streaming_assignments`
  ADD PRIMARY KEY (`id`),
  ADD UNIQUE KEY `uniq_assignment` (`schedule_date`,`schedule_time`,`role_name`),
  ADD KEY `fk_assign_member` (`member_id`);

--
-- Indeks untuk tabel `streaming_cancelled`
--
ALTER TABLE `streaming_cancelled`
  ADD PRIMARY KEY (`id`);

--
-- Indeks untuk tabel `streaming_evaluations`
--
ALTER TABLE `streaming_evaluations`
  ADD PRIMARY KEY (`id`),
  ADD UNIQUE KEY `uniq_streaming_evaluation_schedule` (`schedule_kind`,`schedule_key`),
  ADD KEY `idx_streaming_eval_date` (`schedule_date`,`schedule_time`),
  ADD KEY `idx_streaming_eval_kind` (`schedule_kind`);

--
-- Indeks untuk tabel `streaming_evaluation_questions`
--
ALTER TABLE `streaming_evaluation_questions`
  ADD PRIMARY KEY (`id`);

--
-- Indeks untuk tabel `streaming_evaluation_settings`
--
ALTER TABLE `streaming_evaluation_settings`
  ADD PRIMARY KEY (`id`);

--
-- Indeks untuk tabel `streaming_roles`
--
ALTER TABLE `streaming_roles`
  ADD PRIMARY KEY (`id`),
  ADD UNIQUE KEY `uniq_role_name` (`role_name`);

--
-- Indeks untuk tabel `streaming_weekly_config`
--
ALTER TABLE `streaming_weekly_config`
  ADD PRIMARY KEY (`id`);

--
-- Indeks untuk tabel `task_cancellations`
--
ALTER TABLE `task_cancellations`
  ADD PRIMARY KEY (`id`),
  ADD KEY `idx_task_cancel_member` (`member_id`),
  ADD KEY `idx_task_cancel_date` (`schedule_date`),
  ADD KEY `idx_task_cancel_kind` (`kind`);

--
-- Indeks untuk tabel `task_exchange_requests`
--
ALTER TABLE `task_exchange_requests`
  ADD PRIMARY KEY (`id`),
  ADD KEY `idx_exchange_requester` (`requester_id`),
  ADD KEY `idx_exchange_target` (`target_user_id`),
  ADD KEY `idx_exchange_status` (`status`),
  ADD KEY `idx_exchange_my_date` (`my_schedule_date`);

--
-- Indeks untuk tabel `tentang_crembo_config`
--
ALTER TABLE `tentang_crembo_config`
  ADD PRIMARY KEY (`id`);

--
-- Indeks untuk tabel `tentang_crembo_media`
--
ALTER TABLE `tentang_crembo_media`
  ADD PRIMARY KEY (`id`);

--
-- Indeks untuk tabel `youtube_embeds`
--
ALTER TABLE `youtube_embeds`
  ADD PRIMARY KEY (`id`);

--
-- AUTO_INCREMENT untuk tabel yang dibuang
--

--
-- AUTO_INCREMENT untuk tabel `misa_besar`
--
ALTER TABLE `misa_besar`
  MODIFY `id` int(11) NOT NULL AUTO_INCREMENT, AUTO_INCREMENT=21;

--
-- AUTO_INCREMENT untuk tabel `misa_besar_assignments`
--
ALTER TABLE `misa_besar_assignments`
  MODIFY `id` int(11) NOT NULL AUTO_INCREMENT, AUTO_INCREMENT=150;

--
-- AUTO_INCREMENT untuk tabel `misa_besar_names`
--
ALTER TABLE `misa_besar_names`
  MODIFY `id` int(11) NOT NULL AUTO_INCREMENT, AUTO_INCREMENT=181;

--
-- AUTO_INCREMENT untuk tabel `news_category_mapping`
--
ALTER TABLE `news_category_mapping`
  MODIFY `id` int(11) NOT NULL AUTO_INCREMENT, AUTO_INCREMENT=42;

--
-- AUTO_INCREMENT untuk tabel `sertifikat_config`
--
ALTER TABLE `sertifikat_config`
  MODIFY `id` int(11) NOT NULL AUTO_INCREMENT, AUTO_INCREMENT=2;

--
-- AUTO_INCREMENT untuk tabel `streaming_assignments`
--
ALTER TABLE `streaming_assignments`
  MODIFY `id` int(11) NOT NULL AUTO_INCREMENT, AUTO_INCREMENT=901;

--
-- AUTO_INCREMENT untuk tabel `streaming_cancelled`
--
ALTER TABLE `streaming_cancelled`
  MODIFY `id` int(11) NOT NULL AUTO_INCREMENT, AUTO_INCREMENT=10;

--
-- AUTO_INCREMENT untuk tabel `streaming_evaluations`
--
ALTER TABLE `streaming_evaluations`
  MODIFY `id` int(11) NOT NULL AUTO_INCREMENT, AUTO_INCREMENT=12;

--
-- AUTO_INCREMENT untuk tabel `streaming_roles`
--
ALTER TABLE `streaming_roles`
  MODIFY `id` int(11) NOT NULL AUTO_INCREMENT, AUTO_INCREMENT=16;

--
-- AUTO_INCREMENT untuk tabel `streaming_weekly_config`
--
ALTER TABLE `streaming_weekly_config`
  MODIFY `id` int(11) NOT NULL AUTO_INCREMENT, AUTO_INCREMENT=57;

--
-- AUTO_INCREMENT untuk tabel `task_cancellations`
--
ALTER TABLE `task_cancellations`
  MODIFY `id` int(11) NOT NULL AUTO_INCREMENT, AUTO_INCREMENT=4;

--
-- AUTO_INCREMENT untuk tabel `task_exchange_requests`
--
ALTER TABLE `task_exchange_requests`
  MODIFY `id` int(11) NOT NULL AUTO_INCREMENT, AUTO_INCREMENT=5;

--
-- AUTO_INCREMENT untuk tabel `tentang_crembo_config`
--
ALTER TABLE `tentang_crembo_config`
  MODIFY `id` int(11) NOT NULL AUTO_INCREMENT, AUTO_INCREMENT=2;

--
-- Ketidakleluasaan untuk tabel pelimpahan (Dumped Tables)
--

--
-- Ketidakleluasaan untuk tabel `misa_besar_assignments`
--
ALTER TABLE `misa_besar_assignments`
  ADD CONSTRAINT `misa_besar_assignments_ibfk_1` FOREIGN KEY (`role_id`) REFERENCES `misa_besar_names` (`id`) ON DELETE CASCADE,
  ADD CONSTRAINT `misa_besar_assignments_ibfk_2` FOREIGN KEY (`member_id`) REFERENCES `anggota` (`id`) ON DELETE CASCADE;

--
-- Ketidakleluasaan untuk tabel `misa_besar_names`
--
ALTER TABLE `misa_besar_names`
  ADD CONSTRAINT `misa_besar_names_ibfk_1` FOREIGN KEY (`misa_id`) REFERENCES `misa_besar` (`id`) ON DELETE CASCADE;

--
-- Ketidakleluasaan untuk tabel `news_category_mapping`
--
ALTER TABLE `news_category_mapping`
  ADD CONSTRAINT `news_category_mapping_ibfk_1` FOREIGN KEY (`news_id`) REFERENCES `news` (`id`) ON DELETE CASCADE,
  ADD CONSTRAINT `news_category_mapping_ibfk_2` FOREIGN KEY (`category_id`) REFERENCES `news_categories` (`id`) ON DELETE CASCADE;

--
-- Ketidakleluasaan untuk tabel `registration_form_submissions`
--
ALTER TABLE `registration_form_submissions`
  ADD CONSTRAINT `fk_registration_submissions_form` FOREIGN KEY (`form_id`) REFERENCES `registration_forms` (`id`) ON DELETE CASCADE;

--
-- Ketidakleluasaan untuk tabel `streaming_assignments`
--
ALTER TABLE `streaming_assignments`
  ADD CONSTRAINT `fk_assign_member` FOREIGN KEY (`member_id`) REFERENCES `anggota` (`id`) ON DELETE CASCADE;
COMMIT;

/*!40101 SET CHARACTER_SET_CLIENT=@OLD_CHARACTER_SET_CLIENT */;
/*!40101 SET CHARACTER_SET_RESULTS=@OLD_CHARACTER_SET_RESULTS */;
/*!40101 SET COLLATION_CONNECTION=@OLD_COLLATION_CONNECTION */;
